bentuk,berkas,jenis_aturan,sasaran,nilai
Activity/Property-Set,AddClassofBusiness.xml,Rule-Obj-Activity,.Detail(<APPEND>).ID,""""""
Activity/Property-Set,AddClassofBusiness.xml,Rule-Obj-Activity,.Detail(<LAST>).ParentID,.pxListSubscript
Activity/Property-Set,AddClassofBusiness.xml,Rule-Obj-Activity,.Detail(<LAST>).TreatyType,.TreatyType
Activity/Property-Set,AddCommentList_Act.xml,Rule-Obj-Activity,TreatyIn.CommentList(<APPEND>).Date,@CurrentDateTime()
Activity/Property-Set,AddCommentList_Act.xml,Rule-Obj-Activity,TreatyIn.CommentList(<LAST>).IsApproved,"""Accept"""
Activity/Property-Set,AddCommentList_Act.xml,Rule-Obj-Activity,TreatyIn.CommentList(<LAST>).IsApproved,TreatyIn.StatusAkseptasi
Activity/Property-Set,AddCommentList_Act.xml,Rule-Obj-Activity,TreatyIn.CommentList(<LAST>).OperatorName,OperatorID.pxInsName
Activity/Property-Set,AddCommentList_Act.xml,Rule-Obj-Activity,TreatyIn.CommentList(<LAST>).Suggest,"""Revision after acceptation; "" + TreatyIn.Comment"
Activity/Property-Set,AddCommentList_Act.xml,Rule-Obj-Activity,TreatyIn.CommentList(<LAST>).Suggest,TreatyIn.Comment
Activity/Property-Set,AddDeduction.xml,Rule-Obj-Activity,.DeductionList(<APPEND>).Currency,.Currency
Activity/Property-Set,AddDeduction.xml,Rule-Obj-Activity,.DeductionList(<APPEND>).Currency,.CurrencyIOOLimit
Activity/Property-Set,AddDelSpreadingTreatyin.xml,Rule-Obj-Activity,.SpreadingList(<LAST>).Pct,0
Activity/Property-Set,AddDelSpreadingTreatyin.xml,Rule-Obj-Activity,.SpreadingList(<append>).pxObjClass,"""ASM-FW-GISFW-Data-TreatyInLimitsSpreading"""
Activity/Property-Set,AddDelSpreadingTreatyin.xml,Rule-Obj-Activity,TempSprd.TreatyGroupID,.TreatyGroupID
Activity/Property-Set,AddFacRetroProp.xml,Rule-Obj-Activity,TreatyIn.ShareFacultativeReinsurers(<APPEND>).pxCreateOpName,pxRequestor.pxUserIdentifier
Activity/Property-Set,AddFacRetroProp.xml,Rule-Obj-Activity,TreatyIn.ShareFacultativeReinsurers(<LAST>).BrokerName,"""Select..."""
Activity/Property-Set,AddFacRetroProp.xml,Rule-Obj-Activity,TreatyIn.ShareFacultativeReinsurers(<LAST>).FacultativeLimits(<append>).TreatyTypeID,.TreatyTypeID
Activity/Property-Set,AddFacRetroProp.xml,Rule-Obj-Activity,TreatyIn.ShareFacultativeReinsurers(<LAST>).FacultativeLimits(<last>).Detail(<append>).RNMShare,.RNMShare
Activity/Property-Set,AddFacRetroProp.xml,Rule-Obj-Activity,TreatyIn.ShareFacultativeReinsurers(<LAST>).FacultativeLimits(<last>).Detail(<last>).CessionList,.CessionList
Activity/Property-Set,AddFacRetroProp.xml,Rule-Obj-Activity,TreatyIn.ShareFacultativeReinsurers(<LAST>).FacultativeLimits(<last>).Detail(<last>).CessionPct,.CessionPct
Activity/Property-Set,AddFacRetroProp.xml,Rule-Obj-Activity,TreatyIn.ShareFacultativeReinsurers(<LAST>).FacultativeLimits(<last>).Detail(<last>).IOOLimitList,.IOOLimitList
Activity/Property-Set,AddFacRetroProp.xml,Rule-Obj-Activity,TreatyIn.ShareFacultativeReinsurers(<LAST>).FacultativeLimits(<last>).Detail(<last>).QSPct,.QSPct
Activity/Property-Set,AddFacRetroProp.xml,Rule-Obj-Activity,TreatyIn.ShareFacultativeReinsurers(<LAST>).FacultativeLimits(<last>).Detail(<last>).RNMShareList,.RNMShareList
Activity/Property-Set,AddFacRetroProp.xml,Rule-Obj-Activity,TreatyIn.ShareFacultativeReinsurers(<LAST>).FacultativeLimits(<last>).Detail(<last>).RetentionPct,.RetentionPct
Activity/Property-Set,AddFacRetroProp.xml,Rule-Obj-Activity,TreatyIn.ShareFacultativeReinsurers(<LAST>).FacultativeLimits(<last>).Detail(<last>).ShareNote,.ShareNote
Activity/Property-Set,AddFacRetroProp.xml,Rule-Obj-Activity,TreatyIn.ShareFacultativeReinsurers(<LAST>).FacultativeLimits(<last>).Detail(<last>).TreatyGroup,.TreatyGroup
Activity/Property-Set,AddFacRetroProp.xml,Rule-Obj-Activity,TreatyIn.ShareFacultativeReinsurers(<LAST>).FacultativeLimits(<last>).Detail(<last>).TreatyGroupID,.TreatyGroupID
Activity/Property-Set,AddFacRetroProp.xml,Rule-Obj-Activity,TreatyIn.ShareFacultativeReinsurers(<LAST>).FacultativeLimits(<last>).Detail(<last>).TreatyType,.TreatyType
Activity/Property-Set,AddFacRetroProp.xml,Rule-Obj-Activity,TreatyIn.ShareFacultativeReinsurers(<LAST>).FacultativeLimits(<last>).TreatyType,.TreatyType
Activity/Property-Set,AddFacRetroProp.xml,Rule-Obj-Activity,TreatyIn.ShareFacultativeReinsurers(<LAST>).ReinsName,"""Select..."""
Activity/Property-Set,AddFacRetroProp.xml,Rule-Obj-Activity,TreatyIn.ShareFacultativeReinsurers(<LAST>).pxCreateDateTime,@CurrentDateTime()
Activity/Property-Set,AddSpreadingXOL.xml,Rule-Obj-Activity,.SpreadingListXOL(<LAST>).Pct,0
Activity/Property-Set,AddSpreadingXOL.xml,Rule-Obj-Activity,.SpreadingListXOL(<append>).pxObjClass,"""ASM-FW-GISFW-Data-TreatyInLimitsSpreading"""
Activity/Property-Set,AddSpreadingXOL.xml,Rule-Obj-Activity,TempSprd.TreatyGroupID,.TreatyGroupID
Activity/Property-Set,AddSpreadingXOL.xml,Rule-Obj-Activity,TempSprd.TreatyGroupID,.TreatyGroupList(1).TreatyGroupID
Activity/Property-Set,AddValue.xml,Rule-Obj-Activity,.CashLossList(<APPEND>).ID,""""""
Activity/Property-Set,AddValue.xml,Rule-Obj-Activity,.ClaimCoopList(<APPEND>).ID,""""""
Activity/Property-Set,AddValue.xml,Rule-Obj-Activity,.EPIList(<APPEND>).ID,""""""
Activity/Property-Set,AddValue.xml,Rule-Obj-Activity,.PLAList(<APPEND>).ID,""""""
Activity/Property-Set,AddValue.xml,Rule-Obj-Activity,.ReserveList(<APPEND>).ID,""""""
Activity/Property-Set,Akseptasi_Act.xml,Rule-Obj-Activity,TreatyIn.Comment,""""""
Activity/Property-Set,CalculateDeduction.xml,Rule-Obj-Activity,.DeductionList(param.index).Currency,.GrossPremiumList(1).Currency
Activity/Property-Set,CalculateDeduction.xml,Rule-Obj-Activity,.DeductionList(param.index).CurrencyID,.GrossPremiumList(1).CurrencyID
Activity/Property-Set,CalculateDeduction.xml,Rule-Obj-Activity,.DeductionList(param.index).Deduction,"@divide(.DeductionList(param.index).DeductionPct,100,4) * .GrossPremiumList(1).Value"
Activity/Property-Set,CalculateDeduction.xml,Rule-Obj-Activity,.Value,.Value + Local.deduction
Activity/Property-Set,CalculateDeduction.xml,Rule-Obj-Activity,Local.currency,.Currency
Activity/Property-Set,CalculateDeduction.xml,Rule-Obj-Activity,Local.deduction,.Deduction
Activity/Property-Set,CalculateDeduction.xml,Rule-Obj-Activity,Local.test,0
Activity/Property-Set,CalculateDeduction.xml,Rule-Obj-Activity,Local.test,1
Activity/Property-Set,CalculateDeduction.xml,Rule-Obj-Activity,Param.errmsg,"""Gross Premium (MDP) is still empty"""
Activity/Property-Set,CalculateDeduction.xml,Rule-Obj-Activity,Primary.DeductionList(<APPEND>).Comment,Primary.DeductionList(param.index).Comment
Activity/Property-Set,CalculateDeduction.xml,Rule-Obj-Activity,Primary.DeductionList(<APPEND>).Deduction,
Activity/Property-Set,CalculateDeduction.xml,Rule-Obj-Activity,Primary.DeductionList(<LAST>).Currency,.Currency
Activity/Property-Set,CalculateDeduction.xml,Rule-Obj-Activity,Primary.DeductionList(<LAST>).CurrencyID,.CurrencyID
Activity/Property-Set,CalculateDeduction.xml,Rule-Obj-Activity,Primary.DeductionList(<LAST>).Deduction,"@divide(Primary.DeductionList(param.index).DeductionPct,100,4) * .Value"
Activity/Property-Set,CalculateDeduction.xml,Rule-Obj-Activity,Primary.DeductionList(<LAST>).DeductionPct,Primary.DeductionList(param.index).DeductionPct
Activity/Property-Set,CalculateDeduction.xml,Rule-Obj-Activity,Primary.DeductionTotalList(<APPEND>).Currency,.Currency
Activity/Property-Set,CalculateDeduction.xml,Rule-Obj-Activity,Primary.DeductionTotalList(<LAST>).Value,.Deduction
Activity/Property-Set,CalculateDeduction.xml,Rule-Obj-Activity,Primary.NetPremiumList(<APPEND>).Currency,.Currency
Activity/Property-Set,CalculateDeduction.xml,Rule-Obj-Activity,Primary.NetPremiumList(<LAST>).CurrencyID,.CurrencyID
Activity/Property-Set,CalculateDeduction.xml,Rule-Obj-Activity,Primary.NetPremiumList(<LAST>).Value,local.Premi
Activity/Property-Set,CalculateDeduction.xml,Rule-Obj-Activity,local.Premi,.Value
Activity/Property-Set,CalculateDeduction.xml,Rule-Obj-Activity,local.Premi,local.Premi - .Deduction
Activity/Property-Set,CalculateDeduction.xml,Rule-Obj-Activity,local.currency,.Currency
Activity/Property-Set,CalculateORRItoRetro.xml,Rule-Obj-Activity,Primary.RNMSpreadedListDeductRIXOL(<APPEND>).CurrencyID,.CurrencyID
Activity/Property-Set,CalculateORRItoRetro.xml,Rule-Obj-Activity,Primary.RNMSpreadedListDeductRIXOL(<LAST>).Currency,.Currency
Activity/Property-Set,CalculateORRItoRetro.xml,Rule-Obj-Activity,Primary.RNMSpreadedListDeductRIXOL(<LAST>).Value,".Value * @if(local.pct = 0, 0, @divide(local.pct,100,4))"
Activity/Property-Set,CalculateORRItoRetro.xml,Rule-Obj-Activity,Primary.RNMSpreadedListDeductXOL(<APPEND>).CurrencyID,.CurrencyID
Activity/Property-Set,CalculateORRItoRetro.xml,Rule-Obj-Activity,Primary.RNMSpreadedListDeductXOL(<LAST>).Currency,.Currency
Activity/Property-Set,CalculateORRItoRetro.xml,Rule-Obj-Activity,Primary.RNMSpreadedListDeductXOL(<LAST>).Value,".Value * @if(local.pct = 0, 0, @divide(local.pct,100,4))"
Activity/Property-Set,CalculateORRItoRetro.xml,Rule-Obj-Activity,Primary.RNMSpreadedListGrossRIXOL(<APPEND>).CurrencyID,.CurrencyID
Activity/Property-Set,CalculateORRItoRetro.xml,Rule-Obj-Activity,Primary.RNMSpreadedListGrossRIXOL(<LAST>).Currency,.Currency
Activity/Property-Set,CalculateORRItoRetro.xml,Rule-Obj-Activity,Primary.RNMSpreadedListGrossRIXOL(<LAST>).Value,".Value * @if(local.pct = 0, 0, @divide(local.pct,100,4))"
Activity/Property-Set,CalculateORRItoRetro.xml,Rule-Obj-Activity,Primary.RNMSpreadedListGrossXOL(<APPEND>).CurrencyID,.CurrencyID
Activity/Property-Set,CalculateORRItoRetro.xml,Rule-Obj-Activity,Primary.RNMSpreadedListGrossXOL(<LAST>).Currency,.Currency
Activity/Property-Set,CalculateORRItoRetro.xml,Rule-Obj-Activity,Primary.RNMSpreadedListGrossXOL(<LAST>).Value,".Value * @if(local.pct = 0, 0, @divide(local.pct,100,4))"
Activity/Property-Set,CalculateORRItoRetro.xml,Rule-Obj-Activity,Primary.RNMSpreadedListNetRIXOL(<APPEND>).CurrencyID,.CurrencyID
Activity/Property-Set,CalculateORRItoRetro.xml,Rule-Obj-Activity,Primary.RNMSpreadedListNetRIXOL(<LAST>).Currency,.Currency
Activity/Property-Set,CalculateORRItoRetro.xml,Rule-Obj-Activity,Primary.RNMSpreadedListNetRIXOL(<LAST>).Value,".Value * @if(local.pct = 0, 0, @divide(local.pct,100,4))"
Activity/Property-Set,CalculateORRItoRetro.xml,Rule-Obj-Activity,Primary.RNMSpreadedListNetXOL(<APPEND>).CurrencyID,.CurrencyID
Activity/Property-Set,CalculateORRItoRetro.xml,Rule-Obj-Activity,Primary.RNMSpreadedListNetXOL(<LAST>).Currency,.Currency
Activity/Property-Set,CalculateORRItoRetro.xml,Rule-Obj-Activity,Primary.RNMSpreadedListNetXOL(<LAST>).Value,".Value * @if(local.pct = 0, 0, @divide(local.pct,100,4))"
Activity/Property-Set,CalculateORRItoRetro.xml,Rule-Obj-Activity,Primary.RNMSpreadedListRIXOL(<APPEND>).CurrencyID,.CurrencyID
Activity/Property-Set,CalculateORRItoRetro.xml,Rule-Obj-Activity,Primary.RNMSpreadedListRIXOL(<LAST>).Currency,.Currency
Activity/Property-Set,CalculateORRItoRetro.xml,Rule-Obj-Activity,Primary.RNMSpreadedListRIXOL(<LAST>).Value,".Value * @if(local.pct = 0, 0, @divide(local.pct,100,4))"
Activity/Property-Set,CalculateORRItoRetro.xml,Rule-Obj-Activity,Primary.RNMSpreadedListXOL(<APPEND>).CurrencyID,.CurrencyID
Activity/Property-Set,CalculateORRItoRetro.xml,Rule-Obj-Activity,Primary.RNMSpreadedListXOL(<LAST>).Currency,.Currency
Activity/Property-Set,CalculateORRItoRetro.xml,Rule-Obj-Activity,Primary.RNMSpreadedListXOL(<LAST>).Value,".Value * @if(local.pct = 0, 0, @divide(local.pct,100,4))"
Activity/Property-Set,CalculateORRItoRetro.xml,Rule-Obj-Activity,local.pct,.Pct
Activity/Property-Set,CalculateORRItoRetro.xml,Rule-Obj-Activity,local.reinstypename,.ReinsTypeName
Activity/Property-Set,CalculateRetroSumary.xml,Rule-Obj-Activity,.Deductible,"@If(local.currency==""IDR"",.Deductible+local.deduction,.Deductible)"
Activity/Property-Set,CalculateRetroSumary.xml,Rule-Obj-Activity,.Deductible2,"@If(local.currency==""USD"",.Deductible2+local.deduction,.Deductible2)"
Activity/Property-Set,CalculateRetroSumary.xml,Rule-Obj-Activity,.Limit,"@If(local.currency==""IDR"",.Limit+local.value,.Limit)"
Activity/Property-Set,CalculateRetroSumary.xml,Rule-Obj-Activity,.Limit2,"@If(local.currency==""USD"",.Limit2+local.value,.Limit2)"
Activity/Property-Set,CalculateRetroSumary.xml,Rule-Obj-Activity,.MDP,"@If(local.currency==""IDR"",.MDP+local.value,.MDP)"
Activity/Property-Set,CalculateRetroSumary.xml,Rule-Obj-Activity,.MDP2,"@If(local.currency==""USD"",.MDP2+local.value,.MDP2)"
Activity/Property-Set,CalculateRetroSumary.xml,Rule-Obj-Activity,.NetPremi,"@If(local.currency==""IDR"",.NetPremi+local.value,.NetPremi)"
Activity/Property-Set,CalculateRetroSumary.xml,Rule-Obj-Activity,.NetPremi2,"@If(local.currency==""USD"",.NetPremi2+local.value,.NetPremi2)"
Activity/Property-Set,CalculateRetroSumary.xml,Rule-Obj-Activity,.Note,".LayerType+ .Layer+"" of ""+ .LayerPartType+ .LayerPart"
Activity/Property-Set,CalculateRetroSumary.xml,Rule-Obj-Activity,TempLimit.pxResults(<APPEND>).LayerType,local.layertype
Activity/Property-Set,CalculateRetroSumary.xml,Rule-Obj-Activity,TempLimit.pxResults(<LAST>).Layer,local.layer
Activity/Property-Set,CalculateRetroSumary.xml,Rule-Obj-Activity,TempLimit.pxResults(<LAST>).LayerPart,local.layerpart
Activity/Property-Set,CalculateRetroSumary.xml,Rule-Obj-Activity,TempLimit.pxResults(<LAST>).LayerPartType,local.layerparttype
Activity/Property-Set,CalculateRetroSumary.xml,Rule-Obj-Activity,TempLimit.pxResults(<LAST>).Limit,"@If(local.currency==""IDR"",local.value,0)"
Activity/Property-Set,CalculateRetroSumary.xml,Rule-Obj-Activity,TempLimit.pxResults(<LAST>).Limit2,"@If(local.currency==""USD"",local.value,0)"
Activity/Property-Set,CalculateRetroSumary.xml,Rule-Obj-Activity,local.count,0
Activity/Property-Set,CalculateRetroSumary.xml,Rule-Obj-Activity,local.currency,.Currency
Activity/Property-Set,CalculateRetroSumary.xml,Rule-Obj-Activity,local.deduction,.Deduction
Activity/Property-Set,CalculateRetroSumary.xml,Rule-Obj-Activity,local.flag,0
Activity/Property-Set,CalculateRetroSumary.xml,Rule-Obj-Activity,local.flag,1
Activity/Property-Set,CalculateRetroSumary.xml,Rule-Obj-Activity,local.layer,.Layer
Activity/Property-Set,CalculateRetroSumary.xml,Rule-Obj-Activity,local.layerpart,.LayerPart
Activity/Property-Set,CalculateRetroSumary.xml,Rule-Obj-Activity,local.layerparttype,.LayerPartType
Activity/Property-Set,CalculateRetroSumary.xml,Rule-Obj-Activity,local.layertype,.LayerType
Activity/Property-Set,CalculateRetroSumary.xml,Rule-Obj-Activity,local.value,.Value
Activity/Property-Set,CalculateRetroTotal.xml,Rule-Obj-Activity,.Value,.Value + Local.Value
Activity/Property-Set,CalculateRetroTotal.xml,Rule-Obj-Activity,.Value,.Value + local.Value
Activity/Property-Set,CalculateRetroTotal.xml,Rule-Obj-Activity,.Value,.Value+ Local.Value
Activity/Property-Set,CalculateRetroTotal.xml,Rule-Obj-Activity,Local.Currency,.Currency
Activity/Property-Set,CalculateRetroTotal.xml,Rule-Obj-Activity,Local.Value,.Value
Activity/Property-Set,CalculateRetroTotal.xml,Rule-Obj-Activity,Local.test,0
Activity/Property-Set,CalculateRetroTotal.xml,Rule-Obj-Activity,Local.test,1
Activity/Property-Set,CalculateRetroTotal.xml,Rule-Obj-Activity,Primary.TotalDeduction(<APPEND>).Currency,.Currency
Activity/Property-Set,CalculateRetroTotal.xml,Rule-Obj-Activity,Primary.TotalDeduction(<LAST>).CurrencyID,.CurrencyID
Activity/Property-Set,CalculateRetroTotal.xml,Rule-Obj-Activity,Primary.TotalDeduction(<LAST>).Value,.Value
Activity/Property-Set,CalculateRetroTotal.xml,Rule-Obj-Activity,Primary.TotalNet(<APPEND>).Currency,.Currency
Activity/Property-Set,CalculateRetroTotal.xml,Rule-Obj-Activity,Primary.TotalNet(<LAST>).CurrencyID,.CurrencyID
Activity/Property-Set,CalculateRetroTotal.xml,Rule-Obj-Activity,Primary.TotalNet(<LAST>).Value,.Value
Activity/Property-Set,CalculateRetroTotal.xml,Rule-Obj-Activity,Primary.TotalNetOR(<APPEND>).Currency,.Currency
Activity/Property-Set,CalculateRetroTotal.xml,Rule-Obj-Activity,Primary.TotalNetOR(<LAST>).CurrencyID,.CurrencyID
Activity/Property-Set,CalculateRetroTotal.xml,Rule-Obj-Activity,Primary.TotalNetOR(<LAST>).Value,.Value
Activity/Property-Set,CalculateRetroTotal.xml,Rule-Obj-Activity,Primary.TotalNetRI(<APPEND>).Currency,.Currency
Activity/Property-Set,CalculateRetroTotal.xml,Rule-Obj-Activity,Primary.TotalNetRI(<LAST>).CurrencyID,.CurrencyID
Activity/Property-Set,CalculateRetroTotal.xml,Rule-Obj-Activity,Primary.TotalNetRI(<LAST>).Value,.Value
Activity/Property-Set,CalculateRetroTotal.xml,Rule-Obj-Activity,Primary.TotalPremium(<APPEND>).Currency,.Currency
Activity/Property-Set,CalculateRetroTotal.xml,Rule-Obj-Activity,Primary.TotalPremium(<LAST>).CurrencyID,.CurrencyID
Activity/Property-Set,CalculateRetroTotal.xml,Rule-Obj-Activity,Primary.TotalPremium(<LAST>).Value,.Value
Activity/Property-Set,CalculateRetroTotal.xml,Rule-Obj-Activity,Primary.TotalShare(<APPEND>).Currency,.Currency
Activity/Property-Set,CalculateRetroTotal.xml,Rule-Obj-Activity,Primary.TotalShare(<LAST>).CurrencyID,.CurrencyID
Activity/Property-Set,CalculateRetroTotal.xml,Rule-Obj-Activity,Primary.TotalShare(<LAST>).Value,.Value
Activity/Property-Set,CalculateRetroTotal.xml,Rule-Obj-Activity,Primary.TotalShareOR(<APPEND>).Currency,.Currency
Activity/Property-Set,CalculateRetroTotal.xml,Rule-Obj-Activity,Primary.TotalShareOR(<LAST>).CurrencyID,.CurrencyID
Activity/Property-Set,CalculateRetroTotal.xml,Rule-Obj-Activity,Primary.TotalShareOR(<LAST>).Value,.Value
Activity/Property-Set,CalculateRetroTotal.xml,Rule-Obj-Activity,Primary.TotalShareRI(<APPEND>).Currency,.Currency
Activity/Property-Set,CalculateRetroTotal.xml,Rule-Obj-Activity,Primary.TotalShareRI(<LAST>).CurrencyID,.CurrencyID
Activity/Property-Set,CalculateRetroTotal.xml,Rule-Obj-Activity,Primary.TotalShareRI(<LAST>).Value,.Value
Activity/Property-Set,CalculateRetroTotal.xml,Rule-Obj-Activity,TempCurrGrandTotalLimit.pxResults(<APPEND>).Currency,.Currency
Activity/Property-Set,CalculateRetroTotal.xml,Rule-Obj-Activity,param.deductiblecurrency,.LayerList(1).Currency
Activity/Property-Set,CalculateRetroTotal.xml,Rule-Obj-Activity,param.deductiblevalue,.LayerList(1).Deductible + @toDecimal(param.deductiblevalue)
Activity/Property-Set,CalculateRetroTotal.xml,Rule-Obj-Activity,param.limitcurrency,.LayerList(1).Currency
Activity/Property-Set,CalculateRetroTotal.xml,Rule-Obj-Activity,param.limitvalue,.LayerList(1).IOOLimit + @toDecimal(param.limitvalue)
Activity/Property-Set,CalculateShareList.xml,Rule-Obj-Activity,LOCAL.SHARENOTEQS,""" of "" + Primary.CessionPct + ""% of "" + ""100%"""
Activity/Property-Set,CalculateShareList.xml,Rule-Obj-Activity,LOCAL.SHARENOTESPL,""" of ""  + ""100%"""
Activity/Property-Set,CalculateShareList.xml,Rule-Obj-Activity,Primary.RNMShareList(<APPEND>).Currency,.Currency
Activity/Property-Set,CalculateShareList.xml,Rule-Obj-Activity,Primary.RNMShareList(<LAST>).Value,".Value * @divide(TreatyIn.RNMShareP, 100, 20)"
Activity/Property-Set,CalculateShareList.xml,Rule-Obj-Activity,Primary.RNMShareList(<LAST>).Value,".Value * @divide(primary.RNMShare, 100, 20)"
Activity/Property-Set,CalculateShareList.xml,Rule-Obj-Activity,Primary.ShareNote,""" of ""  + ""100%"""
Activity/Property-Set,CalculateShareList.xml,Rule-Obj-Activity,Primary.ShareNote,"@if(Param.TreatyType = ""QUOTA SHARE"",LOCAL.SHARENOTEQS,LOCAL.SHARENOTESPL)"
Activity/Property-Set,CalculateSharePctToRetro.xml,Rule-Obj-Activity,.DeductionList(1).Comment,"""Comm to NuRe"""
Activity/Property-Set,CalculateSharePctToRetro.xml,Rule-Obj-Activity,.DeductionList(1).Currency,
Activity/Property-Set,CalculateSharePctToRetro.xml,Rule-Obj-Activity,.RnmGrossPremiDisplay,.GrossPremiumList
Activity/Property-Set,CalculateSharePctToRetro.xml,Rule-Obj-Activity,.RnmLimitListDisplay,.RnmLimitList
Activity/Property-Set,CalculateSharePctToRetro.xml,Rule-Obj-Activity,.SpreadingListXOL,Primary.RetroSpreadingList
Activity/Property-Set,CalculateSharePctToRetro.xml,Rule-Obj-Activity,.SpreadingTotalPctXOL,Primary.RetroTotalPct
Activity/Property-Set,CalculateSharePctToRetro.xml,Rule-Obj-Activity,.SpreadingTypeIDXOL,Primary.RetroTypeID
Activity/Property-Set,CalculateSharePctToRetro.xml,Rule-Obj-Activity,.SpreadingTypeXOL,Primary.RetroType
Activity/Property-Set,CalculateSharePctToRetro.xml,Rule-Obj-Activity,.Value,Primary.Share(Local.index).GrossPremiumList(.pxListSubscript).Value
Activity/Property-Set,CalculateSharePctToRetro.xml,Rule-Obj-Activity,Local.Index2,
Activity/Property-Set,CalculateSharePctToRetro.xml,Rule-Obj-Activity,Local.index,.pxListSubscript
Activity/Property-Set,CalculateSharePctToRetro.xml,Rule-Obj-Activity,Local.shareidx,.pxListSubscript
Activity/Property-Set,CalculateSharePctToRetro.xml,Rule-Obj-Activity,Primary.Share(<APPEND>).LayerType,.LayerType
Activity/Property-Set,CalculateSharePctToRetro.xml,Rule-Obj-Activity,Primary.Share(<LAST>).ClassofBusinessList,.LayerList
Activity/Property-Set,CalculateSharePctToRetro.xml,Rule-Obj-Activity,Primary.Share(<LAST>).Cover,.Cover
Activity/Property-Set,CalculateSharePctToRetro.xml,Rule-Obj-Activity,Primary.Share(<LAST>).GrossPremiumList(<APPEND>).Currency,.Currency
Activity/Property-Set,CalculateSharePctToRetro.xml,Rule-Obj-Activity,Primary.Share(<LAST>).GrossPremiumList(<LAST>).Value,".Value * @if(Primary.RetroPct = 0, 0, @divide(Primary.RetroPct,100,4))"
Activity/Property-Set,CalculateSharePctToRetro.xml,Rule-Obj-Activity,Primary.Share(<LAST>).Layer,.Layer
Activity/Property-Set,CalculateSharePctToRetro.xml,Rule-Obj-Activity,Primary.Share(<LAST>).LayerPart,.LayerPart
Activity/Property-Set,CalculateSharePctToRetro.xml,Rule-Obj-Activity,Primary.Share(<LAST>).LayerPartType,.LayerPartType
Activity/Property-Set,CalculateSharePctToRetro.xml,Rule-Obj-Activity,Primary.Share(<LAST>).RnmLimitList(<APPEND>).Currency,.Currency
Activity/Property-Set,CalculateSharePctToRetro.xml,Rule-Obj-Activity,Primary.Share(<LAST>).RnmLimitList(<APPEND>).Currency,.Currency2
Activity/Property-Set,CalculateSharePctToRetro.xml,Rule-Obj-Activity,Primary.Share(<LAST>).RnmLimitList(<LAST>).Value,".Limit * @if(Primary.RetroPct = 0, 0, @divide(Primary.RetroPct,100,4))"
Activity/Property-Set,CalculateSharePctToRetro.xml,Rule-Obj-Activity,Primary.Share(<LAST>).RnmLimitList(<LAST>).Value,".Limit2 * @if(Primary.RetroPct = 0, 0, @divide(Primary.RetroPct,100,4))"
Activity/Property-Set,CalculateSharePctToRetro.xml,Rule-Obj-Activity,Primary.Share(<LAST>).TreatyGroupList,.TreatyGroupList
Activity/Property-Set,CalculateSharePctToRetro.xml,Rule-Obj-Activity,Primary.Share(local.shareidx).DeductionList(1).Comment,"""Comm to NuRe"""
Activity/Property-Set,CalculateSharePctToRetro.xml,Rule-Obj-Activity,Primary.Share(local.shareidx).DeductionList(1).Currency,.Currency
Activity/Property-Set,CalculateSharePctToRetro.xml,Rule-Obj-Activity,Primary.Share(local.shareidx).DeductionList(1).CurrencyID,.CurrencyID
Activity/Property-Set,CalculateSharePctToRetro.xml,Rule-Obj-Activity,Primary.Share(local.shareidx).DeductionList(1).Deduction,".Value * @if(Primary.RetroBrokerage = 0, 0, @divide(Primary.RetroBrokerage,100,4))"
Activity/Property-Set,CalculateSharePctToRetro.xml,Rule-Obj-Activity,Primary.Share(local.shareidx).DeductionTotalList(<APPEND>).Value,".Value * @if(Primary.RetroBrokerage = 0, 0, @divide(Primary.RetroBrokerage,100,4))"
Activity/Property-Set,CalculateSharePctToRetro.xml,Rule-Obj-Activity,Primary.Share(local.shareidx).DeductionTotalList(<LAST>).Currency,.Currency
Activity/Property-Set,CalculateSharePctToRetro.xml,Rule-Obj-Activity,Primary.Share(local.shareidx).DeductionTotalList(<LAST>).CurrencyID,.CurrencyID
Activity/Property-Set,CalculateSharePctToRetro.xml,Rule-Obj-Activity,Primary.Share(local.shareidx).NetPremiumList(<APPEND>).Value,Primary.Share(local.shareidx).GrossPremiumList(<CURRENT>).Value - .Value
Activity/Property-Set,CalculateSharePctToRetro.xml,Rule-Obj-Activity,Primary.Share(local.shareidx).NetPremiumList(<LAST>).Currency,.Currency
Activity/Property-Set,CalculateSharePctToRetro.xml,Rule-Obj-Activity,Primary.Share(local.shareidx).NetPremiumList(<LAST>).CurrencyID,.CurrencyID
Activity/Property-Set,CalculateSharePctToRetro.xml,Rule-Obj-Activity,local.shareidx,.pxListSubscript
Activity/Property-Set,ChangeDokument_Act.xml,Rule-Obj-Activity,StatusDoc.CARI12,.ID
Activity/Property-Set,ChangeDokument_Act.xml,Rule-Obj-Activity,StatusDoc.CARI30,0
Activity/Property-Set,ChangeDokument_Act.xml,Rule-Obj-Activity,StatusDoc.CARI30,1
Activity/Property-Set,ChangeDokument_Act.xml,Rule-Obj-Activity,StatusDoc.CARI31,.pyCategory
Activity/Property-Set,CheckDuplicateOffer.xml,Rule-Obj-Activity,Local.ErrMSG,"""Sudah Ada Claim Untuk IDMASTER ini , Tidak bisa Revisi"""
Activity/Property-Set,CheckDuplicateOffer.xml,Rule-Obj-Activity,Local.Flag,0
Activity/Property-Set,CheckDuplicateOffer.xml,Rule-Obj-Activity,Local.Flag,1
Activity/Property-Set,CheckDuplicateOffer.xml,Rule-Obj-Activity,Param.CedingID,TreatyIn.CedingID
Activity/Property-Set,CheckDuplicateOffer.xml,Rule-Obj-Activity,Param.Commencement,TreatyIn.Commencement
Activity/Property-Set,CheckDuplicateOffer.xml,Rule-Obj-Activity,Param.LeadingReinsSourceID,TreatyIn.LeadingReinsSourceID
Activity/Property-Set,CheckDuplicateOffer.xml,Rule-Obj-Activity,Param.Termination,TreatyIn.Termination
Activity/Property-Set,CheckDuplicateOffer.xml,Rule-Obj-Activity,Param.pyReportClass,"""ASM-FW-GISFW-Int-TREATY_IN"""
Activity/Property-Set,CheckDuplicateOffer.xml,Rule-Obj-Activity,Param.pyReportName,"""BrowseTREATY_IN"""
Activity/Property-Set,CheckDuplicateOffer.xml,Rule-Obj-Activity,TreatyWarning.CAIREINSFACIN,Param.ID
Activity/Property-Set,CheckDuplicateOffer.xml,Rule-Obj-Activity,TreatyWarning.CARI1,""""""
Activity/Property-Set,CheckDuplicateOffer.xml,Rule-Obj-Activity,TreatyWarning.CARI1,"TreatyWarning.CARI1 + ""Have similarities in SoB, Ceding, and Period, please check for duplicates"""
Activity/Property-Set,CheckDuplicateOffer.xml,Rule-Obj-Activity,TreatyWarning.CARI1,"TreatyWarning.CARI1 +""ID "" + .ID + "", """
Activity/Property-Set,ConvertHistoryDate.xml,Rule-Obj-Activity,.ConvertDate,1
Activity/Property-Set,ConvertHistoryDate.xml,Rule-Obj-Activity,.Date,"@DateTime.addCalendar(.Date,0,0,0,0,7,0,0)"
Activity/Property-Set,CopyLastLimitNP.xml,Rule-Obj-Activity,TreatyIn.Limits(local.countlimit).Currency,TreatyIn.Limits(local.countlimit-1).Currency
Activity/Property-Set,CopyLastLimitNP.xml,Rule-Obj-Activity,TreatyIn.Limits(local.countlimit).Deductible,TreatyIn.Limits(local.countlimit-1).Deductible + TreatyIn.Limits(local.countlimit-1).Limit
Activity/Property-Set,CopyLastLimitNP.xml,Rule-Obj-Activity,TreatyIn.Limits(local.countlimit).Layer,TreatyIn.Limits(local.countlimit-1).Layer
Activity/Property-Set,CopyLastLimitNP.xml,Rule-Obj-Activity,TreatyIn.Limits(local.countlimit).LayerPart,TreatyIn.Limits(local.countlimit-1).LayerPart
Activity/Property-Set,CopyLastLimitNP.xml,Rule-Obj-Activity,TreatyIn.Limits(local.countlimit).LayerPartType,TreatyIn.Limits(local.countlimit-1).LayerPartType
Activity/Property-Set,CopyLastLimitNP.xml,Rule-Obj-Activity,TreatyIn.Limits(local.countlimit).LayerType,TreatyIn.Limits(local.countlimit-1).LayerType
Activity/Property-Set,CopyLastLimitNP.xml,Rule-Obj-Activity,TreatyIn.Limits(local.countlimit).Limit,TreatyIn.Limits(local.countlimit-1).Limit
Activity/Property-Set,CopyLastLimitNP.xml,Rule-Obj-Activity,local.countlimit,@SizeOfPropertyList(TreatyIn.Limits)
Activity/Property-Set,CountRetroShare_Act.xml,Rule-Obj-Activity,.RNMShare,Primary.SharePct
Activity/Property-Set,CountRetroShare_Act.xml,Rule-Obj-Activity,.Value,Local.Value + .Value
Activity/Property-Set,CountRetroShare_Act.xml,Rule-Obj-Activity,Local.Currency,.Currency
Activity/Property-Set,CountRetroShare_Act.xml,Rule-Obj-Activity,Local.Err,"""Total Percentage Must "" +TreatyIn.FacultativeShare + ""%"""
Activity/Property-Set,CountRetroShare_Act.xml,Rule-Obj-Activity,Local.TotalPct,0
Activity/Property-Set,CountRetroShare_Act.xml,Rule-Obj-Activity,Local.TotalPct,Local.TotalPct +.SharePct
Activity/Property-Set,CountRetroShare_Act.xml,Rule-Obj-Activity,Local.Value,.Value
Activity/Property-Set,CountRetroShare_Act.xml,Rule-Obj-Activity,Local.test,0
Activity/Property-Set,CountRetroShare_Act.xml,Rule-Obj-Activity,Local.test,1
Activity/Property-Set,CountRetroShare_Act.xml,Rule-Obj-Activity,Primary.TotalShareRnmProp(<APPEND>).Currency,.Currency
Activity/Property-Set,CountRetroShare_Act.xml,Rule-Obj-Activity,Primary.TotalShareRnmProp(<LAST>).Value,.Value
Activity/Property-Set,DeleteGoogleStorage_Act.xml,Rule-Obj-Activity,ParamJSON.App,.App
Activity/Property-Set,DeleteGoogleStorage_Act.xml,Rule-Obj-Activity,ParamJSON.Kodestring,.Kodestring
Activity/Property-Set,DeleteGoogleStorage_Act.xml,Rule-Obj-Activity,ParamJSON.Namafile,"@replaceAll(.Folder,""gs://""+.App+""/"","""")"
Activity/Property-Set,DeleteGoogleStorage_Act.xml,Rule-Obj-Activity,UploadDoc.ImageID,Param.ImageID
Activity/Property-Set,DeleteGoogleStorage_Act.xml,Rule-Obj-Activity,UploadDoc.JSON,@GetPageJSONString()
Activity/Property-Set,Delete_act.xml,Rule-Obj-Activity,StatusDoc.CARI10,@ASM.GetPageJSONString()
Activity/Property-Set,Delete_act.xml,Rule-Obj-Activity,StatusDoc.CARI12,Param.ID
Activity/Property-Set,DetailCalculation.xml,Rule-Obj-Activity,.EgnpiVal,.EgnpiVal - 7
Activity/Property-Set,DetailCalculation.xml,Rule-Obj-Activity,.EgnpiVal,Local.Value
Activity/Property-Set,DetailCalculation.xml,Rule-Obj-Activity,Local.Commencement,"TreatyIn.Commencement+ ""T150000.000 GMT"""
Activity/Property-Set,DetailCalculation.xml,Rule-Obj-Activity,Local.Currency,.Currency
Activity/Property-Set,DetailCalculation.xml,Rule-Obj-Activity,Local.Currency,.EgnpiCurr
Activity/Property-Set,DetailCalculation.xml,Rule-Obj-Activity,Local.Prorate,"@divide(Local.month, 12,20)"
Activity/Property-Set,DetailCalculation.xml,Rule-Obj-Activity,Local.TNOP,Param.TNOP
Activity/Property-Set,DetailCalculation.xml,Rule-Obj-Activity,Local.Termination,"TreatyIn.Termination+ ""T150000.000 GMT"""
Activity/Property-Set,DetailCalculation.xml,Rule-Obj-Activity,Local.Value,.pxListSubscript
Activity/Property-Set,DetailCalculation.xml,Rule-Obj-Activity,Local.Value,0
Activity/Property-Set,DetailCalculation.xml,Rule-Obj-Activity,Local.Value,Local.Value + .EgnpiVal
Activity/Property-Set,DetailCalculation.xml,Rule-Obj-Activity,Local.cobegnpi,.ClassOfBusiness
Activity/Property-Set,DetailCalculation.xml,Rule-Obj-Activity,Local.idxCOB,.pxListSubscript
Activity/Property-Set,DetailCalculation.xml,Rule-Obj-Activity,Local.idxLayer,.Layer
Activity/Property-Set,DetailCalculation.xml,Rule-Obj-Activity,Local.idxLayer,.pxListSubscript
Activity/Property-Set,DetailCalculation.xml,Rule-Obj-Activity,Local.month,"@DateTimeDifference(Local.Commencement, Local.Termination, 'M')+1"
Activity/Property-Set,DetailCalculation.xml,Rule-Obj-Activity,Param.mdperr,"""MDP% must not be empty"""
Activity/Property-Set,DetailCalculation.xml,Rule-Obj-Activity,Primary.MDPList(<APPEND>).Currency,.Currency
Activity/Property-Set,DetailCalculation.xml,Rule-Obj-Activity,Primary.MDPList(<LAST>).Value,.Value * local.mdprate
Activity/Property-Set,DetailCalculation.xml,Rule-Obj-Activity,Primary.MDPMinList(<APPEND>).Currency,.Currency
Activity/Property-Set,DetailCalculation.xml,Rule-Obj-Activity,Primary.MDPMinList(<LAST>).Value,.Value * local.mdpminrate
Activity/Property-Set,DetailCalculation.xml,Rule-Obj-Activity,Primary.PremiumEarnedList(<APPEND>).Currency,.Currency
Activity/Property-Set,DetailCalculation.xml,Rule-Obj-Activity,Primary.PremiumEarnedList(<LAST>).Value,"@if(Local.TNOP==""tnop"",.Value * local.adjrate*Local.Prorate,.Value * local.adjrate)"
Activity/Property-Set,DetailCalculation.xml,Rule-Obj-Activity,TempCurr.pxResults(<APPEND>).CurrencyID,.CurrencyID
Activity/Property-Set,DetailCalculation.xml,Rule-Obj-Activity,TempCurr.pxResults(<APPEND>).EgnpiVal,.Amount
Activity/Property-Set,DetailCalculation.xml,Rule-Obj-Activity,TempCurr.pxResults(<LAST>).ClassOfBusiness,.ClassOfBusiness
Activity/Property-Set,DetailCalculation.xml,Rule-Obj-Activity,TempCurr.pxResults(<LAST>).ClassOfBusiness,Local.idxCOB
Activity/Property-Set,DetailCalculation.xml,Rule-Obj-Activity,TempCurr.pxResults(<LAST>).Cover,Local.cobegnpi
Activity/Property-Set,DetailCalculation.xml,Rule-Obj-Activity,TempCurr.pxResults(<LAST>).Currency,.Currency
Activity/Property-Set,DetailCalculation.xml,Rule-Obj-Activity,TempCurr.pxResults(<LAST>).EgnpiCurr,.Currency
Activity/Property-Set,DetailCalculation.xml,Rule-Obj-Activity,TempCurr.pxResults(<LAST>).EgnpiVal,.Amount
Activity/Property-Set,DetailCalculation.xml,Rule-Obj-Activity,TempCurr.pxResults(<LAST>).Layer,Local.idxLayer
Activity/Property-Set,DetailCalculation.xml,Rule-Obj-Activity,local.adjrate,"@divide(.AdjRate,100,20)"
Activity/Property-Set,DetailCalculation.xml,Rule-Obj-Activity,local.cob,.ClassOfBusiness
Activity/Property-Set,DetailCalculation.xml,Rule-Obj-Activity,local.egnpi,.Amount
Activity/Property-Set,DetailCalculation.xml,Rule-Obj-Activity,local.egnpicurr,.Currency
Activity/Property-Set,DetailCalculation.xml,Rule-Obj-Activity,local.egnpiidr,.AmountIDR
Activity/Property-Set,DetailCalculation.xml,Rule-Obj-Activity,local.mdpminrate,"@if(.MDPMinPct==0,0,@divide(.MDPMinPct,100,20))"
Activity/Property-Set,DetailCalculation.xml,Rule-Obj-Activity,local.mdprate,"@divide(.MDPPct,100,20)"
Activity/Property-Set,DetailCalculationROL.xml,Rule-Obj-Activity,.ROLPct,"@toDecimal(@if(Local.TotalLimit==0, 9989998, @divide(local.TotalPremi, Local.TotalLimit, 8))) * 100"
Activity/Property-Set,DetailCalculationROL.xml,Rule-Obj-Activity,Local.TotalLimit,Local.TotalLimit + (@toDecimal(Param.Limit1) * .Conversion)
Activity/Property-Set,DetailCalculationROL.xml,Rule-Obj-Activity,Local.TotalLimit,Local.TotalLimit + (@toDecimal(Param.Limit2) * .Conversion)
Activity/Property-Set,DetailCalculationROL.xml,Rule-Obj-Activity,Local.TotalLimit,"Local.TotalLimit +@IF(.Currency==""IDR"", (@toDecimal(Param.Limit1) ), (@toDecimal(Param.Limit2)) * .Conversion)"
Activity/Property-Set,DetailCalculationROL.xml,Rule-Obj-Activity,Local.TotalLimit,"Local.TotalLimit+(@IF(.Currency==""IDR"",(@toDecimal(Param.Limit1)),(@toDecimal(Param.Limit2)))*.Conversion)"
Activity/Property-Set,DetailCalculationROL.xml,Rule-Obj-Activity,Local.errmsg,"""100% Limit must not be empty"""
Activity/Property-Set,DetailCalculationROL.xml,Rule-Obj-Activity,Param.Currency,.Currency
Activity/Property-Set,DetailCalculationROL.xml,Rule-Obj-Activity,Param.CurrencyRelation,.CurrencyRelation
Activity/Property-Set,DetailCalculationROL.xml,Rule-Obj-Activity,Param.Limit1,.Limit
Activity/Property-Set,DetailCalculationROL.xml,Rule-Obj-Activity,Param.Limit2,.Limit2
Activity/Property-Set,DetailCalculationROL.xml,Rule-Obj-Activity,Param.LimitCurr1,.Currency
Activity/Property-Set,DetailCalculationROL.xml,Rule-Obj-Activity,Param.LimitCurr2,.Currency2
Activity/Property-Set,DetailCalculationROL.xml,Rule-Obj-Activity,Param.Value,.Value
Activity/Property-Set,DetailCalculationROL.xml,Rule-Obj-Activity,Testing.CARI10,Local.TotalLimit
Activity/Property-Set,DetailCalculationROL.xml,Rule-Obj-Activity,Testing.CARI9,Local.TotalLimit
Activity/Property-Set,DetailCalculationROL.xml,Rule-Obj-Activity,local.TotalPremi,local.TotalPremi + (@toDecimal(Param.Value) * .Conversion)
Activity/Property-Set,DownloadAll_Act.xml,Rule-Obj-Activity,DropFile.pyFileSource,Param.FileBase64
Activity/Property-Set,DownloadAll_Act.xml,Rule-Obj-Activity,Param.FileURL,DropFile.url
Activity/Property-Set,DownloadAttachmentTreaty.xml,Rule-Obj-Activity,LinkDocument.url,"""https://view.officeapps.live.com/op/view.aspx?src=""+@encodeURL(LinkDocument.url)"
Activity/Property-Set,DownloadAttachmentTreaty.xml,Rule-Obj-Activity,Param.JSON,"@(Pega-RULES:Page).pxConvertStringToPage(tools, DropFile, TempAttach.HASIL1,""json"")"
Activity/Property-Set,DownloadAttachmentTreaty.xml,Rule-Obj-Activity,StatusDoc.CARI12,Param.ID
Activity/Property-Set,FetchQSfromMaster.xml,Rule-Obj-Activity,.RNMSpreadedList,""""""
Activity/Property-Set,FetchQSfromMaster.xml,Rule-Obj-Activity,.RNMSpreadedListRI,""""""
Activity/Property-Set,FetchQSfromMaster.xml,Rule-Obj-Activity,.ReinsTypeName,"""ORS"""
Activity/Property-Set,FetchQSfromMaster.xml,Rule-Obj-Activity,.SpreadingList,""""""
Activity/Property-Set,FetchQSfromMaster.xml,Rule-Obj-Activity,.SpreadingTotalPct,0
Activity/Property-Set,FetchQSfromMaster.xml,Rule-Obj-Activity,.SpreadingTotalPct,local.PctHolder
Activity/Property-Set,FetchQSfromMaster.xml,Rule-Obj-Activity,Local.Date,"@substring(TreatyIn.Commencement,6,8)"
Activity/Property-Set,FetchQSfromMaster.xml,Rule-Obj-Activity,Local.Month,"@substring(TreatyIn.Commencement,4,6)"
Activity/Property-Set,FetchQSfromMaster.xml,Rule-Obj-Activity,Local.SprdType,.SpreadingType
Activity/Property-Set,FetchQSfromMaster.xml,Rule-Obj-Activity,Local.TreatyYear,.TreatyYear
Activity/Property-Set,FetchQSfromMaster.xml,Rule-Obj-Activity,Local.Year,"@substring(TreatyIn.Commencement,0,4)"
Activity/Property-Set,FetchQSfromMaster.xml,Rule-Obj-Activity,Param.ParentReinsTypeID,.SpreadingTypeID
Activity/Property-Set,FetchQSfromMaster.xml,Rule-Obj-Activity,Param.ReinsTypeID,""""""
Activity/Property-Set,FetchQSfromMaster.xml,Rule-Obj-Activity,Param.StartDate,"Local.Date + ""/"" + Local.Month  + ""/"" +  Local.Year"
Activity/Property-Set,FetchQSfromMaster.xml,Rule-Obj-Activity,Param.TreatyDescID,"""10001"""
Activity/Property-Set,FetchQSfromMaster.xml,Rule-Obj-Activity,Param.TreatyGroupID,.TreatyGroupID
Activity/Property-Set,FetchQSfromMaster.xml,Rule-Obj-Activity,Param.TreatyYear,Local.TreatyYear
Activity/Property-Set,FetchQSfromMaster.xml,Rule-Obj-Activity,Param.TreatyYear,TreatyIn.TreatyYear
Activity/Property-Set,FetchQSfromMaster.xml,Rule-Obj-Activity,Param.TreatyYearID,.TreatyYearID
Activity/Property-Set,FetchQSfromMaster.xml,Rule-Obj-Activity,Param.pyReportClass,"""ASM-FW-GISFW-Int-PROPORTIONALARRG"""
Activity/Property-Set,FetchQSfromMaster.xml,Rule-Obj-Activity,Param.pyReportName,"""BrowseTreatyArrangement_Limit_MstTrt_RD"""
Activity/Property-Set,FetchQSfromMaster.xml,Rule-Obj-Activity,Param.pyReportName,"""BrowseTreatyArrangement_ParentReinsMasterTrt"""
Activity/Property-Set,FetchQSfromMaster.xml,Rule-Obj-Activity,Primary.RNMSpreadedList,""""""
Activity/Property-Set,FetchQSfromMaster.xml,Rule-Obj-Activity,Primary.RNMSpreadedList(<APPEND>).Value,(local.QSPCT/100) * .Value
Activity/Property-Set,FetchQSfromMaster.xml,Rule-Obj-Activity,Primary.RNMSpreadedList(<LAST>).Currency,.Currency
Activity/Property-Set,FetchQSfromMaster.xml,Rule-Obj-Activity,Primary.RNMSpreadedListRI,""""""
Activity/Property-Set,FetchQSfromMaster.xml,Rule-Obj-Activity,Primary.RNMSpreadedListRI(<APPEND>).Value,((100-local.QSPCT)/100) * .Value
Activity/Property-Set,FetchQSfromMaster.xml,Rule-Obj-Activity,Primary.RNMSpreadedListRI(<LAST>).Currency,.Currency
Activity/Property-Set,FetchQSfromMaster.xml,Rule-Obj-Activity,Primary.SpreadingList(<APPEND>).ReinsTypeName,.ReinsTypeName
Activity/Property-Set,FetchQSfromMaster.xml,Rule-Obj-Activity,Primary.SpreadingList(<LAST>).ParentReinsTypeID,.ParentReinsTypeID
Activity/Property-Set,FetchQSfromMaster.xml,Rule-Obj-Activity,Primary.SpreadingList(<LAST>).Pct,.Pct
Activity/Property-Set,FetchQSfromMaster.xml,Rule-Obj-Activity,Primary.SpreadingList(<LAST>).ReinsTypeID,.ReinsTypeID
Activity/Property-Set,FetchQSfromMaster.xml,Rule-Obj-Activity,Primary.SpreadingList(<LAST>).Rp,.Rp
Activity/Property-Set,FetchQSfromMaster.xml,Rule-Obj-Activity,Primary.SpreadingList(<LAST>).Usd,.Usd
Activity/Property-Set,FetchQSfromMaster.xml,Rule-Obj-Activity,Primary.SpreadingList(<LAST>).Value,(.Pct/100) * primary.RNMShareList(1).Value
Activity/Property-Set,FetchQSfromMaster.xml,Rule-Obj-Activity,Primary.SpreadingType,""""""
Activity/Property-Set,FetchQSfromMaster.xml,Rule-Obj-Activity,Primary.SpreadingType,.ReinsTypeName
Activity/Property-Set,FetchQSfromMaster.xml,Rule-Obj-Activity,Primary.SpreadingTypeID,""""""
Activity/Property-Set,FetchQSfromMaster.xml,Rule-Obj-Activity,local.PctHolder,local.PctHolder + .Pct
Activity/Property-Set,FetchQSfromMaster.xml,Rule-Obj-Activity,local.QSPCT,.Pct
Activity/Property-Set,FetchQSfromMasterXOL.xml,Rule-Obj-Activity,.RNMSpreadedListDeductRIXOL,""""""
Activity/Property-Set,FetchQSfromMasterXOL.xml,Rule-Obj-Activity,.RNMSpreadedListDeductXOL,""""""
Activity/Property-Set,FetchQSfromMasterXOL.xml,Rule-Obj-Activity,.RNMSpreadedListGrossMinXOL,""""""
Activity/Property-Set,FetchQSfromMasterXOL.xml,Rule-Obj-Activity,.RNMSpreadedListGrossRIMinXOL,""""""
Activity/Property-Set,FetchQSfromMasterXOL.xml,Rule-Obj-Activity,.RNMSpreadedListGrossRIXOL,""""""
Activity/Property-Set,FetchQSfromMasterXOL.xml,Rule-Obj-Activity,.RNMSpreadedListGrossXOL,""""""
Activity/Property-Set,FetchQSfromMasterXOL.xml,Rule-Obj-Activity,.RNMSpreadedListRIXOL,""""""
Activity/Property-Set,FetchQSfromMasterXOL.xml,Rule-Obj-Activity,.RNMSpreadedListXOL,""""""
Activity/Property-Set,FetchQSfromMasterXOL.xml,Rule-Obj-Activity,.ReinsTypeName,"""ORS"""
Activity/Property-Set,FetchQSfromMasterXOL.xml,Rule-Obj-Activity,.SpreadingListXOL,""""""
Activity/Property-Set,FetchQSfromMasterXOL.xml,Rule-Obj-Activity,.SpreadingTotalPctXOL,0
Activity/Property-Set,FetchQSfromMasterXOL.xml,Rule-Obj-Activity,.SpreadingTotalPctXOL,local.PctHolder
Activity/Property-Set,FetchQSfromMasterXOL.xml,Rule-Obj-Activity,.SpreadingTypeXOL,param.ParentReinsTypeID
Activity/Property-Set,FetchQSfromMasterXOL.xml,Rule-Obj-Activity,Local.Date,"@substring(TreatyIn.Commencement,6,8)"
Activity/Property-Set,FetchQSfromMasterXOL.xml,Rule-Obj-Activity,Local.IdxShare,.pxListSubscript
Activity/Property-Set,FetchQSfromMasterXOL.xml,Rule-Obj-Activity,Local.Month,"@substring(TreatyIn.Commencement,4,6)"
Activity/Property-Set,FetchQSfromMasterXOL.xml,Rule-Obj-Activity,Local.SprdType,.SpreadingTypeXOL
Activity/Property-Set,FetchQSfromMasterXOL.xml,Rule-Obj-Activity,Local.Year,"@substring(TreatyIn.Commencement,0,4)"
Activity/Property-Set,FetchQSfromMasterXOL.xml,Rule-Obj-Activity,Local.idx,.pxListSubscript
Activity/Property-Set,FetchQSfromMasterXOL.xml,Rule-Obj-Activity,Local.idxDeductionTotalList,.pxListSubscript
Activity/Property-Set,FetchQSfromMasterXOL.xml,Rule-Obj-Activity,Local.idxGrossMinPremiumList,.pxListSubscript
Activity/Property-Set,FetchQSfromMasterXOL.xml,Rule-Obj-Activity,Local.idxGrossPremiumList,.pxListSubscript
Activity/Property-Set,FetchQSfromMasterXOL.xml,Rule-Obj-Activity,Local.idxNetPremiumList,.pxListSubscript
Activity/Property-Set,FetchQSfromMasterXOL.xml,Rule-Obj-Activity,Local.idxRNMLimit,.pxListSubscript
Activity/Property-Set,FetchQSfromMasterXOL.xml,Rule-Obj-Activity,Local.index,.pxListSubscript
Activity/Property-Set,FetchQSfromMasterXOL.xml,Rule-Obj-Activity,Param.StartDate,"Local.Date + ""/"" + Local.Month  + ""/"" +  Local.Year"
Activity/Property-Set,FetchQSfromMasterXOL.xml,Rule-Obj-Activity,Param.TreatyDescID,""""""
Activity/Property-Set,FetchQSfromMasterXOL.xml,Rule-Obj-Activity,Param.TreatyDescID,"""10001"""
Activity/Property-Set,FetchQSfromMasterXOL.xml,Rule-Obj-Activity,Param.TreatyGroupID,.TreatyGroupID
Activity/Property-Set,FetchQSfromMasterXOL.xml,Rule-Obj-Activity,Param.TreatyGroupID,.TreatyGroupList(1).TreatyGroupID
Activity/Property-Set,FetchQSfromMasterXOL.xml,Rule-Obj-Activity,Param.TreatyYear,""""""
Activity/Property-Set,FetchQSfromMasterXOL.xml,Rule-Obj-Activity,Param.TreatyYearID,SprdType.pxResults(local.idx).TreatyYearID
Activity/Property-Set,FetchQSfromMasterXOL.xml,Rule-Obj-Activity,Param.pyReportClass,"""ASM-FW-GISFW-Int-PROPORTIONALARRG"""
Activity/Property-Set,FetchQSfromMasterXOL.xml,Rule-Obj-Activity,Param.pyReportName,"""BrowseTreatyArrangement_Limit_RD"""
Activity/Property-Set,FetchQSfromMasterXOL.xml,Rule-Obj-Activity,Param.pyReportName,"""BrowseTreatyArrangement_ParentReinsMasterTrt"""
Activity/Property-Set,FetchQSfromMasterXOL.xml,Rule-Obj-Activity,Primary.RNMSpreadedListDeductRIXOL(<APPEND>).Value,((100-local.QSPCT)/100) * .Value
Activity/Property-Set,FetchQSfromMasterXOL.xml,Rule-Obj-Activity,Primary.RNMSpreadedListDeductRIXOL(<LAST>).Currency,.Currency
Activity/Property-Set,FetchQSfromMasterXOL.xml,Rule-Obj-Activity,Primary.RNMSpreadedListDeductXOL(<APPEND>).Value,(local.QSPCT/100) * .Value
Activity/Property-Set,FetchQSfromMasterXOL.xml,Rule-Obj-Activity,Primary.RNMSpreadedListDeductXOL(<LAST>).Currency,.Currency
Activity/Property-Set,FetchQSfromMasterXOL.xml,Rule-Obj-Activity,Primary.RNMSpreadedListGrossMinXOL(<APPEND>).Value,"@divide(local.QSPCT,100,9) * .Value"
Activity/Property-Set,FetchQSfromMasterXOL.xml,Rule-Obj-Activity,Primary.RNMSpreadedListGrossMinXOL(<LAST>).Currency,.Currency
Activity/Property-Set,FetchQSfromMasterXOL.xml,Rule-Obj-Activity,Primary.RNMSpreadedListGrossRIMinXOL(<APPEND>).Value,"@divide((100-local.QSPCT),100,9) * .Value"
Activity/Property-Set,FetchQSfromMasterXOL.xml,Rule-Obj-Activity,Primary.RNMSpreadedListGrossRIMinXOL(<LAST>).Currency,.Currency
Activity/Property-Set,FetchQSfromMasterXOL.xml,Rule-Obj-Activity,Primary.RNMSpreadedListGrossRIXOL(<APPEND>).Value,"@divide((100-local.QSPCT),100,9) * .Value"
Activity/Property-Set,FetchQSfromMasterXOL.xml,Rule-Obj-Activity,Primary.RNMSpreadedListGrossRIXOL(<LAST>).Currency,.Currency
Activity/Property-Set,FetchQSfromMasterXOL.xml,Rule-Obj-Activity,Primary.RNMSpreadedListGrossXOL(<APPEND>).Value,"@divide(local.QSPCT,100,9) * .Value"
Activity/Property-Set,FetchQSfromMasterXOL.xml,Rule-Obj-Activity,Primary.RNMSpreadedListGrossXOL(<LAST>).Currency,.Currency
Activity/Property-Set,FetchQSfromMasterXOL.xml,Rule-Obj-Activity,Primary.RNMSpreadedListNetRIXOL(<LAST>).Currency,.Currency
Activity/Property-Set,FetchQSfromMasterXOL.xml,Rule-Obj-Activity,Primary.RNMSpreadedListNetRIXOL(<LAST>).Value,((100-local.QSPCT)/100) * .Value
Activity/Property-Set,FetchQSfromMasterXOL.xml,Rule-Obj-Activity,Primary.RNMSpreadedListNetXOL(<LAST>).Currency,.Currency
Activity/Property-Set,FetchQSfromMasterXOL.xml,Rule-Obj-Activity,Primary.RNMSpreadedListNetXOL(<LAST>).Value,(local.QSPCT/100) * .Value
Activity/Property-Set,FetchQSfromMasterXOL.xml,Rule-Obj-Activity,Primary.RNMSpreadedListRIXOL(<APPEND>).Value,"@divide((100-local.QSPCT),100,9) * .Value"
Activity/Property-Set,FetchQSfromMasterXOL.xml,Rule-Obj-Activity,Primary.RNMSpreadedListRIXOL(<LAST>).Currency,.Currency
Activity/Property-Set,FetchQSfromMasterXOL.xml,Rule-Obj-Activity,Primary.RNMSpreadedListRIXOL(<LAST>).Value,"@divide((100-local.QSPCT),100,9) * (@divide(85,100,8)*.Value)"
Activity/Property-Set,FetchQSfromMasterXOL.xml,Rule-Obj-Activity,Primary.RNMSpreadedListXOL(<APPEND>).Value,"@divide(local.QSPCT,100,9) * .Value"
Activity/Property-Set,FetchQSfromMasterXOL.xml,Rule-Obj-Activity,Primary.RNMSpreadedListXOL(<LAST>).Currency,.Currency
Activity/Property-Set,FetchQSfromMasterXOL.xml,Rule-Obj-Activity,Primary.RNMSpreadedListXOL(<LAST>).Value,"@divide(local.QSPCT,100,9) *  (@divide(85,100,8)*.Value)"
Activity/Property-Set,FetchQSfromMasterXOL.xml,Rule-Obj-Activity,Primary.SpreadingListXOL(<APPEND>).ReinsTypeName,"""ORS"""
Activity/Property-Set,FetchQSfromMasterXOL.xml,Rule-Obj-Activity,Primary.SpreadingListXOL(<APPEND>).ReinsTypeName,.ReinsTypeName
Activity/Property-Set,FetchQSfromMasterXOL.xml,Rule-Obj-Activity,Primary.SpreadingListXOL(<LAST>).ParentReinsTypeID,"""00"""
Activity/Property-Set,FetchQSfromMasterXOL.xml,Rule-Obj-Activity,Primary.SpreadingListXOL(<LAST>).ParentReinsTypeID,.ParentReinsTypeID
Activity/Property-Set,FetchQSfromMasterXOL.xml,Rule-Obj-Activity,Primary.SpreadingListXOL(<LAST>).Pct,"""15.00"""
Activity/Property-Set,FetchQSfromMasterXOL.xml,Rule-Obj-Activity,Primary.SpreadingListXOL(<LAST>).Pct,.Pct
Activity/Property-Set,FetchQSfromMasterXOL.xml,Rule-Obj-Activity,Primary.SpreadingListXOL(<LAST>).ReinsTypeID,"""10007"""
Activity/Property-Set,FetchQSfromMasterXOL.xml,Rule-Obj-Activity,Primary.SpreadingListXOL(<LAST>).ReinsTypeID,.ReinsTypeID
Activity/Property-Set,FetchQSfromMasterXOL.xml,Rule-Obj-Activity,Primary.SpreadingListXOL(<LAST>).Rp,.Rp
Activity/Property-Set,FetchQSfromMasterXOL.xml,Rule-Obj-Activity,Primary.SpreadingListXOL(<LAST>).Usd,.Usd
Activity/Property-Set,FetchQSfromMasterXOL.xml,Rule-Obj-Activity,Primary.SpreadingTypeIDXOL,.ReinsTypeID
Activity/Property-Set,FetchQSfromMasterXOL.xml,Rule-Obj-Activity,Primary.SpreadingTypeXOL,.ReinsTypeName
Activity/Property-Set,FetchQSfromMasterXOL.xml,Rule-Obj-Activity,Temp.CARI1,param.ParentReinsTypeID
Activity/Property-Set,FetchQSfromMasterXOL.xml,Rule-Obj-Activity,TempListXOL.pxResults(<APPEND>).CARI1,.ReinsTypeName
Activity/Property-Set,FetchQSfromMasterXOL.xml,Rule-Obj-Activity,TempListXOL.pxResults(<LAST>).CARI2,.ReinsTypeID
Activity/Property-Set,FetchQSfromMasterXOL.xml,Rule-Obj-Activity,TempListXOL.pxResults(<LAST>).CARI3,.ParentReinsTypeID
Activity/Property-Set,FetchQSfromMasterXOL.xml,Rule-Obj-Activity,TempListXOL.pxResults(<LAST>).CARI4,.Pct
Activity/Property-Set,FetchQSfromMasterXOL.xml,Rule-Obj-Activity,TempListXOL.pxResults(<LAST>).CARI5,.Rp
Activity/Property-Set,FetchQSfromMasterXOL.xml,Rule-Obj-Activity,TempListXOL.pxResults(<LAST>).CARI6,.Usd
Activity/Property-Set,FetchQSfromMasterXOL.xml,Rule-Obj-Activity,TreatyIn.ActualValue.Share(Param.indexShare).RNMSpreadedListNetRIXOL(Local.idxNetPremiumList).Currency,.Currency
Activity/Property-Set,FetchQSfromMasterXOL.xml,Rule-Obj-Activity,TreatyIn.ActualValue.Share(Param.indexShare).RNMSpreadedListNetRIXOL(Local.idxNetPremiumList).Value,((100-local.QSPCT)/100) * .Value
Activity/Property-Set,FetchQSfromMasterXOL.xml,Rule-Obj-Activity,TreatyIn.ActualValue.Share(Param.indexShare).RNMSpreadedListNetXOL(Local.idxNetPremiumList).Currency,.Currency
Activity/Property-Set,FetchQSfromMasterXOL.xml,Rule-Obj-Activity,TreatyIn.ActualValue.Share(Param.indexShare).RNMSpreadedListNetXOL(Local.idxNetPremiumList).Value,(local.QSPCT/100) * .Value
Activity/Property-Set,FetchQSfromMasterXOL.xml,Rule-Obj-Activity,TreatyIn.ValueDifference.Share(Param.indexShare).RNMSpreadedListDeductRIXOL(Local.idxDeductionTotalList).Currency,.Currency
Activity/Property-Set,FetchQSfromMasterXOL.xml,Rule-Obj-Activity,TreatyIn.ValueDifference.Share(Param.indexShare).RNMSpreadedListDeductRIXOL(Local.idxDeductionTotalList).Value,((100-local.QSPCT)/100) * .Value
Activity/Property-Set,FetchQSfromMasterXOL.xml,Rule-Obj-Activity,TreatyIn.ValueDifference.Share(Param.indexShare).RNMSpreadedListDeductXOL(Local.idxDeductionTotalList).Currency,.Currency
Activity/Property-Set,FetchQSfromMasterXOL.xml,Rule-Obj-Activity,TreatyIn.ValueDifference.Share(Param.indexShare).RNMSpreadedListDeductXOL(Local.idxDeductionTotalList).Value,(local.QSPCT/100) * .Value
Activity/Property-Set,FetchQSfromMasterXOL.xml,Rule-Obj-Activity,TreatyIn.ValueDifference.Share(Param.indexShare).RNMSpreadedListGrossMinXOL(Local.idxGrossMinPremiumList).Currency,.Currency
Activity/Property-Set,FetchQSfromMasterXOL.xml,Rule-Obj-Activity,TreatyIn.ValueDifference.Share(Param.indexShare).RNMSpreadedListGrossMinXOL(Local.idxGrossMinPremiumList).Value,"@divide(local.QSPCT,100,9) * .Value"
Activity/Property-Set,FetchQSfromMasterXOL.xml,Rule-Obj-Activity,TreatyIn.ValueDifference.Share(Param.indexShare).RNMSpreadedListGrossRIMinXOL(Local.idxGrossMinPremiumList).Currency,.Currency
Activity/Property-Set,FetchQSfromMasterXOL.xml,Rule-Obj-Activity,TreatyIn.ValueDifference.Share(Param.indexShare).RNMSpreadedListGrossRIMinXOL(Local.idxGrossMinPremiumList).Value,"@divide((100-local.QSPCT),100,9) * .Value"
Activity/Property-Set,FetchQSfromMasterXOL.xml,Rule-Obj-Activity,TreatyIn.ValueDifference.Share(Param.indexShare).RNMSpreadedListGrossRIXOL(Local.idxGrossPremiumList).Currency,.Currency
Activity/Property-Set,FetchQSfromMasterXOL.xml,Rule-Obj-Activity,TreatyIn.ValueDifference.Share(Param.indexShare).RNMSpreadedListGrossRIXOL(Local.idxGrossPremiumList).Value,"@divide((100-local.QSPCT),100,9) * .Value"
Activity/Property-Set,FetchQSfromMasterXOL.xml,Rule-Obj-Activity,TreatyIn.ValueDifference.Share(Param.indexShare).RNMSpreadedListGrossXOL(Local.idxGrossPremiumList).Currency,.Currency
Activity/Property-Set,FetchQSfromMasterXOL.xml,Rule-Obj-Activity,TreatyIn.ValueDifference.Share(Param.indexShare).RNMSpreadedListGrossXOL(Local.idxGrossPremiumList).Value,"@divide(local.QSPCT,100,9) * .Value"
Activity/Property-Set,FetchQSfromMasterXOL.xml,Rule-Obj-Activity,TreatyIn.ValueDifference.Share(Param.indexShare).RNMSpreadedListNetRIXOL(Local.idxNetPremiumList).Currency,.Currency
Activity/Property-Set,FetchQSfromMasterXOL.xml,Rule-Obj-Activity,TreatyIn.ValueDifference.Share(Param.indexShare).RNMSpreadedListNetRIXOL(Local.idxNetPremiumList).Value,((100-local.QSPCT)/100) * .Value
Activity/Property-Set,FetchQSfromMasterXOL.xml,Rule-Obj-Activity,TreatyIn.ValueDifference.Share(Param.indexShare).RNMSpreadedListNetXOL(Local.idxNetPremiumList).Currency,.Currency
Activity/Property-Set,FetchQSfromMasterXOL.xml,Rule-Obj-Activity,TreatyIn.ValueDifference.Share(Param.indexShare).RNMSpreadedListNetXOL(Local.idxNetPremiumList).Value,(local.QSPCT/100) * .Value
Activity/Property-Set,FetchQSfromMasterXOL.xml,Rule-Obj-Activity,TreatyIn.ValueDifference.Share(Param.indexShare).RNMSpreadedListRIXOL(<LAST>).Currency,.Currency
Activity/Property-Set,FetchQSfromMasterXOL.xml,Rule-Obj-Activity,TreatyIn.ValueDifference.Share(Param.indexShare).RNMSpreadedListRIXOL(<LAST>).Value,"@divide((100-local.QSPCT),100,9) * .Value"
Activity/Property-Set,FetchQSfromMasterXOL.xml,Rule-Obj-Activity,TreatyIn.ValueDifference.Share(Param.indexShare).RNMSpreadedListXOL(<LAST>).Currency,.Currency
Activity/Property-Set,FetchQSfromMasterXOL.xml,Rule-Obj-Activity,TreatyIn.ValueDifference.Share(Param.indexShare).RNMSpreadedListXOL(<LAST>).Value,"@divide(local.QSPCT,100,9) * .Value"
Activity/Property-Set,FetchQSfromMasterXOL.xml,Rule-Obj-Activity,TreatyIn.ValueDifference.Share(Param.indexShare).SpreadingListXOL(Local.index).ParentReinsTypeID,.CARI3
Activity/Property-Set,FetchQSfromMasterXOL.xml,Rule-Obj-Activity,TreatyIn.ValueDifference.Share(Param.indexShare).SpreadingListXOL(Local.index).Pct,.CARI4
Activity/Property-Set,FetchQSfromMasterXOL.xml,Rule-Obj-Activity,TreatyIn.ValueDifference.Share(Param.indexShare).SpreadingListXOL(Local.index).ReinsTypeID,.CARI2
Activity/Property-Set,FetchQSfromMasterXOL.xml,Rule-Obj-Activity,TreatyIn.ValueDifference.Share(Param.indexShare).SpreadingListXOL(Local.index).ReinsTypeName,.CARI1
Activity/Property-Set,FetchQSfromMasterXOL.xml,Rule-Obj-Activity,TreatyIn.ValueDifference.Share(Param.indexShare).SpreadingListXOL(Local.index).Rp,.CARI5
Activity/Property-Set,FetchQSfromMasterXOL.xml,Rule-Obj-Activity,TreatyIn.ValueDifference.Share(Param.indexShare).SpreadingListXOL(Local.index).Usd,.CARI6
Activity/Property-Set,FetchQSfromMasterXOL.xml,Rule-Obj-Activity,TreatyIn.ValueDifference.Share(Param.indexShare).SpreadingTypeXOL,.SpreadingTypeXOL
Activity/Property-Set,FetchQSfromMasterXOL.xml,Rule-Obj-Activity,local.PctHolder,local.PctHolder + .Pct
Activity/Property-Set,FetchQSfromMasterXOL.xml,Rule-Obj-Activity,local.QSPCT,.Pct
Activity/Property-Set,FetchQSfromMasterXOL.xml,Rule-Obj-Activity,local.QSPCT,100
Activity/Property-Set,FetchQSfromMasterXOL.xml,Rule-Obj-Activity,local.index,.pxListSubscript
Activity/Property-Set,FetchQSfromMasterXOL.xml,Rule-Obj-Activity,param.ParentReinsTypeID,.ReinsTypeID
Activity/Property-Set,FetchTreatyContractDetail.xml,Rule-Obj-Activity,.RetroSpreadingList,""""""
Activity/Property-Set,FetchTreatyContractDetail.xml,Rule-Obj-Activity,.RetroTotalPct,0
Activity/Property-Set,FetchTreatyContractDetail.xml,Rule-Obj-Activity,InputParam.CARI1,.RetroTypeID
Activity/Property-Set,FetchTreatyContractDetail.xml,Rule-Obj-Activity,Primary.RetroSpreadingList(<CURRENT>).Pct,.CARI3
Activity/Property-Set,FetchTreatyContractDetail.xml,Rule-Obj-Activity,Primary.RetroSpreadingList(<CURRENT>).ReinsTypeID,.CARI1
Activity/Property-Set,FetchTreatyContractDetail.xml,Rule-Obj-Activity,Primary.RetroSpreadingList(<CURRENT>).ReinsTypeName,.CARI2
Activity/Property-Set,FetchTreatyContractDetail.xml,Rule-Obj-Activity,Primary.RetroTotalPct,Primary.RetroTotalPct + .Pct
Activity/Property-Set,FetchTreatyExistingProduction.xml,Rule-Obj-Activity,.CARI2,"@substring(.CARI2,18)"
Activity/Property-Set,FetchTreatyExistingProduction.xml,Rule-Obj-Activity,InputData.CARI1,"@if(TreatyIn.EDMState="""",TreatyIn.ID, TreatyIn.OLDID)"
Activity/Property-Set,GenerateCSVTreaty.xml,Rule-Obj-Activity,Local.idx,.pxListSubscript
Activity/Property-Set,GenerateCSVTreaty.xml,Rule-Obj-Activity,TempCSV.CARI1,TreatyIn.ID
Activity/Property-Set,GenerateCSVTreaty.xml,Rule-Obj-Activity,TempCSV.CARI2,"@FormatDateTime(@CurrentDateTime(),""dd/MM/YYYY"",""Asia/Jakarta"","""")"
Activity/Property-Set,GenerateCSVTreaty.xml,Rule-Obj-Activity,TempData.pxResults(Local.idx).CARI1,.Quarter
Activity/Property-Set,GenerateCSVTreaty.xml,Rule-Obj-Activity,TempData.pxResults(Local.idx).CARI10,.OutstandingClaim
Activity/Property-Set,GenerateCSVTreaty.xml,Rule-Obj-Activity,TempData.pxResults(Local.idx).CARI11,.IncuredClaim
Activity/Property-Set,GenerateCSVTreaty.xml,Rule-Obj-Activity,TempData.pxResults(Local.idx).CARI12,.Total
Activity/Property-Set,GenerateCSVTreaty.xml,Rule-Obj-Activity,TempData.pxResults(Local.idx).CARI13,.LossRatio
Activity/Property-Set,GenerateCSVTreaty.xml,Rule-Obj-Activity,TempData.pxResults(Local.idx).CARI2,.QUARTERYEAR
Activity/Property-Set,GenerateCSVTreaty.xml,Rule-Obj-Activity,TempData.pxResults(Local.idx).CARI3,.Currency
Activity/Property-Set,GenerateCSVTreaty.xml,Rule-Obj-Activity,TempData.pxResults(Local.idx).CARI4,.PREMIUM
Activity/Property-Set,GenerateCSVTreaty.xml,Rule-Obj-Activity,TempData.pxResults(Local.idx).CARI5,.RICOMM
Activity/Property-Set,GenerateCSVTreaty.xml,Rule-Obj-Activity,TempData.pxResults(Local.idx).CARI6,.BROKERAGE
Activity/Property-Set,GenerateCSVTreaty.xml,Rule-Obj-Activity,TempData.pxResults(Local.idx).CARI7,.NETPREMIUM
Activity/Property-Set,GenerateCSVTreaty.xml,Rule-Obj-Activity,TempData.pxResults(Local.idx).CARI8,.PaidClaim
Activity/Property-Set,GenerateCSVTreaty.xml,Rule-Obj-Activity,TempData.pxResults(Local.idx).CARI9,.CASHCALL
Activity/Property-Set,GetAchievement.xml,Rule-Obj-Activity,.AchievementLists(<APPEND>).Currency,""" Total In IDR"""
Activity/Property-Set,GetAchievement.xml,Rule-Obj-Activity,.AchievementLists(<APPEND>).IDPEGA,Achievement.pxResults(Local.idxtemplist).CARI1
Activity/Property-Set,GetAchievement.xml,Rule-Obj-Activity,.AchievementLists(<LAST>).BROKERAGE,0
Activity/Property-Set,GetAchievement.xml,Rule-Obj-Activity,.AchievementLists(<LAST>).BROKERAGE,Achievement.pxResults(Local.idxtemplist).CARI12
Activity/Property-Set,GetAchievement.xml,Rule-Obj-Activity,.AchievementLists(<LAST>).CASHCALL,.TotalAchCASHCALL
Activity/Property-Set,GetAchievement.xml,Rule-Obj-Activity,.AchievementLists(<LAST>).CASHCALL,0
Activity/Property-Set,GetAchievement.xml,Rule-Obj-Activity,.AchievementLists(<LAST>).Currency,Achievement.pxResults(Local.idxtemplist).CARI9
Activity/Property-Set,GetAchievement.xml,Rule-Obj-Activity,.AchievementLists(<LAST>).CurrencyID,Achievement.pxResults(Local.idxtemplist).CARI8
Activity/Property-Set,GetAchievement.xml,Rule-Obj-Activity,.AchievementLists(<LAST>).EstimationCASHCALL,.TotalAchEstCASHCALL
Activity/Property-Set,GetAchievement.xml,Rule-Obj-Activity,.AchievementLists(<LAST>).EstimationCASHCALL,0
Activity/Property-Set,GetAchievement.xml,Rule-Obj-Activity,.AchievementLists(<LAST>).FlagTreaty,0
Activity/Property-Set,GetAchievement.xml,Rule-Obj-Activity,.AchievementLists(<LAST>).FlagTreaty,1
Activity/Property-Set,GetAchievement.xml,Rule-Obj-Activity,.AchievementLists(<LAST>).IncuredClaim,.TotalAchIncured
Activity/Property-Set,GetAchievement.xml,Rule-Obj-Activity,.AchievementLists(<LAST>).NETPREMIUM,.TotalAchNetPremium
Activity/Property-Set,GetAchievement.xml,Rule-Obj-Activity,.AchievementLists(<LAST>).NETPREMIUM,0
Activity/Property-Set,GetAchievement.xml,Rule-Obj-Activity,.AchievementLists(<LAST>).NETPREMIUM,Achievement.pxResults(Local.idxtemplist).CARI13
Activity/Property-Set,GetAchievement.xml,Rule-Obj-Activity,.AchievementLists(<LAST>).NOOFFER,Achievement.pxResults(Local.idxtemplist).CARI2
Activity/Property-Set,GetAchievement.xml,Rule-Obj-Activity,.AchievementLists(<LAST>).NOPOLIS,Achievement.pxResults(Local.idxtemplist).CARI30
Activity/Property-Set,GetAchievement.xml,Rule-Obj-Activity,.AchievementLists(<LAST>).OutstandingCASHCALL,.TotalAchOsCASHCALL
Activity/Property-Set,GetAchievement.xml,Rule-Obj-Activity,.AchievementLists(<LAST>).OutstandingClaim,.TotalAchOsClaim
Activity/Property-Set,GetAchievement.xml,Rule-Obj-Activity,.AchievementLists(<LAST>).OutstandingClaim,0
Activity/Property-Set,GetAchievement.xml,Rule-Obj-Activity,.AchievementLists(<LAST>).OutstandingClaim,Achievement.pxResults(Local.idxtemplist).CARI15
Activity/Property-Set,GetAchievement.xml,Rule-Obj-Activity,.AchievementLists(<LAST>).PREMIUM,.TotalAchPremium
Activity/Property-Set,GetAchievement.xml,Rule-Obj-Activity,.AchievementLists(<LAST>).PREMIUM,0
Activity/Property-Set,GetAchievement.xml,Rule-Obj-Activity,.AchievementLists(<LAST>).PREMIUM,Achievement.pxResults(Local.idxtemplist).CARI10
Activity/Property-Set,GetAchievement.xml,Rule-Obj-Activity,.AchievementLists(<LAST>).PaidClaim,.TotalAchPaid
Activity/Property-Set,GetAchievement.xml,Rule-Obj-Activity,.AchievementLists(<LAST>).PaidClaim,0
Activity/Property-Set,GetAchievement.xml,Rule-Obj-Activity,.AchievementLists(<LAST>).PaidClaim,Achievement.pxResults(Local.idxtemplist).CARI14
Activity/Property-Set,GetAchievement.xml,Rule-Obj-Activity,.AchievementLists(<LAST>).QUARTERYEAR,Achievement.pxResults(Local.idxtemplist).CARI7
Activity/Property-Set,GetAchievement.xml,Rule-Obj-Activity,.AchievementLists(<LAST>).Quarter,"""Q "" + Achievement.pxResults(Local.idxtemplist).CARI6"
Activity/Property-Set,GetAchievement.xml,Rule-Obj-Activity,.AchievementLists(<LAST>).RICOMM,0
Activity/Property-Set,GetAchievement.xml,Rule-Obj-Activity,.AchievementLists(<LAST>).RICOMM,Achievement.pxResults(Local.idxtemplist).CARI11
Activity/Property-Set,GetAchievement.xml,Rule-Obj-Activity,.AchievementLists(<LAST>).SOBNAME,Achievement.pxResults(Local.idxtemplist).CARI3
Activity/Property-Set,GetAchievement.xml,Rule-Obj-Activity,.AchievementLists(<LAST>).TREATYGROUPNAME,Achievement.pxResults(Local.idxtemplist).CARI4
Activity/Property-Set,GetAchievement.xml,Rule-Obj-Activity,.AchievementLists(<LAST>).TREATYTYPE,Achievement.pxResults(Local.idxtemplist).CARI5
Activity/Property-Set,GetAchievement.xml,Rule-Obj-Activity,.AchievementLists(<LAST>).Total,.TotalAchAfterClaim
Activity/Property-Set,GetAchievement.xml,Rule-Obj-Activity,.AchievementPct,"@if(Local.ValueEPI=="""",0,@divide(@divide(.TotalAchPremium,@divide(TreatyIn.RNMShareP,100,20),20),Local.ValueEPI,20)*100)"
Activity/Property-Set,GetAchievement.xml,Rule-Obj-Activity,.CASHCALL,0
Activity/Property-Set,GetAchievement.xml,Rule-Obj-Activity,.CASHCALL,"@if(Local.ClaimIDR==0,0,@divide(Local.ClaimIDR,.Conversion,20))"
Activity/Property-Set,GetAchievement.xml,Rule-Obj-Activity,.CASHCALLtoIDR,.CASHCALL* .Conversion
Activity/Property-Set,GetAchievement.xml,Rule-Obj-Activity,.Conversion,1
Activity/Property-Set,GetAchievement.xml,Rule-Obj-Activity,.Conversion,SearchCurrencyValueOut.pxResults(1).CARI12
Activity/Property-Set,GetAchievement.xml,Rule-Obj-Activity,.CurrencyList(<APPEND>).Parameter,""" Based on Gross """
Activity/Property-Set,GetAchievement.xml,Rule-Obj-Activity,.CurrencyList(<APPEND>).Parameter,"""Based on Nett"""
Activity/Property-Set,GetAchievement.xml,Rule-Obj-Activity,.CurrencyList(<LAST>).AchievementPctGross,Local.AchievementPctGross
Activity/Property-Set,GetAchievement.xml,Rule-Obj-Activity,.CurrencyList(<LAST>).AchievementPctGross,Local.AchievementPctNet
Activity/Property-Set,GetAchievement.xml,Rule-Obj-Activity,.CurrencyList(<LAST>).LossRatioGross,Local.LossRatioGross
Activity/Property-Set,GetAchievement.xml,Rule-Obj-Activity,.CurrencyList(<LAST>).LossRatioGross,Local.LossRatioNet
Activity/Property-Set,GetAchievement.xml,Rule-Obj-Activity,.Detail(<APPEND>).TreatyType,""" Total In IDR"""
Activity/Property-Set,GetAchievement.xml,Rule-Obj-Activity,.Detail(<LAST>).LossRatio,.SumLossRatio
Activity/Property-Set,GetAchievement.xml,Rule-Obj-Activity,.Detail(<LAST>).TotalAchIncured,.SumTotalAchievIncured
Activity/Property-Set,GetAchievement.xml,Rule-Obj-Activity,.Detail(<LAST>).TotalAchNetPremium,.SumTotalAchievNetPremium
Activity/Property-Set,GetAchievement.xml,Rule-Obj-Activity,.Detail(<LAST>).TotalAchPremium,Local.SumTotalAchPremium
Activity/Property-Set,GetAchievement.xml,Rule-Obj-Activity,.EstimationCASHCALL,0
Activity/Property-Set,GetAchievement.xml,Rule-Obj-Activity,.EstimationCASHCALL,"@if(Local.EstimationIDR==0,0,@divide(Local.EstimationIDR,.Conversion,20))"
Activity/Property-Set,GetAchievement.xml,Rule-Obj-Activity,.EstimationCASHCALLtoIDR,.EstimationCASHCALL * .Conversion
Activity/Property-Set,GetAchievement.xml,Rule-Obj-Activity,.IncuredClaim,.PaidClaim + .CASHCALL + .OutstandingClaim + .OutstandingCASHCALL
Activity/Property-Set,GetAchievement.xml,Rule-Obj-Activity,.IncuredClaimtoIDR,.IncuredClaim* .Conversion
Activity/Property-Set,GetAchievement.xml,Rule-Obj-Activity,.LossRatio,"@if(.NETPREMIUM==0,0,@divide(.IncuredClaim,.NETPREMIUM,20)*100)"
Activity/Property-Set,GetAchievement.xml,Rule-Obj-Activity,.LossRatio,"@if(.TotalAchPremium=0,0,(@divide(.TotalAchIncured,.TotalAchPremium,20)*100))"
Activity/Property-Set,GetAchievement.xml,Rule-Obj-Activity,.NETPREMIUMtoIDR,.NETPREMIUM * .Conversion
Activity/Property-Set,GetAchievement.xml,Rule-Obj-Activity,.OutstandingCASHCALL,.EstimationCASHCALL - .CASHCALL
Activity/Property-Set,GetAchievement.xml,Rule-Obj-Activity,.OutstandingCASHCALL,0
Activity/Property-Set,GetAchievement.xml,Rule-Obj-Activity,.OutstandingCASHCALLtoIDR,.OutstandingCASHCALL *  .Conversion
Activity/Property-Set,GetAchievement.xml,Rule-Obj-Activity,.OutstandingClaimtoIDR,.OutstandingClaim * .Conversion
Activity/Property-Set,GetAchievement.xml,Rule-Obj-Activity,.PREMIUMtoIDR,.PREMIUM * .Conversion
Activity/Property-Set,GetAchievement.xml,Rule-Obj-Activity,.PaidClaimtoIDR,.PaidClaim * .Conversion
Activity/Property-Set,GetAchievement.xml,Rule-Obj-Activity,.SumLossRatio,"@if(.SumTotalAchievNetPremium=0,0,(@divide(.SumTotalAchievIncured,.SumTotalAchievNetPremium,20)*100))"
Activity/Property-Set,GetAchievement.xml,Rule-Obj-Activity,.SumLossRatio,Local.SumLossRatio
Activity/Property-Set,GetAchievement.xml,Rule-Obj-Activity,.SumTotalAchievIncured,Local.SumTotalAchievIncured
Activity/Property-Set,GetAchievement.xml,Rule-Obj-Activity,.SumTotalAchievNetPremium,Local.SumTotalAchievNetPremium
Activity/Property-Set,GetAchievement.xml,Rule-Obj-Activity,.Total,.NETPREMIUM - .IncuredClaim
Activity/Property-Set,GetAchievement.xml,Rule-Obj-Activity,.TotalAchAfterClaim,Local.TotalAfterClaim
Activity/Property-Set,GetAchievement.xml,Rule-Obj-Activity,.TotalAchCASHCALL,Local.TotalCASHCALL
Activity/Property-Set,GetAchievement.xml,Rule-Obj-Activity,.TotalAchEstCASHCALL,Local.TotalEstCASHCALL
Activity/Property-Set,GetAchievement.xml,Rule-Obj-Activity,.TotalAchIncured,Local.TotalAchievIncured
Activity/Property-Set,GetAchievement.xml,Rule-Obj-Activity,.TotalAchNetPremium,Local.TotalAchievNetPremium
Activity/Property-Set,GetAchievement.xml,Rule-Obj-Activity,.TotalAchOsCASHCALL,Local.TotalOsCASHCALL
Activity/Property-Set,GetAchievement.xml,Rule-Obj-Activity,.TotalAchOsClaim,Local.TotalOsClaim
Activity/Property-Set,GetAchievement.xml,Rule-Obj-Activity,.TotalAchOuts,Local.TotalAchievOuts
Activity/Property-Set,GetAchievement.xml,Rule-Obj-Activity,.TotalAchPaid,Local.TotalAchievPaid
Activity/Property-Set,GetAchievement.xml,Rule-Obj-Activity,.TotalAchPremium,Local.TotalPremium
Activity/Property-Set,GetAchievement.xml,Rule-Obj-Activity,.TotalAchievCASHCALL,Local.TotalCASHCALL
Activity/Property-Set,GetAchievement.xml,Rule-Obj-Activity,.TotalAchievEstCASHCALL,Local.TotalEstCASHCALL
Activity/Property-Set,GetAchievement.xml,Rule-Obj-Activity,.TotalAchievIncured,Local.TotalAchievIncured
Activity/Property-Set,GetAchievement.xml,Rule-Obj-Activity,.TotalAchievNetPremium,Local.TotalAchievNetPremium
Activity/Property-Set,GetAchievement.xml,Rule-Obj-Activity,.TotalAchievOsCASHCALL,Local.TotalOsCASHCALL
Activity/Property-Set,GetAchievement.xml,Rule-Obj-Activity,.TotalAchievOsClaim,Local.TotalOsClaim
Activity/Property-Set,GetAchievement.xml,Rule-Obj-Activity,.TotalAchievOuts,Local.TotalAchievOuts
Activity/Property-Set,GetAchievement.xml,Rule-Obj-Activity,.TotalAchievPaid,Local.TotalAchievPaid
Activity/Property-Set,GetAchievement.xml,Rule-Obj-Activity,.TotalAchievPremium,Local.TotalPremium
Activity/Property-Set,GetAchievement.xml,Rule-Obj-Activity,.TotalAfterClaim,Local.TotalAfterClaim
Activity/Property-Set,GetAchievement.xml,Rule-Obj-Activity,.TotaltoIDR,.Total *  .Conversion
Activity/Property-Set,GetAchievement.xml,Rule-Obj-Activity,FlagExcel.CARI1,0
Activity/Property-Set,GetAchievement.xml,Rule-Obj-Activity,FlagExcel.CARI1,1
Activity/Property-Set,GetAchievement.xml,Rule-Obj-Activity,InputParam.CARI1,TreatyIn.ID
Activity/Property-Set,GetAchievement.xml,Rule-Obj-Activity,InputParam.CARI2,Local.TreatyGroup
Activity/Property-Set,GetAchievement.xml,Rule-Obj-Activity,Local.AchievementPctGross,"@if(Local.ValueEPI=="""",0,@divide(@divide(.TotalAchPremium,@divide(TreatyIn.RNMShareP,100,20),20),Local.ValueEPI,20)*100)"
Activity/Property-Set,GetAchievement.xml,Rule-Obj-Activity,Local.AchievementPctNet,"@if(Local.ValueEPI=="""",0,@divide(@divide(.TotalAchNetPremium,@divide(TreatyIn.RNMShareP,100,20),20),Local.ValueEPI,20)*1"
Activity/Property-Set,GetAchievement.xml,Rule-Obj-Activity,Local.ClaimIDR,.CARID1
Activity/Property-Set,GetAchievement.xml,Rule-Obj-Activity,Local.ClaimIDR,0
Activity/Property-Set,GetAchievement.xml,Rule-Obj-Activity,Local.EstimationIDR,.CARID1
Activity/Property-Set,GetAchievement.xml,Rule-Obj-Activity,Local.EstimationIDR,0
Activity/Property-Set,GetAchievement.xml,Rule-Obj-Activity,Local.LossRatioGross,"@if(.TotalAchPremium=0,0,(@divide(.TotalAchIncured,.TotalAchPremium,20)*100))"
Activity/Property-Set,GetAchievement.xml,Rule-Obj-Activity,Local.LossRatioNet,"@if(.TotalAchPremium=0,0,(@divide(.TotalAchIncured,.TotalAchNetPremium,20)*100))"
Activity/Property-Set,GetAchievement.xml,Rule-Obj-Activity,Local.SumLossRatio,0
Activity/Property-Set,GetAchievement.xml,Rule-Obj-Activity,Local.SumLossRatio,Local.SumLossRatio + .LossRatio
Activity/Property-Set,GetAchievement.xml,Rule-Obj-Activity,Local.SumLossRatio,Local.SumLossRatio + .SumLossRatio
Activity/Property-Set,GetAchievement.xml,Rule-Obj-Activity,Local.SumTotalAchPremium,Local.SumTotalAchPremium+.TotalAchPremium
Activity/Property-Set,GetAchievement.xml,Rule-Obj-Activity,Local.SumTotalAchievIncured,0
Activity/Property-Set,GetAchievement.xml,Rule-Obj-Activity,Local.SumTotalAchievIncured,Local.SumTotalAchievIncured + .SumTotalAchievIncured
Activity/Property-Set,GetAchievement.xml,Rule-Obj-Activity,Local.SumTotalAchievIncured,Local.SumTotalAchievIncured + .TotalAchIncured
Activity/Property-Set,GetAchievement.xml,Rule-Obj-Activity,Local.SumTotalAchievNetPremium,0
Activity/Property-Set,GetAchievement.xml,Rule-Obj-Activity,Local.SumTotalAchievNetPremium,Local.SumTotalAchievNetPremium + .TotalAchNetPremium
Activity/Property-Set,GetAchievement.xml,Rule-Obj-Activity,Local.SumTotalAchievNetPremium,Local.SumTotalAchievNetPremium +.SumTotalAchievNetPremium
Activity/Property-Set,GetAchievement.xml,Rule-Obj-Activity,Local.TotalAchievIncured,0
Activity/Property-Set,GetAchievement.xml,Rule-Obj-Activity,Local.TotalAchievIncured,Local.TotalAchievIncured + @toDecimal(.IncuredClaimtoIDR)
Activity/Property-Set,GetAchievement.xml,Rule-Obj-Activity,Local.TotalAchievNetPremium,0
Activity/Property-Set,GetAchievement.xml,Rule-Obj-Activity,Local.TotalAchievNetPremium,Local.TotalAchievNetPremium +@toDecimal( .NETPREMIUMtoIDR)
Activity/Property-Set,GetAchievement.xml,Rule-Obj-Activity,Local.TotalAchievOuts,0
Activity/Property-Set,GetAchievement.xml,Rule-Obj-Activity,Local.TotalAchievOuts,Local.TotalAchievOuts + @toDecimal(.OutstandingClaimtoIDR)
Activity/Property-Set,GetAchievement.xml,Rule-Obj-Activity,Local.TotalAchievPaid,0
Activity/Property-Set,GetAchievement.xml,Rule-Obj-Activity,Local.TotalAchievPaid,Local.TotalAchievPaid + @toDecimal(.PaidClaimtoIDR)
Activity/Property-Set,GetAchievement.xml,Rule-Obj-Activity,Local.TotalAfterClaim,0
Activity/Property-Set,GetAchievement.xml,Rule-Obj-Activity,Local.TotalAfterClaim,Local.TotalAfterClaim + (.TotaltoIDR)
Activity/Property-Set,GetAchievement.xml,Rule-Obj-Activity,Local.TotalCASHCALL,0
Activity/Property-Set,GetAchievement.xml,Rule-Obj-Activity,Local.TotalCASHCALL,Local.TotalCASHCALL + @toDecimal(.CASHCALLtoIDR)
Activity/Property-Set,GetAchievement.xml,Rule-Obj-Activity,Local.TotalEstCASHCALL,0
Activity/Property-Set,GetAchievement.xml,Rule-Obj-Activity,Local.TotalEstCASHCALL,Local.TotalEstCASHCALL + (.EstimationCASHCALLtoIDR)
Activity/Property-Set,GetAchievement.xml,Rule-Obj-Activity,Local.TotalOsCASHCALL,0
Activity/Property-Set,GetAchievement.xml,Rule-Obj-Activity,Local.TotalOsCASHCALL,Local.TotalOsCASHCALL + (.OutstandingCASHCALLtoIDR)
Activity/Property-Set,GetAchievement.xml,Rule-Obj-Activity,Local.TotalOsClaim,0
Activity/Property-Set,GetAchievement.xml,Rule-Obj-Activity,Local.TotalOsClaim,Local.TotalOsClaim + (.OutstandingClaimtoIDR)
Activity/Property-Set,GetAchievement.xml,Rule-Obj-Activity,Local.TotalPremium,0
Activity/Property-Set,GetAchievement.xml,Rule-Obj-Activity,Local.TotalPremium,Local.TotalPremium + @toDecimal(.PREMIUMtoIDR)
Activity/Property-Set,GetAchievement.xml,Rule-Obj-Activity,Local.TreatyGroup,.TreatyGroup
Activity/Property-Set,GetAchievement.xml,Rule-Obj-Activity,Local.TreatyGroup1,.CARI4
Activity/Property-Set,GetAchievement.xml,Rule-Obj-Activity,Local.TreatyType,.TreatyType
Activity/Property-Set,GetAchievement.xml,Rule-Obj-Activity,Local.TreatyType1,.CARI5
Activity/Property-Set,GetAchievement.xml,Rule-Obj-Activity,Local.ValueEPI,.Value
Activity/Property-Set,GetAchievement.xml,Rule-Obj-Activity,Local.currencyname,.CARI9
Activity/Property-Set,GetAchievement.xml,Rule-Obj-Activity,Local.idxachiev,.pxListSubscript
Activity/Property-Set,GetAchievement.xml,Rule-Obj-Activity,Local.idxadjustment,.pxListSubscript
Activity/Property-Set,GetAchievement.xml,Rule-Obj-Activity,Local.idxdetail,.pxListSubscript
Activity/Property-Set,GetAchievement.xml,Rule-Obj-Activity,Local.idxlimit,.pxListSubscript
Activity/Property-Set,GetAchievement.xml,Rule-Obj-Activity,Local.idxtemplist,.pxListSubscript
Activity/Property-Set,GetAchievement.xml,Rule-Obj-Activity,Local.nopolis,.NOPOLIS
Activity/Property-Set,GetAchievement.xml,Rule-Obj-Activity,Param.idx,.pxListSubscript
Activity/Property-Set,GetAchievement.xml,Rule-Obj-Activity,SearchCurrencyValueIn.CARI1,.CurrencyID
Activity/Property-Set,GetEstimasiClaim_act.xml,Rule-Obj-Activity,.CARI6,Local.TotalClaim
Activity/Property-Set,GetEstimasiClaim_act.xml,Rule-Obj-Activity,.CARID1,Local.totaladj
Activity/Property-Set,GetEstimasiClaim_act.xml,Rule-Obj-Activity,.CARID2,Local.Valueconversi
Activity/Property-Set,GetEstimasiClaim_act.xml,Rule-Obj-Activity,HistoryClaimEstimasi.pxResults(<APPEND>).CARI1,.CARI1
Activity/Property-Set,GetEstimasiClaim_act.xml,Rule-Obj-Activity,HistoryClaimEstimasi.pxResults(<LAST>).CARI2,"""10026"""
Activity/Property-Set,GetEstimasiClaim_act.xml,Rule-Obj-Activity,HistoryClaimEstimasi.pxResults(<LAST>).CARI3,"""IDR"""
Activity/Property-Set,GetEstimasiClaim_act.xml,Rule-Obj-Activity,HistoryClaimEstimasi.pxResults(<LAST>).CARI4,Local.TotalClaim
Activity/Property-Set,GetEstimasiClaim_act.xml,Rule-Obj-Activity,Local.Curr,.CARI2
Activity/Property-Set,GetEstimasiClaim_act.xml,Rule-Obj-Activity,Local.TotalClaim,0
Activity/Property-Set,GetEstimasiClaim_act.xml,Rule-Obj-Activity,Local.TotalClaim,Local.TotalClaim + .CARID2
Activity/Property-Set,GetEstimasiClaim_act.xml,Rule-Obj-Activity,Local.Valueconversi,.CARID1*Local.conversion
Activity/Property-Set,GetEstimasiClaim_act.xml,Rule-Obj-Activity,Local.conversion,1
Activity/Property-Set,GetEstimasiClaim_act.xml,Rule-Obj-Activity,Local.conversion,SearchCurrencyValueOut.pxResults(1).CARI12
Activity/Property-Set,GetEstimasiClaim_act.xml,Rule-Obj-Activity,Local.nopolis,.CARI1
Activity/Property-Set,GetEstimasiClaim_act.xml,Rule-Obj-Activity,Local.totaladj,0
Activity/Property-Set,GetEstimasiClaim_act.xml,Rule-Obj-Activity,Local.totaladj,Local.totaladj + @toDecimal(.CARI5)
Activity/Property-Set,GetEstimasiClaim_act.xml,Rule-Obj-Activity,Local.totaladj,Local.totaladj + @toDecimal(.CARID2)
Activity/Property-Set,GetEstimasiClaim_act.xml,Rule-Obj-Activity,SearchCurrencyValueIn.CARI1,.CARI2
Activity/Property-Set,GetEstimasiClaim_act.xml,Rule-Obj-Activity,Totalestimasi.pxResults(<APPEND>).CARI1,.CARI2
Activity/Property-Set,GetEstimasiClaim_act.xml,Rule-Obj-Activity,Totalestimasi.pxResults(<LAST>).CARI2,.CARI3
Activity/Property-Set,GetEstimasiClaim_act.xml,Rule-Obj-Activity,Totalestimasi.pxResults(<LAST>).CARI3,.CARI4
Activity/Property-Set,GetHistoryClaim_act.xml,Rule-Obj-Activity,.CARI6,Local.TotalClaim
Activity/Property-Set,GetHistoryClaim_act.xml,Rule-Obj-Activity,.CARID1,Local.totaladj
Activity/Property-Set,GetHistoryClaim_act.xml,Rule-Obj-Activity,.CARID2,Local.Valueconversi
Activity/Property-Set,GetHistoryClaim_act.xml,Rule-Obj-Activity,HistoryClaim.pxResults(<APPEND>).CARI1,.CARI1
Activity/Property-Set,GetHistoryClaim_act.xml,Rule-Obj-Activity,HistoryClaim.pxResults(<LAST>).CARI2,"""10026"""
Activity/Property-Set,GetHistoryClaim_act.xml,Rule-Obj-Activity,HistoryClaim.pxResults(<LAST>).CARI3,"""IDR"""
Activity/Property-Set,GetHistoryClaim_act.xml,Rule-Obj-Activity,HistoryClaim.pxResults(<LAST>).CARI4,Local.TotalClaim
Activity/Property-Set,GetHistoryClaim_act.xml,Rule-Obj-Activity,Local.Curr,.CARI2
Activity/Property-Set,GetHistoryClaim_act.xml,Rule-Obj-Activity,Local.TotalClaim,0
Activity/Property-Set,GetHistoryClaim_act.xml,Rule-Obj-Activity,Local.TotalClaim,Local.TotalClaim + .CARID2
Activity/Property-Set,GetHistoryClaim_act.xml,Rule-Obj-Activity,Local.Valueconversi,.CARID1*Local.conversion
Activity/Property-Set,GetHistoryClaim_act.xml,Rule-Obj-Activity,Local.conversion,1
Activity/Property-Set,GetHistoryClaim_act.xml,Rule-Obj-Activity,Local.conversion,SearchCurrencyValueOut.pxResults(1).CARI12
Activity/Property-Set,GetHistoryClaim_act.xml,Rule-Obj-Activity,Local.nopolis,.CARI1
Activity/Property-Set,GetHistoryClaim_act.xml,Rule-Obj-Activity,Local.totaladj,0
Activity/Property-Set,GetHistoryClaim_act.xml,Rule-Obj-Activity,Local.totaladj,Local.totaladj + @toDecimal(.CARI5)
Activity/Property-Set,GetHistoryClaim_act.xml,Rule-Obj-Activity,Local.totaladj,Local.totaladj + @toDecimal(.CARID2)
Activity/Property-Set,GetHistoryClaim_act.xml,Rule-Obj-Activity,SearchCurrencyValueIn.CARI1,.CARI2
Activity/Property-Set,GetHistoryClaim_act.xml,Rule-Obj-Activity,Totalclaim.pxResults(<APPEND>).CARI1,.CARI2
Activity/Property-Set,GetHistoryClaim_act.xml,Rule-Obj-Activity,Totalclaim.pxResults(<LAST>).CARI2,.CARI3
Activity/Property-Set,GetHistoryClaim_act.xml,Rule-Obj-Activity,Totalclaim.pxResults(<LAST>).CARI3,.CARI4
Activity/Property-Set,GetLinkService.xml,Rule-Obj-Activity,ResponLink.URL,linkService.pxResults(1).URL
Activity/Property-Set,GetMasterTreatyCategory_Act.xml,Rule-Obj-Activity,.CARI2,0
Activity/Property-Set,GetMasterTreatyCategory_Act.xml,Rule-Obj-Activity,.CARI2,ParamDoc.CARI10
Activity/Property-Set,GetMasterTreatyCategory_Act.xml,Rule-Obj-Activity,.CARIDESC,"""Pega Non Proportional Calculation /Perhitungan Pega Non Proportional"""
Activity/Property-Set,GetMasterTreatyCategory_Act.xml,Rule-Obj-Activity,ParamDoc.CARI1,.CARI1
Activity/Property-Set,GetNilaiTotal.xml,Rule-Obj-Activity,Local.idxORLimit,.pxListSubscript
Activity/Property-Set,GetNilaiTotal.xml,Rule-Obj-Activity,Local.idxORNet,.pxListSubscript
Activity/Property-Set,GetNilaiTotal.xml,Rule-Obj-Activity,Local.idxRILimit,.pxListSubscript
Activity/Property-Set,GetNilaiTotal.xml,Rule-Obj-Activity,Local.idxRINet,.pxListSubscript
Activity/Property-Set,GetNilaiTotal.xml,Rule-Obj-Activity,Local.idxTotal,.pxListSubscript
Activity/Property-Set,GetNilaiTotal.xml,Rule-Obj-Activity,Local.idxTotal,0
Activity/Property-Set,GetNilaiTotal.xml,Rule-Obj-Activity,Local.index,0
Activity/Property-Set,GetNilaiTotal.xml,Rule-Obj-Activity,TempORLimit.pxResults(Local.idxORLimit).Currency,.Currency
Activity/Property-Set,GetNilaiTotal.xml,Rule-Obj-Activity,TempORLimit.pxResults(Local.idxORLimit).Value,TempORLimit.pxResults(Local.idxORLimit).Value + .Value
Activity/Property-Set,GetNilaiTotal.xml,Rule-Obj-Activity,TempORNet.pxResults(Local.idxORNet).Currency,.Currency
Activity/Property-Set,GetNilaiTotal.xml,Rule-Obj-Activity,TempORNet.pxResults(Local.idxORNet).Value,TempORNet.pxResults(Local.idxORNet).Value+ .Value
Activity/Property-Set,GetNilaiTotal.xml,Rule-Obj-Activity,TempRILimit.pxResults(Local.idxRILimit).Currency,.Currency
Activity/Property-Set,GetNilaiTotal.xml,Rule-Obj-Activity,TempRILimit.pxResults(Local.idxRILimit).Value,TempRILimit.pxResults(Local.idxRILimit).Value + .Value
Activity/Property-Set,GetNilaiTotal.xml,Rule-Obj-Activity,TempRINet.pxResults(Local.idxRINet).Currency,.Currency
Activity/Property-Set,GetNilaiTotal.xml,Rule-Obj-Activity,TempRINet.pxResults(Local.idxRINet).Value,TempRINet.pxResults(Local.idxRINet).Value + .Value
Activity/Property-Set,GetNilaiTotal.xml,Rule-Obj-Activity,TreatyIn.TotalSpreadedNetPremi(Local.idxTotal).Currency,TempORNet.pxResults(Local.idxTotal).Currency
Activity/Property-Set,GetNilaiTotal.xml,Rule-Obj-Activity,TreatyIn.TotalSpreadedNetPremi(Local.idxTotal).Value,TempORNet.pxResults(Local.idxTotal).Value
Activity/Property-Set,GetNilaiTotal.xml,Rule-Obj-Activity,TreatyIn.TotalSpreadedNetPremiRI(Local.idxTotal).Currency,TempRINet.pxResults(Local.idxTotal).Currency
Activity/Property-Set,GetNilaiTotal.xml,Rule-Obj-Activity,TreatyIn.TotalSpreadedNetPremiRI(Local.idxTotal).Value,TempRINet.pxResults(Local.idxTotal).Value
Activity/Property-Set,GetNilaiTotal.xml,Rule-Obj-Activity,TreatyIn.TotalSpreadedRnmProp(Local.idxTotal).Currency,TempORLimit.pxResults(Local.idxTotal).Currency
Activity/Property-Set,GetNilaiTotal.xml,Rule-Obj-Activity,TreatyIn.TotalSpreadedRnmProp(Local.idxTotal).Value,TempORLimit.pxResults(Local.idxTotal).Value
Activity/Property-Set,GetNilaiTotal.xml,Rule-Obj-Activity,TreatyIn.TotalSpreadedRnmRIProp(Local.idxTotal).Currency,TempRILimit.pxResults(Local.idxTotal).Currency
Activity/Property-Set,GetNilaiTotal.xml,Rule-Obj-Activity,TreatyIn.TotalSpreadedRnmRIProp(Local.idxTotal).Value,TempRILimit.pxResults(Local.idxTotal).Value
Activity/Property-Set,GetNilaiTotalAdjustment.xml,Rule-Obj-Activity,Local.idxORLimit,.pxListSubscript
Activity/Property-Set,GetNilaiTotalAdjustment.xml,Rule-Obj-Activity,Local.idxORNet,.pxListSubscript
Activity/Property-Set,GetNilaiTotalAdjustment.xml,Rule-Obj-Activity,Local.idxRILimit,.pxListSubscript
Activity/Property-Set,GetNilaiTotalAdjustment.xml,Rule-Obj-Activity,Local.idxRINet,.pxListSubscript
Activity/Property-Set,GetNilaiTotalAdjustment.xml,Rule-Obj-Activity,Local.idxTotal,.pxListSubscript
Activity/Property-Set,GetNilaiTotalAdjustment.xml,Rule-Obj-Activity,Local.idxTotal,0
Activity/Property-Set,GetNilaiTotalAdjustment.xml,Rule-Obj-Activity,TempORLimit.pxResults(Local.idxORLimit).Currency,.Currency
Activity/Property-Set,GetNilaiTotalAdjustment.xml,Rule-Obj-Activity,TempORLimit.pxResults(Local.idxORLimit).Value,TempORLimit.pxResults(Local.idxORLimit).Value + .Value
Activity/Property-Set,GetNilaiTotalAdjustment.xml,Rule-Obj-Activity,TempORNet.pxResults(Local.idxORNet).Currency,.Currency
Activity/Property-Set,GetNilaiTotalAdjustment.xml,Rule-Obj-Activity,TempORNet.pxResults(Local.idxORNet).Value,TempORNet.pxResults(Local.idxORNet).Value+ .Value
Activity/Property-Set,GetNilaiTotalAdjustment.xml,Rule-Obj-Activity,TempRILimit.pxResults(Local.idxRILimit).Currency,.Currency
Activity/Property-Set,GetNilaiTotalAdjustment.xml,Rule-Obj-Activity,TempRILimit.pxResults(Local.idxRILimit).Value,TempRILimit.pxResults(Local.idxRILimit).Value + .Value
Activity/Property-Set,GetNilaiTotalAdjustment.xml,Rule-Obj-Activity,TempRINet.pxResults(Local.idxRINet).Currency,.Currency
Activity/Property-Set,GetNilaiTotalAdjustment.xml,Rule-Obj-Activity,TempRINet.pxResults(Local.idxRINet).Value,TempRINet.pxResults(Local.idxRINet).Value + .Value
Activity/Property-Set,GetNilaiTotalAdjustment.xml,Rule-Obj-Activity,TreatyIn.ActualValue.TotalSpreadedNetPremi(Local.idxTotal).Currency,TempORNet.pxResults(Local.idxTotal).Currency
Activity/Property-Set,GetNilaiTotalAdjustment.xml,Rule-Obj-Activity,TreatyIn.ActualValue.TotalSpreadedNetPremi(Local.idxTotal).Value,TempORNet.pxResults(Local.idxTotal).Value
Activity/Property-Set,GetNilaiTotalAdjustment.xml,Rule-Obj-Activity,TreatyIn.ActualValue.TotalSpreadedNetPremiRI(Local.idxTotal).Currency,TempRINet.pxResults(Local.idxTotal).Currency
Activity/Property-Set,GetNilaiTotalAdjustment.xml,Rule-Obj-Activity,TreatyIn.ActualValue.TotalSpreadedNetPremiRI(Local.idxTotal).Value,TempRINet.pxResults(Local.idxTotal).Value
Activity/Property-Set,GetNilaiTotalAdjustment.xml,Rule-Obj-Activity,TreatyIn.ActualValue.TotalSpreadedRnmProp(Local.idxTotal).Currency,TempORLimit.pxResults(Local.idxTotal).Currency
Activity/Property-Set,GetNilaiTotalAdjustment.xml,Rule-Obj-Activity,TreatyIn.ActualValue.TotalSpreadedRnmProp(Local.idxTotal).Value,TempORLimit.pxResults(Local.idxTotal).Value
Activity/Property-Set,GetNilaiTotalAdjustment.xml,Rule-Obj-Activity,TreatyIn.ActualValue.TotalSpreadedRnmRIProp(Local.idxTotal).Currency,TempRILimit.pxResults(Local.idxTotal).Currency
Activity/Property-Set,GetNilaiTotalAdjustment.xml,Rule-Obj-Activity,TreatyIn.ActualValue.TotalSpreadedRnmRIProp(Local.idxTotal).Value,TempRILimit.pxResults(Local.idxTotal).Value
Activity/Property-Set,GetNilaiTotalAdjustment.xml,Rule-Obj-Activity,TreatyIn.ValueDifference.TotalSpreadedNetPremi(Local.idxTotal).Currency,TempORNet.pxResults(Local.idxTotal).Currency
Activity/Property-Set,GetNilaiTotalAdjustment.xml,Rule-Obj-Activity,TreatyIn.ValueDifference.TotalSpreadedNetPremi(Local.idxTotal).Value,TempORNet.pxResults(Local.idxTotal).Value
Activity/Property-Set,GetNilaiTotalAdjustment.xml,Rule-Obj-Activity,TreatyIn.ValueDifference.TotalSpreadedNetPremiRI(Local.idxTotal).Currency,TempRINet.pxResults(Local.idxTotal).Currency
Activity/Property-Set,GetNilaiTotalAdjustment.xml,Rule-Obj-Activity,TreatyIn.ValueDifference.TotalSpreadedNetPremiRI(Local.idxTotal).Value,TempRINet.pxResults(Local.idxTotal).Value
Activity/Property-Set,GetNilaiTotalAdjustment.xml,Rule-Obj-Activity,TreatyIn.ValueDifference.TotalSpreadedRnmProp(Local.idxTotal).Currency,TempORLimit.pxResults(Local.idxTotal).Currency
Activity/Property-Set,GetNilaiTotalAdjustment.xml,Rule-Obj-Activity,TreatyIn.ValueDifference.TotalSpreadedRnmProp(Local.idxTotal).Value,TempORLimit.pxResults(Local.idxTotal).Value
Activity/Property-Set,GetNilaiTotalAdjustment.xml,Rule-Obj-Activity,TreatyIn.ValueDifference.TotalSpreadedRnmRIProp(Local.idxTotal).Currency,TempRILimit.pxResults(Local.idxTotal).Currency
Activity/Property-Set,GetNilaiTotalAdjustment.xml,Rule-Obj-Activity,TreatyIn.ValueDifference.TotalSpreadedRnmRIProp(Local.idxTotal).Value,TempRILimit.pxResults(Local.idxTotal).Value
Activity/Property-Set,GetSpreadingRetro.xml,Rule-Obj-Activity,.SpreadingTypeXOLRetro,OutputParam.CARI2
Activity/Property-Set,GetSpreadingRetro.xml,Rule-Obj-Activity,.SpreadingTypeXOLRetroID,OutputParam.CARI1
Activity/Property-Set,GetSpreadingRetro.xml,Rule-Obj-Activity,Local.Limit,.Limit
Activity/Property-Set,GetSpreadingRetro.xml,Rule-Obj-Activity,Local.Limit,0
Activity/Property-Set,GetSpreadingRetro.xml,Rule-Obj-Activity,Local.Limit2,.Limit2
Activity/Property-Set,GetSpreadingRetro.xml,Rule-Obj-Activity,Local.Limit2,0
Activity/Property-Set,GetSpreadingRetro.xml,Rule-Obj-Activity,Local.ReinsName,.NAME
Activity/Property-Set,GetSpreadingRetro.xml,Rule-Obj-Activity,Local.Sharepct,.PctShare
Activity/Property-Set,GetSpreadingRetro.xml,Rule-Obj-Activity,Param.ReinsTypeID,OutputParam.CARI1
Activity/Property-Set,GetSpreadingRetro.xml,Rule-Obj-Activity,Param.idx,.pxListSubscript
Activity/Property-Set,GetSpreadingRetro.xml,Rule-Obj-Activity,Param.pyReportClass,"""ASM-FW-GISFW-Int-TREATYREINSURER"""
Activity/Property-Set,GetSpreadingRetro.xml,Rule-Obj-Activity,Param.pyReportName,"""BrowseDetailTreatyReisurer_RD"""
Activity/Property-Set,GetSpreadingRetro.xml,Rule-Obj-Activity,TreatyIn.FacultativeShareList(Param.idx).ShareFacultativeReinsurers(<APPEND>).ReinsName,Local.ReinsName
Activity/Property-Set,GetSpreadingRetro.xml,Rule-Obj-Activity,TreatyIn.FacultativeShareList(Param.idx).ShareFacultativeReinsurers(<LAST>).Amount,"Local.Limit * @divide(Local.Sharepct,100,2)"
Activity/Property-Set,GetSpreadingRetro.xml,Rule-Obj-Activity,TreatyIn.FacultativeShareList(Param.idx).ShareFacultativeReinsurers(<LAST>).Amount2,"Local.Limit2 * @divide(Local.Sharepct,100,2)"
Activity/Property-Set,GetSpreadingRetro.xml,Rule-Obj-Activity,TreatyIn.FacultativeShareList(Param.idx).ShareFacultativeReinsurers(<LAST>).ReinsID,.ReinsurerID
Activity/Property-Set,GetSpreadingRetro.xml,Rule-Obj-Activity,TreatyIn.FacultativeShareList(Param.idx).ShareFacultativeReinsurers(<LAST>).SharePct,Local.Sharepct
Activity/Property-Set,GetSpreadingRetro.xml,Rule-Obj-Activity,TreatyIn.ShareFacultativeReinsurers(<APPEND>).ReinsName,.NAME
Activity/Property-Set,GetSpreadingRetro.xml,Rule-Obj-Activity,TreatyIn.ShareFacultativeReinsurers(<LAST>).Layer,"""ALL LAYER"""
Activity/Property-Set,GetSpreadingRetro.xml,Rule-Obj-Activity,TreatyIn.ShareFacultativeReinsurers(<LAST>).ReinsID,.ReinsurerID
Activity/Property-Set,GetSpreadingRetro.xml,Rule-Obj-Activity,TreatyIn.ShareFacultativeReinsurers(<LAST>).SharePct,.PctShare
Activity/Property-Set,GetSpreadingRetro.xml,Rule-Obj-Activity,param.pyPageName,TREATYREINSURER
Activity/Property-Set,GetUrlGoogleStorage_Act.xml,Rule-Obj-Activity,.Folder,"@replaceAll(.Folder,""gs://""+.App+""/"","""")"
Activity/Property-Set,GetUrlGoogleStorage_Act.xml,Rule-Obj-Activity,.Folder,"@replaceAll(.Folder,.Namafile,"""")"
Activity/Property-Set,GetUrlGoogleStorage_Act.xml,Rule-Obj-Activity,Param.Url,UpdateDoc.URLImage
Activity/Property-Set,GetUrlGoogleStorage_Act.xml,Rule-Obj-Activity,ParamJSON.App,.App
Activity/Property-Set,GetUrlGoogleStorage_Act.xml,Rule-Obj-Activity,ParamJSON.Durasi,Param.Durasi
Activity/Property-Set,GetUrlGoogleStorage_Act.xml,Rule-Obj-Activity,ParamJSON.Folder,.Folder
Activity/Property-Set,GetUrlGoogleStorage_Act.xml,Rule-Obj-Activity,ParamJSON.Kodestring,.Kodestring
Activity/Property-Set,GetUrlGoogleStorage_Act.xml,Rule-Obj-Activity,ParamJSON.Namafile,.Namafile
Activity/Property-Set,GetUrlGoogleStorage_Act.xml,Rule-Obj-Activity,UpdateDoc.DateTime,UploadDoc.Response.DateTime
Activity/Property-Set,GetUrlGoogleStorage_Act.xml,Rule-Obj-Activity,UpdateDoc.ImageID,UploadDoc.ImageID
Activity/Property-Set,GetUrlGoogleStorage_Act.xml,Rule-Obj-Activity,UpdateDoc.URLImage,UploadDoc.Response.URLImage
Activity/Property-Set,GetUrlGoogleStorage_Act.xml,Rule-Obj-Activity,UpdateDoc.URLImage,UploadDoc.URLImage
Activity/Property-Set,GetUrlGoogleStorage_Act.xml,Rule-Obj-Activity,UpdateDoc.appfolder,UploadDoc.Response.appfolder
Activity/Property-Set,GetUrlGoogleStorage_Act.xml,Rule-Obj-Activity,UpdateDoc.exp,"@FormatDateTime(UpdateDoc.exp,""dd/MM/yyyy HH:mm:ss"",""GMT"",""in_ID"")"
Activity/Property-Set,GetUrlGoogleStorage_Act.xml,Rule-Obj-Activity,UpdateDoc.exp,"@substring(@pxReplaceAllViaRegex(UploadDoc.Response.exp, ""[-:]"", """"),0,19) + "" GMT"""
Activity/Property-Set,GetUrlGoogleStorage_Act.xml,Rule-Obj-Activity,UploadDoc.ImageID,Param.ImageID
Activity/Property-Set,GetUrlGoogleStorage_Act.xml,Rule-Obj-Activity,UploadDoc.JSON,@GetPageJSONString()
Activity/Property-Set,GetUrlGoogleStorage_Act.xml,Rule-Obj-Activity,UploadDoc.JSON,"@replaceAll(UploadDoc.JSON,""\""""+Param.Durasi+""\"""",Param.Durasi)"
Activity/Property-Set,InputParamUploadReas_act.xml,Rule-Obj-Activity,TempInputParam.PNOTE,Param.GCNMCategory
Activity/Property-Set,InputParamUploadReas_act.xml,Rule-Obj-Activity,TempInputParam.pyCategory,Param.category
Activity/Property-Set,InputParamUploadReas_act.xml,Rule-Obj-Activity,TempInputParam.pzInsKey,Param.pzInsKey
Activity/Property-Set,InsertGoogleStorage_Act.xml,Rule-Obj-Activity,.Durasi,Param.Durasi
Activity/Property-Set,InsertGoogleStorage_Act.xml,Rule-Obj-Activity,.Folder,"Param.Folder+""/Doc/""+@CurrentDate(""YYYY"",""Asia/Jakarta"")+""/""+@CurrentDate(""MM"",""Asia/Jakarta"")+""/"""
Activity/Property-Set,InsertGoogleStorage_Act.xml,Rule-Obj-Activity,.Image,Param.Image
Activity/Property-Set,InsertGoogleStorage_Act.xml,Rule-Obj-Activity,.JSON,@GetPageJSONString()
Activity/Property-Set,InsertGoogleStorage_Act.xml,Rule-Obj-Activity,.JSON,"@replaceAll(.JSON,""\""""+Param.Durasi+""\"""",Param.Durasi)"
Activity/Property-Set,InsertGoogleStorage_Act.xml,Rule-Obj-Activity,.Namafile,"@CurrentDate(""yyyyMMdd-hhmmss-S"",""Asia/Jakarta"")+"" - ""+Param.Namafile"
Activity/Property-Set,InsertGoogleStorage_Act.xml,Rule-Obj-Activity,.ext,@toLowerCase(Param.Ext)
Activity/Property-Set,InsertGoogleStorage_Act.xml,Rule-Obj-Activity,InsertDoc.App,UploadDoc.App
Activity/Property-Set,InsertGoogleStorage_Act.xml,Rule-Obj-Activity,InsertDoc.Namafile,UploadDoc.Namafile
Activity/Property-Set,InsertGoogleStorage_Act.xml,Rule-Obj-Activity,InsertDoc.URLImage,UploadDoc.Response.URLImage
Activity/Property-Set,InsertGoogleStorage_Act.xml,Rule-Obj-Activity,InsertDoc.appfolder,UploadDoc.Response.appfolder
Activity/Property-Set,InsertGoogleStorage_Act.xml,Rule-Obj-Activity,InsertDoc.exp,"@FormatDateTime(InsertDoc.exp,""dd/MM/yyyy HH:mm:ss"",""GMT"",""in_ID"")"
Activity/Property-Set,InsertGoogleStorage_Act.xml,Rule-Obj-Activity,InsertDoc.exp,"@substring(@pxReplaceAllViaRegex(UploadDoc.Response.exp, ""[-:]"", """"),0,19) + "" GMT"""
Activity/Property-Set,InsertGoogleStorage_Act.xml,Rule-Obj-Activity,Param.ImageID,InsertDoc.ImageID
Activity/Property-Set,InsertToLogAchievement.xml,Rule-Obj-Activity,InputParam.CARI1,TreatyIn.ID
Activity/Property-Set,InsertToLogAchievement.xml,Rule-Obj-Activity,InputParam.CARI2,OperatorID.pxUpdateOperator
Activity/Property-Set,InsertToLogAchievement.xml,Rule-Obj-Activity,Local.idx,.pxListSubscript
Activity/Property-Set,InsertToLogAchievement.xml,Rule-Obj-Activity,TempInput.BROKERAGE,.BROKERAGE
Activity/Property-Set,InsertToLogAchievement.xml,Rule-Obj-Activity,TempInput.CASHCALL,.CASHCALL
Activity/Property-Set,InsertToLogAchievement.xml,Rule-Obj-Activity,TempInput.Currency,.Currency
Activity/Property-Set,InsertToLogAchievement.xml,Rule-Obj-Activity,TempInput.CurrencyID,.CurrencyID
Activity/Property-Set,InsertToLogAchievement.xml,Rule-Obj-Activity,TempInput.IncuredClaim,.IncuredClaim
Activity/Property-Set,InsertToLogAchievement.xml,Rule-Obj-Activity,TempInput.LossRatio,.LossRatio
Activity/Property-Set,InsertToLogAchievement.xml,Rule-Obj-Activity,TempInput.NETPREMIUM,.NETPREMIUM
Activity/Property-Set,InsertToLogAchievement.xml,Rule-Obj-Activity,TempInput.OutstandingClaim,.OutstandingClaim
Activity/Property-Set,InsertToLogAchievement.xml,Rule-Obj-Activity,TempInput.PREMIUM,.PREMIUM
Activity/Property-Set,InsertToLogAchievement.xml,Rule-Obj-Activity,TempInput.PaidClaim,.PaidClaim
Activity/Property-Set,InsertToLogAchievement.xml,Rule-Obj-Activity,TempInput.QUARTERYEAR,.QUARTERYEAR
Activity/Property-Set,InsertToLogAchievement.xml,Rule-Obj-Activity,TempInput.Quarter,.Quarter
Activity/Property-Set,InsertToLogAchievement.xml,Rule-Obj-Activity,TempInput.RICOMM,.RICOMM
Activity/Property-Set,InsertToLogAchievement.xml,Rule-Obj-Activity,TempInput.Total,.Total
Activity/Property-Set,LimitCalculation.xml,Rule-Obj-Activity,.CessionPct,.Surplus * 100
Activity/Property-Set,LimitCalculation.xml,Rule-Obj-Activity,.CessionPct,100 - .RetentionPct
Activity/Property-Set,LimitCalculation.xml,Rule-Obj-Activity,.IOOPct,.Surplus * 100
Activity/Property-Set,LimitCalculation.xml,Rule-Obj-Activity,.RetentionPct,100 - .QSPct
Activity/Property-Set,LimitCalculation.xml,Rule-Obj-Activity,.TreatyType,
Activity/Property-Set,LimitCalculation.xml,Rule-Obj-Activity,Primary.CessionList(<APPEND>).Currency,.Currency
Activity/Property-Set,LimitCalculation.xml,Rule-Obj-Activity,Primary.CessionList(<APPEND>).Value,".Value * @divide(Primary.CessionPct,100,4)"
Activity/Property-Set,LimitCalculation.xml,Rule-Obj-Activity,Primary.CessionList(<LAST>).Currency,.Currency
Activity/Property-Set,LimitCalculation.xml,Rule-Obj-Activity,Primary.CessionList(<LAST>).CurrencyID,.CurrencyID
Activity/Property-Set,LimitCalculation.xml,Rule-Obj-Activity,Primary.CessionList(<LAST>).Value,.Value * Primary.Surplus
Activity/Property-Set,LimitCalculation.xml,Rule-Obj-Activity,Primary.CessionList(<LAST>).Value,.Value * primary.Surplus
Activity/Property-Set,LimitCalculation.xml,Rule-Obj-Activity,Primary.IOOLimitList(<APPEND>).Currency,.Currency
Activity/Property-Set,LimitCalculation.xml,Rule-Obj-Activity,Primary.IOOLimitList(<LAST>).CurrencyID,.CurrencyID
Activity/Property-Set,LimitCalculation.xml,Rule-Obj-Activity,Primary.IOOLimitList(<LAST>).Value,.Value * Primary.Surplus
Activity/Property-Set,LimitCalculation.xml,Rule-Obj-Activity,Primary.IOOLimitList(<LAST>).Value,.Value* Primary.Surplus
Activity/Property-Set,LimitCalculation.xml,Rule-Obj-Activity,Primary.RetentionList(<APPEND>).Currency,.Currency
Activity/Property-Set,LimitCalculation.xml,Rule-Obj-Activity,Primary.RetentionList(<APPEND>).Value,".Value * @divide(Primary.RetentionPct,100,4)"
Activity/Property-Set,LimitCalculation.xml,Rule-Obj-Activity,Primary.RetentionList(<LAST>).Currency,.Currency
Activity/Property-Set,LimitCalculation.xml,Rule-Obj-Activity,Primary.RetentionList(<LAST>).CurrencyID,.CurrencyID
Activity/Property-Set,LimitCalculation.xml,Rule-Obj-Activity,Primary.RetentionList(<LAST>).Value,.Value
Activity/Property-Set,LimitCalculation.xml,Rule-Obj-Activity,TempCob.pxResults(<APPEND>).ClassOfBusiness,.ClassOfBusiness
Activity/Property-Set,LimitCalculation.xml,Rule-Obj-Activity,TempCob.pxResults(<LAST>).ClassOfBusinessID,.ClassOfBusinessID
Activity/Property-Set,LimitCalculation.xml,Rule-Obj-Activity,TempCob.pxResults(<LAST>).TreatyGroup,.TreatyGroup
Activity/Property-Set,LimitCalculation.xml,Rule-Obj-Activity,TempCob.pxResults(<LAST>).TreatyGroupID,.TreatyGroupID
Activity/Property-Set,LimitCalculation.xml,Rule-Obj-Activity,TempSurplus.pxResults(<APPEND>).Currency,.Currency
Activity/Property-Set,LimitCalculation.xml,Rule-Obj-Activity,TempSurplus.pxResults(<LAST>).CurrencyID,.CurrencyID
Activity/Property-Set,LimitCalculation.xml,Rule-Obj-Activity,TempSurplus.pxResults(<LAST>).Value,.Value
Activity/Property-Set,LimitCalculation.xml,Rule-Obj-Activity,local.cob,.TreatyGroup
Activity/Property-Set,LimitCalculation.xml,Rule-Obj-Activity,local.currentcob,.TreatyGroup
Activity/Property-Set,LimitCalculation.xml,Rule-Obj-Activity,primary.COBList(<APPEND>).ClassOfBusiness,.ClassOfBusiness
Activity/Property-Set,LimitCalculation.xml,Rule-Obj-Activity,primary.COBList(<LAST>).ClassOfBusinessID,.ClassOfBusinessID
Activity/Property-Set,LimitCalculation.xml,Rule-Obj-Activity,primary.COBList(<LAST>).TreatyGroup,.TreatyGroup
Activity/Property-Set,LimitCalculation.xml,Rule-Obj-Activity,primary.COBList(<LAST>).TreatyGroupID,.TreatyGroupID
Activity/Property-Set,LoadAttachment.xml,Rule-Obj-Activity,Datain.CARI1,TreatyIn.ID
Activity/Property-Set,LoadAttachment.xml,Rule-Obj-Activity,TempData.AttachmentList,ListAttachment.pxResults
Activity/Property-Set,LoadAttachmentData.xml,Rule-Obj-Activity,Param.LinkRefFrom,Param.LinkRefFrom
Activity/Property-Set,LoadAttachmentData.xml,Rule-Obj-Activity,Param.noreportdisplay,"""true"""
Activity/Property-Set,LoadAttachmentData.xml,Rule-Obj-Activity,Param.pyReportClass,"""Link-Attachment"""
Activity/Property-Set,LoadAttachmentData.xml,Rule-Obj-Activity,Param.pyReportDisplay,"""AllAttachments"""
Activity/Property-Set,LoadAttachmentData.xml,Rule-Obj-Activity,Param.pyReportName,"""pyGetAllAttachments"""
Activity/Property-Set,PremiumReserveCalculate.xml,Rule-Obj-Activity,.ReserveList,""""""
Activity/Property-Set,PremiumReserveCalculate.xml,Rule-Obj-Activity,Primary.ReserveList (<APPEND>).Currency,.Currency
Activity/Property-Set,PremiumReserveCalculate.xml,Rule-Obj-Activity,Primary.ReserveList (<LAST>).Value,.Value * Primary.PremiumReservePct / 100
Activity/Property-Set,PremiumReserveCalculate.xml,Rule-Obj-Activity,Primary.ReserveList(<LAST>).Currency,""""""
Activity/Property-Set,PremiumReserveCalculate.xml,Rule-Obj-Activity,Primary.ReserveList(<LAST>).Value,""""""
Activity/Property-Set,PremiumReserveCalculate.xml,Rule-Obj-Activity,local.error,"""Tidak Boleh Lebih dari 100"""
Activity/Property-Set,RefreshAchievement.xml,Rule-Obj-Activity,.AchievementDate,@CurrentDateTime()
Activity/Property-Set,RefreshAchievement.xml,Rule-Obj-Activity,.AchievementPct,(.Achievement / .EPI) * 100
Activity/Property-Set,RefreshAchievement.xml,Rule-Obj-Activity,.AchievementPct,"@divide(.AchievementLists(local.idx).Total, .EPI, 4)"
Activity/Property-Set,RefreshAchievement.xml,Rule-Obj-Activity,.LossRatio,"@divide(.IncuredClaim, .Total, 4)"
Activity/Property-Set,RefreshAchievement.xml,Rule-Obj-Activity,.LossRatio,"@divide(local.lossratiosum, local.idx, 4)"
Activity/Property-Set,RefreshAchievement.xml,Rule-Obj-Activity,.Total,local.total
Activity/Property-Set,RefreshAchievement.xml,Rule-Obj-Activity,InputParam.CARI1,TreatyIn.ID
Activity/Property-Set,RefreshAchievement.xml,Rule-Obj-Activity,Local.ClaimValue,""""""
Activity/Property-Set,RefreshAchievement.xml,Rule-Obj-Activity,Local.ClaimValue,Local.ClaimValue + .CARI4
Activity/Property-Set,RefreshAchievement.xml,Rule-Obj-Activity,Local.EndQuarter,"@addCalendar(Local.EndQuarter,'0',Local.quarter * 3,'0','0','0','0','0')"
Activity/Property-Set,RefreshAchievement.xml,Rule-Obj-Activity,Local.EndQuarter,TreatyIn.Commencement
Activity/Property-Set,RefreshAchievement.xml,Rule-Obj-Activity,Local.StartQuarter,Local.EndQuarter
Activity/Property-Set,RefreshAchievement.xml,Rule-Obj-Activity,Local.StartQuarter,TreatyIn.Commencement
Activity/Property-Set,RefreshAchievement.xml,Rule-Obj-Activity,Local.quarter,0
Activity/Property-Set,RefreshAchievement.xml,Rule-Obj-Activity,Local.quarter,Local.quarter + 1
Activity/Property-Set,RefreshAchievement.xml,Rule-Obj-Activity,local.errmsg,"""EPI Must not be empty"""
Activity/Property-Set,RefreshAchievement.xml,Rule-Obj-Activity,local.idx,local.idx + 1
Activity/Property-Set,RefreshAchievement.xml,Rule-Obj-Activity,local.lossratiosum,.LossRatio + local.lossratiosum
Activity/Property-Set,RefreshAchievement.xml,Rule-Obj-Activity,local.total,local.total + .Value
Activity/Property-Set,RefreshAchievement.xml,Rule-Obj-Activity,primary.AchievementLists(<APPEND>).PaidClaim,Local.ClaimValue
Activity/Property-Set,SaveTreatyInDetailEdm_Act.xml,Rule-Obj-Activity,InputParam.DATAPEGA,@ASM.GetPageJSONString()
Activity/Property-Set,SaveTreatyInDetailEdm_Act.xml,Rule-Obj-Activity,InputParam.DATAPEGA,@GetPageJSONString()
Activity/Property-Set,SaveTreatyInDetailEdm_Act.xml,Rule-Obj-Activity,InputParam.IDPEGA,"""UnknownId"""
Activity/Property-Set,SaveTreatyInDetailEdm_Act.xml,Rule-Obj-Activity,Local.idx_limits,.pxListSubscript
Activity/Property-Set,SaveTreatyInDetailEdm_Act.xml,Rule-Obj-Activity,SaveData.BROKERAGE,TreatyIn.BrokeragePercent
Activity/Property-Set,SaveTreatyInDetailEdm_Act.xml,Rule-Obj-Activity,SaveData.BROKERAGE,TreatyIn.BrokeragePercentP
Activity/Property-Set,SaveTreatyInDetailEdm_Act.xml,Rule-Obj-Activity,SaveData.CEDING,TreatyIn.Ceding
Activity/Property-Set,SaveTreatyInDetailEdm_Act.xml,Rule-Obj-Activity,SaveData.CEDINGID,TreatyIn.CedingID
Activity/Property-Set,SaveTreatyInDetailEdm_Act.xml,Rule-Obj-Activity,SaveData.CESSIONCURRENCY,.Currency
Activity/Property-Set,SaveTreatyInDetailEdm_Act.xml,Rule-Obj-Activity,SaveData.CESSIONVALUE,.Value
Activity/Property-Set,SaveTreatyInDetailEdm_Act.xml,Rule-Obj-Activity,SaveData.CLASSOFBUSINESS,.ClassOfBusiness
Activity/Property-Set,SaveTreatyInDetailEdm_Act.xml,Rule-Obj-Activity,SaveData.CLASSOFBUSINESSID,.ClassOfBusinessID
Activity/Property-Set,SaveTreatyInDetailEdm_Act.xml,Rule-Obj-Activity,SaveData.CURRENCYID,.CurrencyID
Activity/Property-Set,SaveTreatyInDetailEdm_Act.xml,Rule-Obj-Activity,SaveData.CURRENCY_EQ,.CurrencyEarthquake
Activity/Property-Set,SaveTreatyInDetailEdm_Act.xml,Rule-Obj-Activity,SaveData.CURRENCY_FLOOD_JABO,.CurrencyFloodJab
Activity/Property-Set,SaveTreatyInDetailEdm_Act.xml,Rule-Obj-Activity,SaveData.CURRENCY_FLOOD_NATION,.CurrencyFloodNat
Activity/Property-Set,SaveTreatyInDetailEdm_Act.xml,Rule-Obj-Activity,SaveData.CURRENCY_RSMD,.CurrencyRSMD
Activity/Property-Set,SaveTreatyInDetailEdm_Act.xml,Rule-Obj-Activity,SaveData.DEDUCTION1,0
Activity/Property-Set,SaveTreatyInDetailEdm_Act.xml,Rule-Obj-Activity,SaveData.DEDUCTION1,SaveData.DEDUCTION1 + .Deduction
Activity/Property-Set,SaveTreatyInDetailEdm_Act.xml,Rule-Obj-Activity,SaveData.DEDUCTION2,0
Activity/Property-Set,SaveTreatyInDetailEdm_Act.xml,Rule-Obj-Activity,SaveData.DEDUCTION2,SaveData.DEDUCTION2 + .Deduction
Activity/Property-Set,SaveTreatyInDetailEdm_Act.xml,Rule-Obj-Activity,SaveData.EPICURRENCY,.Currency
Activity/Property-Set,SaveTreatyInDetailEdm_Act.xml,Rule-Obj-Activity,SaveData.EPIVALUE,.Value
Activity/Property-Set,SaveTreatyInDetailEdm_Act.xml,Rule-Obj-Activity,SaveData.INSTALLMENT,TreatyIn.Installment
Activity/Property-Set,SaveTreatyInDetailEdm_Act.xml,Rule-Obj-Activity,SaveData.INSTALLMENTNO,TreatyIn.InstallmentNo
Activity/Property-Set,SaveTreatyInDetailEdm_Act.xml,Rule-Obj-Activity,SaveData.LAYER,.Layer
Activity/Property-Set,SaveTreatyInDetailEdm_Act.xml,Rule-Obj-Activity,SaveData.LAYERPART,.LayerPart
Activity/Property-Set,SaveTreatyInDetailEdm_Act.xml,Rule-Obj-Activity,SaveData.LAYERPARTTYPE,.LayerPartType
Activity/Property-Set,SaveTreatyInDetailEdm_Act.xml,Rule-Obj-Activity,SaveData.LAYERTYPE,.LayerType
Activity/Property-Set,SaveTreatyInDetailEdm_Act.xml,Rule-Obj-Activity,SaveData.LIMITCURRENCY,.Currency
Activity/Property-Set,SaveTreatyInDetailEdm_Act.xml,Rule-Obj-Activity,SaveData.LIMITVALUE,.Value
Activity/Property-Set,SaveTreatyInDetailEdm_Act.xml,Rule-Obj-Activity,SaveData.LIMIT_EQ,.Earthquake
Activity/Property-Set,SaveTreatyInDetailEdm_Act.xml,Rule-Obj-Activity,SaveData.LIMIT_FLOOD_JABO,.FloodJab
Activity/Property-Set,SaveTreatyInDetailEdm_Act.xml,Rule-Obj-Activity,SaveData.LIMIT_FLOOD_NATION,.FloodNation
Activity/Property-Set,SaveTreatyInDetailEdm_Act.xml,Rule-Obj-Activity,SaveData.LIMIT_RSMD,.RSMDLimit
Activity/Property-Set,SaveTreatyInDetailEdm_Act.xml,Rule-Obj-Activity,SaveData.MDPCURRENCY,.Currency
Activity/Property-Set,SaveTreatyInDetailEdm_Act.xml,Rule-Obj-Activity,SaveData.MDPVALUE,.Value
Activity/Property-Set,SaveTreatyInDetailEdm_Act.xml,Rule-Obj-Activity,SaveData.NETPREMICURRENCY,.Currency
Activity/Property-Set,SaveTreatyInDetailEdm_Act.xml,Rule-Obj-Activity,SaveData.NETPREMIVALUE,.Value
Activity/Property-Set,SaveTreatyInDetailEdm_Act.xml,Rule-Obj-Activity,SaveData.PROPORTIONTYPE,TreatyIn.ProportionType
Activity/Property-Set,SaveTreatyInDetailEdm_Act.xml,Rule-Obj-Activity,SaveData.QS_OR,.Pct
Activity/Property-Set,SaveTreatyInDetailEdm_Act.xml,Rule-Obj-Activity,SaveData.QS_OR,.SharePct
Activity/Property-Set,SaveTreatyInDetailEdm_Act.xml,Rule-Obj-Activity,SaveData.QS_PCT,.QSPct
Activity/Property-Set,SaveTreatyInDetailEdm_Act.xml,Rule-Obj-Activity,SaveData.QS_RI,.Pct
Activity/Property-Set,SaveTreatyInDetailEdm_Act.xml,Rule-Obj-Activity,SaveData.QS_RI,.SharePct
Activity/Property-Set,SaveTreatyInDetailEdm_Act.xml,Rule-Obj-Activity,SaveData.RETENTIONCURRENCY,.Currency
Activity/Property-Set,SaveTreatyInDetailEdm_Act.xml,Rule-Obj-Activity,SaveData.RETENTIONVALUE,.Value
Activity/Property-Set,SaveTreatyInDetailEdm_Act.xml,Rule-Obj-Activity,SaveData.RIOGR,"@if(@toDecimal(.RIOGR)>100,@divide(@toDecimal(.RIOGR),10,2),@toDecimal(.RIOGR))"
Activity/Property-Set,SaveTreatyInDetailEdm_Act.xml,Rule-Obj-Activity,SaveData.RIONR,"@if(@toDecimal(.RIONR)>100,@divide(@toDecimal(.RIONR),10,2),@toDecimal(.RIONR))"
Activity/Property-Set,SaveTreatyInDetailEdm_Act.xml,Rule-Obj-Activity,SaveData.RNM_SHARE,"@if(.RNMShare = """", TreatyIn.RNMShareP , .RNMShare)"
Activity/Property-Set,SaveTreatyInDetailEdm_Act.xml,Rule-Obj-Activity,SaveData.RNM_SHARE,TreatyIn.RNMShare
Activity/Property-Set,SaveTreatyInDetailEdm_Act.xml,Rule-Obj-Activity,SaveData.SHARECURRENCY,.Currency
Activity/Property-Set,SaveTreatyInDetailEdm_Act.xml,Rule-Obj-Activity,SaveData.SHAREVALUE,.Value
Activity/Property-Set,SaveTreatyInDetailEdm_Act.xml,Rule-Obj-Activity,SaveData.SOB,TreatyIn.LeadingReinsSource
Activity/Property-Set,SaveTreatyInDetailEdm_Act.xml,Rule-Obj-Activity,SaveData.SOBID,TreatyIn.LeadingReinsSourceID
Activity/Property-Set,SaveTreatyInDetailEdm_Act.xml,Rule-Obj-Activity,SaveData.SPL_LINE,.Surplus
Activity/Property-Set,SaveTreatyInDetailEdm_Act.xml,Rule-Obj-Activity,SaveData.SPREADINGTYPE,.ReinsTypeName
Activity/Property-Set,SaveTreatyInDetailEdm_Act.xml,Rule-Obj-Activity,SaveData.SPREADINGTYPE,.SpreadingType
Activity/Property-Set,SaveTreatyInDetailEdm_Act.xml,Rule-Obj-Activity,SaveData.SPREADINGTYPE,.SpreadingTypeXOL
Activity/Property-Set,SaveTreatyInDetailEdm_Act.xml,Rule-Obj-Activity,SaveData.SPREADINGTYPEID,.ReinsTypeID
Activity/Property-Set,SaveTreatyInDetailEdm_Act.xml,Rule-Obj-Activity,SaveData.SPREADINGTYPEID,.SpreadingTypeID
Activity/Property-Set,SaveTreatyInDetailEdm_Act.xml,Rule-Obj-Activity,SaveData.SPREADINGTYPEID,.SpreadingTypeIDXOL
Activity/Property-Set,SaveTreatyInDetailEdm_Act.xml,Rule-Obj-Activity,SaveData.SPREAD_RNM_SHARE_PCT,.Pct
Activity/Property-Set,SaveTreatyInDetailEdm_Act.xml,Rule-Obj-Activity,SaveData.SPREAD_RNM_SHARE_VALUE,0
Activity/Property-Set,SaveTreatyInDetailEdm_Act.xml,Rule-Obj-Activity,SaveData.SPREAD_RNM_SHARE_VALUE,SaveData.SPREAD_RNM_SHARE_VALUE + .Amount
Activity/Property-Set,SaveTreatyInDetailEdm_Act.xml,Rule-Obj-Activity,SaveData.TREATYCONTRACTNAME,TreatyIn.TreatyContractName
Activity/Property-Set,SaveTreatyInDetailEdm_Act.xml,Rule-Obj-Activity,SaveData.TREATYGROUP,.TreatyGroup
Activity/Property-Set,SaveTreatyInDetailEdm_Act.xml,Rule-Obj-Activity,SaveData.TREATYGROUPID,.TreatyGroupID
Activity/Property-Set,SaveTreatyInDetailEdm_Act.xml,Rule-Obj-Activity,SaveData.TREATYID,TreatyIn.ID
Activity/Property-Set,SaveTreatyInDetailEdm_Act.xml,Rule-Obj-Activity,SaveData.TREATYTYPE,.TreatyType
Activity/Property-Set,SaveTreatyInDetailEdm_Act.xml,Rule-Obj-Activity,SaveData.TREATYYEAR,TreatyIn.TreatyYear
Activity/Property-Set,SaveTreatyInDetailEdm_Act.xml,Rule-Obj-Activity,local.idx_detail,.pxListSubscript
Activity/Property-Set,SaveTreatyInDetailEdm_Act.xml,Rule-Obj-Activity,local.idx_limits,.pxListSubscript
Activity/Property-Set,SaveTreatyInDetail_Act.xml,Rule-Obj-Activity,InputParam.DATAPEGA,@ASM.GetPageJSONString()
Activity/Property-Set,SaveTreatyInDetail_Act.xml,Rule-Obj-Activity,InputParam.DATAPEGA,@GetPageJSONString()
Activity/Property-Set,SaveTreatyInDetail_Act.xml,Rule-Obj-Activity,InputParam.IDPEGA,"""UnknownId"""
Activity/Property-Set,SaveTreatyInDetail_Act.xml,Rule-Obj-Activity,Local.idx_limits,.pxListSubscript
Activity/Property-Set,SaveTreatyInDetail_Act.xml,Rule-Obj-Activity,Local.idx_spreadlist,.pxListSubscript
Activity/Property-Set,SaveTreatyInDetail_Act.xml,Rule-Obj-Activity,SaveData.ADJUSMENT_RATE,TreatyIn.Limits(Local.idx_limits).AdjRate
Activity/Property-Set,SaveTreatyInDetail_Act.xml,Rule-Obj-Activity,SaveData.BROKERAGE,TreatyIn.BrokeragePercent
Activity/Property-Set,SaveTreatyInDetail_Act.xml,Rule-Obj-Activity,SaveData.BROKERAGE,TreatyIn.BrokeragePercentP
Activity/Property-Set,SaveTreatyInDetail_Act.xml,Rule-Obj-Activity,SaveData.CEDING,TreatyIn.Ceding
Activity/Property-Set,SaveTreatyInDetail_Act.xml,Rule-Obj-Activity,SaveData.CEDINGID,TreatyIn.CedingID
Activity/Property-Set,SaveTreatyInDetail_Act.xml,Rule-Obj-Activity,SaveData.CESSIONCURRENCY,.Currency
Activity/Property-Set,SaveTreatyInDetail_Act.xml,Rule-Obj-Activity,SaveData.CESSIONVALUE,.Value
Activity/Property-Set,SaveTreatyInDetail_Act.xml,Rule-Obj-Activity,SaveData.CURRENCYID,.CurrencyID
Activity/Property-Set,SaveTreatyInDetail_Act.xml,Rule-Obj-Activity,SaveData.CURRENCY_EQ,.CurrencyEarthquake
Activity/Property-Set,SaveTreatyInDetail_Act.xml,Rule-Obj-Activity,SaveData.CURRENCY_FLOOD_JABO,.CurrencyFloodJab
Activity/Property-Set,SaveTreatyInDetail_Act.xml,Rule-Obj-Activity,SaveData.CURRENCY_FLOOD_NATION,.CurrencyFloodNat
Activity/Property-Set,SaveTreatyInDetail_Act.xml,Rule-Obj-Activity,SaveData.CURRENCY_RSMD,.CurrencyRSMD
Activity/Property-Set,SaveTreatyInDetail_Act.xml,Rule-Obj-Activity,SaveData.DEDUCTIBLE,TreatyIn.Limits(Local.idx_limits).Deductible
Activity/Property-Set,SaveTreatyInDetail_Act.xml,Rule-Obj-Activity,SaveData.DEDUCTIBLE2,TreatyIn.Limits(Local.idx_limits).Deductible2
Activity/Property-Set,SaveTreatyInDetail_Act.xml,Rule-Obj-Activity,SaveData.DEDUCTION1,0
Activity/Property-Set,SaveTreatyInDetail_Act.xml,Rule-Obj-Activity,SaveData.DEDUCTION1,SaveData.DEDUCTION1 + .Deduction
Activity/Property-Set,SaveTreatyInDetail_Act.xml,Rule-Obj-Activity,SaveData.DEDUCTION2,0
Activity/Property-Set,SaveTreatyInDetail_Act.xml,Rule-Obj-Activity,SaveData.DEDUCTION2,SaveData.DEDUCTION2 + .Deduction
Activity/Property-Set,SaveTreatyInDetail_Act.xml,Rule-Obj-Activity,SaveData.EPICURRENCY,.Currency
Activity/Property-Set,SaveTreatyInDetail_Act.xml,Rule-Obj-Activity,SaveData.EPIVALUE,.Value
Activity/Property-Set,SaveTreatyInDetail_Act.xml,Rule-Obj-Activity,SaveData.INSTALLMENT,TreatyIn.Installment
Activity/Property-Set,SaveTreatyInDetail_Act.xml,Rule-Obj-Activity,SaveData.INSTALLMENTNO,TreatyIn.InstallmentNo
Activity/Property-Set,SaveTreatyInDetail_Act.xml,Rule-Obj-Activity,SaveData.LAYER,.Layer
Activity/Property-Set,SaveTreatyInDetail_Act.xml,Rule-Obj-Activity,SaveData.LAYERPART,.LayerPart
Activity/Property-Set,SaveTreatyInDetail_Act.xml,Rule-Obj-Activity,SaveData.LAYERPARTTYPE,.LayerPartType
Activity/Property-Set,SaveTreatyInDetail_Act.xml,Rule-Obj-Activity,SaveData.LAYERTYPE,.LayerType
Activity/Property-Set,SaveTreatyInDetail_Act.xml,Rule-Obj-Activity,SaveData.LIMITCURRENCY,.Currency
Activity/Property-Set,SaveTreatyInDetail_Act.xml,Rule-Obj-Activity,SaveData.LIMITVALUE,.Value
Activity/Property-Set,SaveTreatyInDetail_Act.xml,Rule-Obj-Activity,SaveData.LIMIT_EQ,.Earthquake
Activity/Property-Set,SaveTreatyInDetail_Act.xml,Rule-Obj-Activity,SaveData.LIMIT_FLOOD_JABO,.FloodJab
Activity/Property-Set,SaveTreatyInDetail_Act.xml,Rule-Obj-Activity,SaveData.LIMIT_FLOOD_NATION,.FloodNation
Activity/Property-Set,SaveTreatyInDetail_Act.xml,Rule-Obj-Activity,SaveData.LIMIT_RSMD,.RSMDLimit
Activity/Property-Set,SaveTreatyInDetail_Act.xml,Rule-Obj-Activity,SaveData.MDP,.Value
Activity/Property-Set,SaveTreatyInDetail_Act.xml,Rule-Obj-Activity,SaveData.MDPCURRENCY,.Currency
Activity/Property-Set,SaveTreatyInDetail_Act.xml,Rule-Obj-Activity,SaveData.MDPVALUE,.Value
Activity/Property-Set,SaveTreatyInDetail_Act.xml,Rule-Obj-Activity,SaveData.MDP_PCT,TreatyIn.Limits(Local.idx_limits).MDPPct
Activity/Property-Set,SaveTreatyInDetail_Act.xml,Rule-Obj-Activity,SaveData.NETPREMICURRENCY,.Currency
Activity/Property-Set,SaveTreatyInDetail_Act.xml,Rule-Obj-Activity,SaveData.NETPREMIVALUE,.Value
Activity/Property-Set,SaveTreatyInDetail_Act.xml,Rule-Obj-Activity,SaveData.PREMIUM_EARNED,.Value
Activity/Property-Set,SaveTreatyInDetail_Act.xml,Rule-Obj-Activity,SaveData.PROPORTIONTYPE,TreatyIn.ProportionType
Activity/Property-Set,SaveTreatyInDetail_Act.xml,Rule-Obj-Activity,SaveData.QS_OR,.Pct
Activity/Property-Set,SaveTreatyInDetail_Act.xml,Rule-Obj-Activity,SaveData.QS_OR,.SharePct
Activity/Property-Set,SaveTreatyInDetail_Act.xml,Rule-Obj-Activity,SaveData.QS_PCT,.QSPct
Activity/Property-Set,SaveTreatyInDetail_Act.xml,Rule-Obj-Activity,SaveData.QS_RI,.Pct
Activity/Property-Set,SaveTreatyInDetail_Act.xml,Rule-Obj-Activity,SaveData.QS_RI,.SharePct
Activity/Property-Set,SaveTreatyInDetail_Act.xml,Rule-Obj-Activity,SaveData.RETENTIONCURRENCY,.Currency
Activity/Property-Set,SaveTreatyInDetail_Act.xml,Rule-Obj-Activity,SaveData.RETENTIONVALUE,.Value
Activity/Property-Set,SaveTreatyInDetail_Act.xml,Rule-Obj-Activity,SaveData.RIOGR,"@if(@toDecimal(.RIOGR)>100,@divide(@toDecimal(.RIOGR),10,2),@toDecimal(.RIOGR))"
Activity/Property-Set,SaveTreatyInDetail_Act.xml,Rule-Obj-Activity,SaveData.RIONR,"@if(@toDecimal(.RIONR)>100,@divide(@toDecimal(.RIONR),10,2),@toDecimal(.RIONR))"
Activity/Property-Set,SaveTreatyInDetail_Act.xml,Rule-Obj-Activity,SaveData.RNM_SHARE,"@if(.RNMShare = """", TreatyIn.RNMShareP , .RNMShare)"
Activity/Property-Set,SaveTreatyInDetail_Act.xml,Rule-Obj-Activity,SaveData.RNM_SHARE,TreatyIn.RNMShare
Activity/Property-Set,SaveTreatyInDetail_Act.xml,Rule-Obj-Activity,SaveData.ROL_PCT,TreatyIn.Limits(Local.idx_limits).ROLPct
Activity/Property-Set,SaveTreatyInDetail_Act.xml,Rule-Obj-Activity,SaveData.SHARECURRENCY,.Currency
Activity/Property-Set,SaveTreatyInDetail_Act.xml,Rule-Obj-Activity,SaveData.SHAREVALUE,.Value
Activity/Property-Set,SaveTreatyInDetail_Act.xml,Rule-Obj-Activity,SaveData.SOB,TreatyIn.LeadingReinsSource
Activity/Property-Set,SaveTreatyInDetail_Act.xml,Rule-Obj-Activity,SaveData.SOBID,TreatyIn.LeadingReinsSourceID
Activity/Property-Set,SaveTreatyInDetail_Act.xml,Rule-Obj-Activity,SaveData.SPL_LINE,.Surplus
Activity/Property-Set,SaveTreatyInDetail_Act.xml,Rule-Obj-Activity,SaveData.SPREADINGTYPE,.ReinsTypeName
Activity/Property-Set,SaveTreatyInDetail_Act.xml,Rule-Obj-Activity,SaveData.SPREADINGTYPE,.SpreadingType
Activity/Property-Set,SaveTreatyInDetail_Act.xml,Rule-Obj-Activity,SaveData.SPREADINGTYPE,.SpreadingTypeXOL
Activity/Property-Set,SaveTreatyInDetail_Act.xml,Rule-Obj-Activity,SaveData.SPREADINGTYPEID,.ReinsTypeID
Activity/Property-Set,SaveTreatyInDetail_Act.xml,Rule-Obj-Activity,SaveData.SPREADINGTYPEID,.SpreadingTypeID
Activity/Property-Set,SaveTreatyInDetail_Act.xml,Rule-Obj-Activity,SaveData.SPREADINGTYPEID,.SpreadingTypeIDXOL
Activity/Property-Set,SaveTreatyInDetail_Act.xml,Rule-Obj-Activity,SaveData.SPREAD_RNM_SHARE_PCT,.Pct
Activity/Property-Set,SaveTreatyInDetail_Act.xml,Rule-Obj-Activity,SaveData.SPREAD_RNM_SHARE_VALUE,.Value
Activity/Property-Set,SaveTreatyInDetail_Act.xml,Rule-Obj-Activity,SaveData.SPREAD_RNM_SHARE_VALUE,0
Activity/Property-Set,SaveTreatyInDetail_Act.xml,Rule-Obj-Activity,SaveData.SPREAD_RNM_SHARE_VALUE,SaveData.SPREAD_RNM_SHARE_VALUE +  .Amount
Activity/Property-Set,SaveTreatyInDetail_Act.xml,Rule-Obj-Activity,SaveData.TREATYCONTRACTNAME,TreatyIn.TreatyContractName
Activity/Property-Set,SaveTreatyInDetail_Act.xml,Rule-Obj-Activity,SaveData.TREATYGROUP,.TreatyGroup
Activity/Property-Set,SaveTreatyInDetail_Act.xml,Rule-Obj-Activity,SaveData.TREATYGROUPID,.TreatyGroupID
Activity/Property-Set,SaveTreatyInDetail_Act.xml,Rule-Obj-Activity,SaveData.TREATYID,TreatyIn.ID
Activity/Property-Set,SaveTreatyInDetail_Act.xml,Rule-Obj-Activity,SaveData.TREATYTYPE,.TreatyType
Activity/Property-Set,SaveTreatyInDetail_Act.xml,Rule-Obj-Activity,SaveData.TREATYYEAR,TreatyIn.TreatyYear
Activity/Property-Set,SaveTreatyInDetail_Act.xml,Rule-Obj-Activity,local.idx_detail,.pxListSubscript
Activity/Property-Set,SaveTreatyInDetail_Act.xml,Rule-Obj-Activity,local.idx_limits,.pxListSubscript
Activity/Property-Set,SaveTreatyInOfferNonProp1_Act.xml,Rule-Obj-Activity,Local.idxLimits,.pxListSubscript
Activity/Property-Set,SaveTreatyInOfferNonProp1_Act.xml,Rule-Obj-Activity,SaveData1.BROKERAGEPCT,TreatyIn.BrokeragePercent
Activity/Property-Set,SaveTreatyInOfferNonProp1_Act.xml,Rule-Obj-Activity,SaveData1.CLASSOFBUSINESS,.ClassOfBusiness
Activity/Property-Set,SaveTreatyInOfferNonProp1_Act.xml,Rule-Obj-Activity,SaveData1.CLASSOFBUSINESSID,.ClassOfBusinessID
Activity/Property-Set,SaveTreatyInOfferNonProp1_Act.xml,Rule-Obj-Activity,SaveData1.LAYER,.Layer
Activity/Property-Set,SaveTreatyInOfferNonProp1_Act.xml,Rule-Obj-Activity,SaveData1.LAYERPART,.LayerPart
Activity/Property-Set,SaveTreatyInOfferNonProp1_Act.xml,Rule-Obj-Activity,SaveData1.LAYERPARTTYPE,.LayerPartType
Activity/Property-Set,SaveTreatyInOfferNonProp1_Act.xml,Rule-Obj-Activity,SaveData1.LAYERTYPE,.LayerType
Activity/Property-Set,SaveTreatyInOfferNonProp1_Act.xml,Rule-Obj-Activity,SaveData1.LIMITSCURRENCY,.Currency
Activity/Property-Set,SaveTreatyInOfferNonProp1_Act.xml,Rule-Obj-Activity,SaveData1.LIMITSCURRENCY2,.Currency2
Activity/Property-Set,SaveTreatyInOfferNonProp1_Act.xml,Rule-Obj-Activity,SaveData1.LIMITSVALUE,.Limit
Activity/Property-Set,SaveTreatyInOfferNonProp1_Act.xml,Rule-Obj-Activity,SaveData1.LIMITSVALUE2,.Limit2
Activity/Property-Set,SaveTreatyInOfferNonProp1_Act.xml,Rule-Obj-Activity,SaveData1.METHOD,NULL
Activity/Property-Set,SaveTreatyInOfferNonProp1_Act.xml,Rule-Obj-Activity,SaveData1.RICOMMCURRENCY,.Currency
Activity/Property-Set,SaveTreatyInOfferNonProp1_Act.xml,Rule-Obj-Activity,SaveData1.RICOMMPCT,.MDPPct
Activity/Property-Set,SaveTreatyInOfferNonProp1_Act.xml,Rule-Obj-Activity,SaveData1.RICOMMVALUE,.Value
Activity/Property-Set,SaveTreatyInOfferNonProp1_Act.xml,Rule-Obj-Activity,SaveData1.SHAREPCT,TreatyIn.RNMShare
Activity/Property-Set,SaveTreatyInOfferNonProp1_Act.xml,Rule-Obj-Activity,SaveData1.TREATYGROUP,.TreatyGroup
Activity/Property-Set,SaveTreatyInOfferNonProp1_Act.xml,Rule-Obj-Activity,SaveData1.TREATYTYPE,NULL
Activity/Property-Set,SaveTreatyInOfferProportional_Act.xml,Rule-Obj-Activity,SaveData1.BROKERAGEPCT,TreatyIn.BrokeragePercentP
Activity/Property-Set,SaveTreatyInOfferProportional_Act.xml,Rule-Obj-Activity,SaveData1.CLASSOFBUSINESS,.ClassOfBusiness
Activity/Property-Set,SaveTreatyInOfferProportional_Act.xml,Rule-Obj-Activity,SaveData1.CLASSOFBUSINESSID,.ClassOfBusinessID
Activity/Property-Set,SaveTreatyInOfferProportional_Act.xml,Rule-Obj-Activity,SaveData1.CURRENCYSHARE,.Currency
Activity/Property-Set,SaveTreatyInOfferProportional_Act.xml,Rule-Obj-Activity,SaveData1.LAYER,NULL
Activity/Property-Set,SaveTreatyInOfferProportional_Act.xml,Rule-Obj-Activity,SaveData1.LAYERPART,NULL
Activity/Property-Set,SaveTreatyInOfferProportional_Act.xml,Rule-Obj-Activity,SaveData1.LAYERPARTTYPE,NULL
Activity/Property-Set,SaveTreatyInOfferProportional_Act.xml,Rule-Obj-Activity,SaveData1.LAYERTYPE,NULL
Activity/Property-Set,SaveTreatyInOfferProportional_Act.xml,Rule-Obj-Activity,SaveData1.LIMITSCURRENCY,.IOOLimitList(1).Currency
Activity/Property-Set,SaveTreatyInOfferProportional_Act.xml,Rule-Obj-Activity,SaveData1.LIMITSCURRENCY2,NULL
Activity/Property-Set,SaveTreatyInOfferProportional_Act.xml,Rule-Obj-Activity,SaveData1.LIMITSVALUE,.IOOLimitList(1).Value
Activity/Property-Set,SaveTreatyInOfferProportional_Act.xml,Rule-Obj-Activity,SaveData1.LIMITSVALUE2,0
Activity/Property-Set,SaveTreatyInOfferProportional_Act.xml,Rule-Obj-Activity,SaveData1.METHOD,"""OGR"""
Activity/Property-Set,SaveTreatyInOfferProportional_Act.xml,Rule-Obj-Activity,SaveData1.METHOD,"""ONR"""
Activity/Property-Set,SaveTreatyInOfferProportional_Act.xml,Rule-Obj-Activity,SaveData1.RICOMMCURRENCY,NULL
Activity/Property-Set,SaveTreatyInOfferProportional_Act.xml,Rule-Obj-Activity,SaveData1.RICOMMPCT,.RIOGR
Activity/Property-Set,SaveTreatyInOfferProportional_Act.xml,Rule-Obj-Activity,SaveData1.RICOMMPCT,.RIONR
Activity/Property-Set,SaveTreatyInOfferProportional_Act.xml,Rule-Obj-Activity,SaveData1.RICOMMVALUE,0
Activity/Property-Set,SaveTreatyInOfferProportional_Act.xml,Rule-Obj-Activity,SaveData1.SHAREPCT,TreatyIn.RNMShareP
Activity/Property-Set,SaveTreatyInOfferProportional_Act.xml,Rule-Obj-Activity,SaveData1.SHAREVALUE,.Value
Activity/Property-Set,SaveTreatyInOfferProportional_Act.xml,Rule-Obj-Activity,SaveData1.TREATYGROUP,.TreatyGroup
Activity/Property-Set,SaveTreatyInOfferProportional_Act.xml,Rule-Obj-Activity,SaveData1.TREATYTYPE,.TreatyType
Activity/Property-Set,SaveTreatyInOfferProportional_Act.xml,Rule-Obj-Activity,local.LimitsDetailIDX,local.LimitsDetailIDX+1
Activity/Property-Set,SaveTreatyInOfferProportional_Act.xml,Rule-Obj-Activity,local.LimitsIDX,local.LimitsIDX+1
Activity/Property-Set,SaveTreatyInOffer_Act.xml,Rule-Obj-Activity,SaveData1.CEDINGNAME,TreatyIn.Ceding
Activity/Property-Set,SaveTreatyInOffer_Act.xml,Rule-Obj-Activity,SaveData1.ENDDATE,TreatyIn.Termination
Activity/Property-Set,SaveTreatyInOffer_Act.xml,Rule-Obj-Activity,SaveData1.IDPEGA,TreatyIn.ID
Activity/Property-Set,SaveTreatyInOffer_Act.xml,Rule-Obj-Activity,SaveData1.NOOFFER,TreatyIn.OLDID
Activity/Property-Set,SaveTreatyInOffer_Act.xml,Rule-Obj-Activity,SaveData1.PROPORTIONTYPE,TreatyIn.ProportionType
Activity/Property-Set,SaveTreatyInOffer_Act.xml,Rule-Obj-Activity,SaveData1.SOBNAME,TreatyIn.LeadingReinsSource
Activity/Property-Set,SaveTreatyInOffer_Act.xml,Rule-Obj-Activity,SaveData1.STARTDATE,TreatyIn.Commencement
Activity/Property-Set,SaveTreatyIn_Act.xml,Rule-Obj-Activity,InputParam.DATAPEGA,@ASM.GetPageJSONString()
Activity/Property-Set,SaveTreatyIn_Act.xml,Rule-Obj-Activity,InputParam.IDPEGA,TreatyIn.ID
Activity/Property-Set,SaveTreatyIn_Act.xml,Rule-Obj-Activity,OutputParam.ERRMSG,"""Terjadi kesalahan saat menyimpan data"""
Activity/Property-Set,SaveTreatyIn_Act.xml,Rule-Obj-Activity,Param.IDPEGAOUT,OutputParam.IDPEGAOUT
Activity/Property-Set,SaveTreatyIn_Act.xml,Rule-Obj-Activity,TreatyIn.FacultativeShare,TreatyIn.FacShare
Activity/Property-Set,SaveTreatyIn_Act.xml,Rule-Obj-Activity,TreatyIn.FacultativeShareBrokerage,TreatyIn.FacShareBrokerage
Activity/Property-Set,SaveTreatyIn_Act.xml,Rule-Obj-Activity,TreatyIn.ID,Param.IDPEGAOUT
Activity/Property-Set,SaveTreatyIn_EDM_Act.xml,Rule-Obj-Activity,InputParam.DATAPEGA,@ASM.GetPageJSONString()
Activity/Property-Set,SaveTreatyIn_EDM_Act.xml,Rule-Obj-Activity,InputParam.IDPEGA,OutputParam.IDPEGAOUT
Activity/Property-Set,SaveTreatyIn_EDM_Act.xml,Rule-Obj-Activity,InputParam.IDPEGA,TreatyIn.ID
Activity/Property-Set,SaveTreatyIn_EDM_Act.xml,Rule-Obj-Activity,InputParam.OLDIDPEGA,TreatyIn.OLDID
Activity/Property-Set,SaveTreatyIn_EDM_Act.xml,Rule-Obj-Activity,InputParam.STSCARI1,ExistingDataResult.pxResults(1).HASIL1
Activity/Property-Set,SaveTreatyIn_EDM_Act.xml,Rule-Obj-Activity,OutputParam.ERRMSG,"""Terjadi kesalahan saat menyimpan data - "" + OutputParam.ERRMSG"
Activity/Property-Set,SaveTreatyIn_EDM_Act.xml,Rule-Obj-Activity,Param.IDPEGAOUT,OutputParam.IDPEGAOUT
Activity/Property-Set,SaveTreatyIn_EDM_Act.xml,Rule-Obj-Activity,TreatyIn.Comment,param.Comment
Activity/Property-Set,SaveTreatyIn_EDM_Act.xml,Rule-Obj-Activity,TreatyIn.ID,Param.IDPEGAOUT
Activity/Property-Set,SaveTreatyIn_EDM_Act.xml,Rule-Obj-Activity,TreatyIn.Information,param.Info
Activity/Property-Set,SetAmountConversion.xml,Rule-Obj-Activity,.AmountIDR,.Amount * local.ConvValue
Activity/Property-Set,SetAmountConversion.xml,Rule-Obj-Activity,.AmountIDR,local.ConvValue * .Amount
Activity/Property-Set,SetAmountConversion.xml,Rule-Obj-Activity,local.ConvValue,.Conversion
Activity/Property-Set,SetAmountConversion.xml,Rule-Obj-Activity,local.ConvValue,pyReportContentPage.pxResults(1).ToIDR
Activity/Property-Set,SetAmountConversion.xml,Rule-Obj-Activity,param.Currency,.Currency
Activity/Property-Set,SetAmountConversion.xml,Rule-Obj-Activity,param.TreatyYear,"@substring(@CurrentDateTime(),0,4)"
Activity/Property-Set,SetAmountConversion.xml,Rule-Obj-Activity,param.pyReportClass,"""ASM-FW-GISFW-Int-TREATYEXCHANGEYEARLY"""
Activity/Property-Set,SetAmountConversion.xml,Rule-Obj-Activity,param.pyReportName,"""BrowseTreatyExchangeYearly_RD"""
Activity/Property-Set,SetCategoryAttach.xml,Rule-Obj-Activity,.CountAttach,@Utilities.LengthOfPageList(AttachShowList.pxResults)
Activity/Property-Set,SetCategoryAttach.xml,Rule-Obj-Activity,Param.GCNMCategory,.NOTE
Activity/Property-Set,SetCategoryAttach.xml,Rule-Obj-Activity,Param.category,"""Reas"""
Activity/Property-Set,SetCategoryAttach.xml,Rule-Obj-Activity,Param.pzInsKey,pyWorkPage.pzInsKey
Activity/Property-Set,SetCurrNameMasterTreaty_Act.xml,Rule-Obj-Activity,.Currency,CURRENCY.pxResults(1).Currency
Activity/Property-Set,SetCurrName_Act.xml,Rule-Obj-Activity,.Currency,CURRENCY.pxResults(1).Currency
Activity/Property-Set,SetCurrName_Act.xml,Rule-Obj-Activity,MstBankAccount.CURRENCY,.Currency
Activity/Property-Set,SetCurrName_Act.xml,Rule-Obj-Activity,Param.pyReportClass,"""ASM-FW-GISFW-Int-CURRENCY"""
Activity/Property-Set,SetCurrName_Act.xml,Rule-Obj-Activity,Param.pyReportName,"""BrowseCurrencyTreatyIn_RD"""
Activity/Property-Set,SetReinstatementPct.xml,Rule-Obj-Activity,.Reinstatement_List(<APPEND>).ReinstatementPct,"""100"""
Activity/Property-Set,SetReinstatementPct.xml,Rule-Obj-Activity,.Reinstatement_List(<LAST>).AdditionalAmount1,"@if(.MDPList(1).Currency==""IDR"",.MDPList(1).Value,0)"
Activity/Property-Set,SetReinstatementPct.xml,Rule-Obj-Activity,.Reinstatement_List(<LAST>).AdditionalAmount2,"@if(.MDPList(1).Currency==""USD"",.MDPList(1).Value,0)"
Activity/Property-Set,SetReinstatementPct.xml,Rule-Obj-Activity,.Reinstatement_List(<LAST>).AdditionalAmount2,"@if(.MDPList(2).Currency==""USD"",.MDPList(2).Value,0)"
Activity/Property-Set,SetReinstatementPct.xml,Rule-Obj-Activity,.Reinstatement_List(<LAST>).AdditionalPct,"""100"""
Activity/Property-Set,SetReinstatementPct.xml,Rule-Obj-Activity,.Reinstatement_List(<LAST>).ID,Local.LimitsSubscript
Activity/Property-Set,SetReinstatementPct.xml,Rule-Obj-Activity,.Reinstatement_List(<LAST>).ReinstatementAmount1,.Limit
Activity/Property-Set,SetReinstatementPct.xml,Rule-Obj-Activity,.Reinstatement_List(<LAST>).ReinstatementAmount2,.Limit2
Activity/Property-Set,SetReinstatementPct.xml,Rule-Obj-Activity,.Reinstatement_List(<LAST>).ReinstatementNote,.ReinstatementNote
Activity/Property-Set,SetReinstatementPct.xml,Rule-Obj-Activity,.Reinstatement_List(<LAST>).ReinstatementValue,Local.runningidx + 1
Activity/Property-Set,SetReinstatementPct.xml,Rule-Obj-Activity,Local.LimitsSubscript,.pxListSubscript
Activity/Property-Set,SetReinstatementPct.xml,Rule-Obj-Activity,Local.maxidx,.ReinstatementValue
Activity/Property-Set,SetReinstatementPct.xml,Rule-Obj-Activity,Local.runningidx,0
Activity/Property-Set,SetReinstatementPct.xml,Rule-Obj-Activity,Local.runningidx,Local.runningidx + 1
Activity/Property-Set,SetSpreadName.xml,Rule-Obj-Activity,.RNMSpreadedList,""""""
Activity/Property-Set,SetSpreadName.xml,Rule-Obj-Activity,.RNMSpreadedListRI,""""""
Activity/Property-Set,SetSpreadName.xml,Rule-Obj-Activity,.Value,.Value + Local.Amont
Activity/Property-Set,SetSpreadName.xml,Rule-Obj-Activity,.Value,Local.Value + .Value
Activity/Property-Set,SetSpreadName.xml,Rule-Obj-Activity,Local.AddOR,"""0"""
Activity/Property-Set,SetSpreadName.xml,Rule-Obj-Activity,Local.AddOR,1
Activity/Property-Set,SetSpreadName.xml,Rule-Obj-Activity,Local.AddRI,"""0"""
Activity/Property-Set,SetSpreadName.xml,Rule-Obj-Activity,Local.Amont,.Amount
Activity/Property-Set,SetSpreadName.xml,Rule-Obj-Activity,Local.Curr,.Currency
Activity/Property-Set,SetSpreadName.xml,Rule-Obj-Activity,Local.Currency,.Currency
Activity/Property-Set,SetSpreadName.xml,Rule-Obj-Activity,Local.ErrorMsg,"""Total share must equal RNM share.!!"""
Activity/Property-Set,SetSpreadName.xml,Rule-Obj-Activity,Local.SplitRNMShare,"@divide(.Pct,Primary.RNMShare,20)"
Activity/Property-Set,SetSpreadName.xml,Rule-Obj-Activity,Local.Spreading,.SpreadingTypeID
Activity/Property-Set,SetSpreadName.xml,Rule-Obj-Activity,Local.TrtGroup,.TreatyGroup
Activity/Property-Set,SetSpreadName.xml,Rule-Obj-Activity,Local.TrtKind,.TreatyType
Activity/Property-Set,SetSpreadName.xml,Rule-Obj-Activity,Local.Value,.Value
Activity/Property-Set,SetSpreadName.xml,Rule-Obj-Activity,Local.idx,.pxListSubscript
Activity/Property-Set,SetSpreadName.xml,Rule-Obj-Activity,Local.idxSpreadList,.pxListSubscript
Activity/Property-Set,SetSpreadName.xml,Rule-Obj-Activity,Local.test,0
Activity/Property-Set,SetSpreadName.xml,Rule-Obj-Activity,Local.test,1
Activity/Property-Set,SetSpreadName.xml,Rule-Obj-Activity,Param.ParentReinsTypeID,.ReinsTypeID
Activity/Property-Set,SetSpreadName.xml,Rule-Obj-Activity,Param.StartDate,TreatyIn.Commencement
Activity/Property-Set,SetSpreadName.xml,Rule-Obj-Activity,Param.TreatyDescID,""""""
Activity/Property-Set,SetSpreadName.xml,Rule-Obj-Activity,Param.TreatyDescID,"""10001"""
Activity/Property-Set,SetSpreadName.xml,Rule-Obj-Activity,Param.TreatyGroupID,""""""
Activity/Property-Set,SetSpreadName.xml,Rule-Obj-Activity,Param.TreatyGroupID,TempSprd.TreatyGroupID
Activity/Property-Set,SetSpreadName.xml,Rule-Obj-Activity,Param.TreatyYear,""""""
Activity/Property-Set,SetSpreadName.xml,Rule-Obj-Activity,Param.TreatyYear,TreatyIn.TreatyYear
Activity/Property-Set,SetSpreadName.xml,Rule-Obj-Activity,Param.TreatyYearID,.TreatyYearID
Activity/Property-Set,SetSpreadName.xml,Rule-Obj-Activity,Param.pyReportClass,"""ASM-FW-GISFW-Int-PROPORTIONALARRG"""
Activity/Property-Set,SetSpreadName.xml,Rule-Obj-Activity,Param.pyReportName,"""BrowseTreatyArrangement_Limit_MstTrt_RD"""
Activity/Property-Set,SetSpreadName.xml,Rule-Obj-Activity,Param.pyReportName,"""BrowseTreatyArrangement_ParentReinsMasterTrt"""
Activity/Property-Set,SetSpreadName.xml,Rule-Obj-Activity,Primary.RNMSpreadedList(<APPEND>).Currency,Local.Curr
Activity/Property-Set,SetSpreadName.xml,Rule-Obj-Activity,Primary.RNMSpreadedList(<LAST>).Value,Local.Amont
Activity/Property-Set,SetSpreadName.xml,Rule-Obj-Activity,Primary.RNMSpreadedListRI(<APPEND>).Currency,Local.Curr
Activity/Property-Set,SetSpreadName.xml,Rule-Obj-Activity,Primary.RNMSpreadedListRI(<LAST>).Value,Local.Amont
Activity/Property-Set,SetSpreadName.xml,Rule-Obj-Activity,Primary.SpreadingList(Local.idxSpreadList).BreakDownSprdList(<APPEND>).ReinsName,pyReportContentPage.pxResults(Local.idx).ReinsTypeName
Activity/Property-Set,SetSpreadName.xml,Rule-Obj-Activity,Primary.SpreadingList(Local.idxSpreadList).BreakDownSprdList(<LAST>).Amount,"@divide(.Value*Local.SplitRNMShare*pyReportContentPage.pxResults(Local.idx).Pct ,100,20)"
Activity/Property-Set,SetSpreadName.xml,Rule-Obj-Activity,Primary.SpreadingList(Local.idxSpreadList).BreakDownSprdList(<LAST>).Currency,.Currency
Activity/Property-Set,SetSpreadName.xml,Rule-Obj-Activity,Primary.SpreadingList(Local.idxSpreadList).BreakDownSprdList(<LAST>).ReinsID,pyReportContentPage.pxResults(Local.idx).ReinsTypeID
Activity/Property-Set,SetSpreadName.xml,Rule-Obj-Activity,Primary.SpreadingList(Local.idxSpreadList).BreakDownSprdList(<LAST>).SharePct,pyReportContentPage.pxResults(Local.idx).Pct
Activity/Property-Set,SetSpreadName.xml,Rule-Obj-Activity,Primary.SpreadingList(Local.idxSpreadList).ReinsTypeName,.ReinsTypeName
Activity/Property-Set,SetSpreadName.xml,Rule-Obj-Activity,TreatyIn.TotalShareRnmProp(<APPEND>).Currency,.Currency
Activity/Property-Set,SetSpreadName.xml,Rule-Obj-Activity,TreatyIn.TotalShareRnmProp(<LAST>).Value,.Value
Activity/Property-Set,SetSpreadName.xml,Rule-Obj-Activity,TreatyIn.TotalSpreadedRnmProp(<APPEND>).Currency,.Currency
Activity/Property-Set,SetSpreadName.xml,Rule-Obj-Activity,TreatyIn.TotalSpreadedRnmProp(<LAST>).Value,.Value
Activity/Property-Set,SetSpreadName.xml,Rule-Obj-Activity,TreatyIn.TotalSpreadedRnmRIProp(<APPEND>).Currency,.Currency
Activity/Property-Set,SetSpreadName.xml,Rule-Obj-Activity,TreatyIn.TotalSpreadedRnmRIProp(<LAST>).Value,.Value
Activity/Property-Set,SetSpreadingXOL.xml,Rule-Obj-Activity,.RNMSpreadedListDeductRIXOL,""""""
Activity/Property-Set,SetSpreadingXOL.xml,Rule-Obj-Activity,.RNMSpreadedListDeductXOL,""""""
Activity/Property-Set,SetSpreadingXOL.xml,Rule-Obj-Activity,.RNMSpreadedListGrossRIXOL,""""""
Activity/Property-Set,SetSpreadingXOL.xml,Rule-Obj-Activity,.RNMSpreadedListGrossXOL,""""""
Activity/Property-Set,SetSpreadingXOL.xml,Rule-Obj-Activity,.RNMSpreadedListNetRIXOL,""""""
Activity/Property-Set,SetSpreadingXOL.xml,Rule-Obj-Activity,.RNMSpreadedListNetXOL,""""""
Activity/Property-Set,SetSpreadingXOL.xml,Rule-Obj-Activity,.RNMSpreadedListRIXOL,""""""
Activity/Property-Set,SetSpreadingXOL.xml,Rule-Obj-Activity,.RNMSpreadedListXOL,""""""
Activity/Property-Set,SetSpreadingXOL.xml,Rule-Obj-Activity,.RnmLimitList(<APPEND>).Currency,.Currency
Activity/Property-Set,SetSpreadingXOL.xml,Rule-Obj-Activity,.RnmLimitList(<LAST>).Value,.Value
Activity/Property-Set,SetSpreadingXOL.xml,Rule-Obj-Activity,.Value,Local.Value + .Value
Activity/Property-Set,SetSpreadingXOL.xml,Rule-Obj-Activity,Local.AddOR,"""0"""
Activity/Property-Set,SetSpreadingXOL.xml,Rule-Obj-Activity,Local.AddRI,"""0"""
Activity/Property-Set,SetSpreadingXOL.xml,Rule-Obj-Activity,Local.Amont,.Amount
Activity/Property-Set,SetSpreadingXOL.xml,Rule-Obj-Activity,Local.Curr,.Currency
Activity/Property-Set,SetSpreadingXOL.xml,Rule-Obj-Activity,Local.Currency,.Currency
Activity/Property-Set,SetSpreadingXOL.xml,Rule-Obj-Activity,Local.ErrorMsg,"""Total share must equal RNM share.!!"""
Activity/Property-Set,SetSpreadingXOL.xml,Rule-Obj-Activity,Local.QSPCT,.SharePct
Activity/Property-Set,SetSpreadingXOL.xml,Rule-Obj-Activity,Local.SplitRNMShare,"@divide(.Pct,Primary.RNMShare,20)"
Activity/Property-Set,SetSpreadingXOL.xml,Rule-Obj-Activity,Local.TrtKind,.TreatyType
Activity/Property-Set,SetSpreadingXOL.xml,Rule-Obj-Activity,Local.Value,.Value
Activity/Property-Set,SetSpreadingXOL.xml,Rule-Obj-Activity,Local.idx,.pxListSubscript
Activity/Property-Set,SetSpreadingXOL.xml,Rule-Obj-Activity,Local.idxSpreadList,.pxListSubscript
Activity/Property-Set,SetSpreadingXOL.xml,Rule-Obj-Activity,Local.idxshare,.pxListSubscript
Activity/Property-Set,SetSpreadingXOL.xml,Rule-Obj-Activity,Local.test,0
Activity/Property-Set,SetSpreadingXOL.xml,Rule-Obj-Activity,Local.test,1
Activity/Property-Set,SetSpreadingXOL.xml,Rule-Obj-Activity,Param.ParentReinsTypeID,.ReinsTypeID
Activity/Property-Set,SetSpreadingXOL.xml,Rule-Obj-Activity,Param.StartDate,TreatyIn.Commencement
Activity/Property-Set,SetSpreadingXOL.xml,Rule-Obj-Activity,Param.TreatyDescID,""""""
Activity/Property-Set,SetSpreadingXOL.xml,Rule-Obj-Activity,Param.TreatyDescID,"""10001"""
Activity/Property-Set,SetSpreadingXOL.xml,Rule-Obj-Activity,Param.TreatyGroupID,""""""
Activity/Property-Set,SetSpreadingXOL.xml,Rule-Obj-Activity,Param.TreatyGroupID,TempSprd.TreatyGroupID
Activity/Property-Set,SetSpreadingXOL.xml,Rule-Obj-Activity,Param.TreatyYear,""""""
Activity/Property-Set,SetSpreadingXOL.xml,Rule-Obj-Activity,Param.TreatyYear,TreatyIn.TreatyYear
Activity/Property-Set,SetSpreadingXOL.xml,Rule-Obj-Activity,Param.TreatyYearID,.TreatyYearID
Activity/Property-Set,SetSpreadingXOL.xml,Rule-Obj-Activity,Param.pyReportClass,"""ASM-FW-GISFW-Int-PROPORTIONALARRG"""
Activity/Property-Set,SetSpreadingXOL.xml,Rule-Obj-Activity,Param.pyReportName,"""BrowseTreatyArrangement_Limit_MstTrt_RD"""
Activity/Property-Set,SetSpreadingXOL.xml,Rule-Obj-Activity,Param.pyReportName,"""BrowseTreatyArrangement_ParentReinsMasterTrt"""
Activity/Property-Set,SetSpreadingXOL.xml,Rule-Obj-Activity,Primary.SpreadingListXOL(Local.idxSpreadList).BreakDownSprdListXOL(<APPEND>).ReinsTypeName,pyReportContentPage.pxResults(Local.idx).ReinsTypeName
Activity/Property-Set,SetSpreadingXOL.xml,Rule-Obj-Activity,Primary.SpreadingListXOL(Local.idxSpreadList).BreakDownSprdListXOL(<LAST>).Amount,"@divide(.Value*Local.SplitRNMShare*pyReportContentPage.pxResults(Local.idx).Pct ,100,20)"
Activity/Property-Set,SetSpreadingXOL.xml,Rule-Obj-Activity,Primary.SpreadingListXOL(Local.idxSpreadList).BreakDownSprdListXOL(<LAST>).Currency,.Currency
Activity/Property-Set,SetSpreadingXOL.xml,Rule-Obj-Activity,Primary.SpreadingListXOL(Local.idxSpreadList).BreakDownSprdListXOL(<LAST>).ReinsTypeID,pyReportContentPage.pxResults(Local.idx).ReinsTypeID
Activity/Property-Set,SetSpreadingXOL.xml,Rule-Obj-Activity,Primary.SpreadingListXOL(Local.idxSpreadList).BreakDownSprdListXOL(<LAST>).SharePct,pyReportContentPage.pxResults(Local.idx).Pct
Activity/Property-Set,SetSpreadingXOL.xml,Rule-Obj-Activity,Primary.SpreadingListXOL(Local.idxSpreadList).Currency,.Currency
Activity/Property-Set,SetSpreadingXOL.xml,Rule-Obj-Activity,Primary.SpreadingListXOL(Local.idxSpreadList).DeductionTotalList(<APPEND>).Currency,.Currency
Activity/Property-Set,SetSpreadingXOL.xml,Rule-Obj-Activity,Primary.SpreadingListXOL(Local.idxSpreadList).DeductionTotalList(<LAST>).Value,Local.SplitRNMShare*.Value
Activity/Property-Set,SetSpreadingXOL.xml,Rule-Obj-Activity,Primary.SpreadingListXOL(Local.idxSpreadList).GrossPremiumMinList(<APPEND>).Currency,.Currency
Activity/Property-Set,SetSpreadingXOL.xml,Rule-Obj-Activity,Primary.SpreadingListXOL(Local.idxSpreadList).GrossPremiumMinList(<LAST>).Value,Local.SplitRNMShare*.Value
Activity/Property-Set,SetSpreadingXOL.xml,Rule-Obj-Activity,Primary.SpreadingListXOL(Local.idxSpreadList).NetPremiumList(<APPEND>).Currency,.Currency
Activity/Property-Set,SetSpreadingXOL.xml,Rule-Obj-Activity,Primary.SpreadingListXOL(Local.idxSpreadList).NetPremiumList(<LAST>).Value,Local.SplitRNMShare*.Value
Activity/Property-Set,SetSpreadingXOL.xml,Rule-Obj-Activity,Primary.SpreadingListXOL(Local.idxSpreadList).ReinsTypeName,.ReinsTypeName
Activity/Property-Set,SetSpreadingXOL.xml,Rule-Obj-Activity,Primary.SpreadingListXOL(Local.idxSpreadList).Value,Local.SplitRNMShare* .Value
Activity/Property-Set,SetSpreadingXOL.xml,Rule-Obj-Activity,TreatyIn.Share(Local.idxshare).SpreadingListXOL(Local.idxSpreadList).GrossPremiumList(<APPEND>).Currency,.Currency
Activity/Property-Set,SetSpreadingXOL.xml,Rule-Obj-Activity,TreatyIn.Share(Local.idxshare).SpreadingListXOL(Local.idxSpreadList).GrossPremiumList(<LAST>).Value,Local.SplitRNMShare*.Value
Activity/Property-Set,SetSpreadingXOL.xml,Rule-Obj-Activity,TreatyIn.Share(Local.idxshare).SpreadingListXOL(Local.idxSpreadList).RNMSpreadedListDeductRIXOL(<APPEND>).Value,"@divide(local.QSPCT,100,20) * .Value"
Activity/Property-Set,SetSpreadingXOL.xml,Rule-Obj-Activity,TreatyIn.Share(Local.idxshare).SpreadingListXOL(Local.idxSpreadList).RNMSpreadedListDeductRIXOL(<LAST>).Currency,.Currency
Activity/Property-Set,SetSpreadingXOL.xml,Rule-Obj-Activity,TreatyIn.Share(Local.idxshare).SpreadingListXOL(Local.idxSpreadList).RNMSpreadedListDeductXOL(<APPEND>).Value,"@divide(local.QSPCT,100,20) * .Value"
Activity/Property-Set,SetSpreadingXOL.xml,Rule-Obj-Activity,TreatyIn.Share(Local.idxshare).SpreadingListXOL(Local.idxSpreadList).RNMSpreadedListDeductXOL(<LAST>).Currency,.Currency
Activity/Property-Set,SetSpreadingXOL.xml,Rule-Obj-Activity,TreatyIn.Share(Local.idxshare).SpreadingListXOL(Local.idxSpreadList).RNMSpreadedListGrossMinXOL(<APPEND>).Value,"@divide(local.QSPCT,100,20) * .Value"
Activity/Property-Set,SetSpreadingXOL.xml,Rule-Obj-Activity,TreatyIn.Share(Local.idxshare).SpreadingListXOL(Local.idxSpreadList).RNMSpreadedListGrossMinXOL(<LAST>).Currency,.Currency
Activity/Property-Set,SetSpreadingXOL.xml,Rule-Obj-Activity,TreatyIn.Share(Local.idxshare).SpreadingListXOL(Local.idxSpreadList).RNMSpreadedListGrossRIMinXOL(<APPEND>).Value,"@divide(local.QSPCT,100,20) * .Value"
Activity/Property-Set,SetSpreadingXOL.xml,Rule-Obj-Activity,TreatyIn.Share(Local.idxshare).SpreadingListXOL(Local.idxSpreadList).RNMSpreadedListGrossRIMinXOL(<LAST>).Currency,.Currency
Activity/Property-Set,SetSpreadingXOL.xml,Rule-Obj-Activity,TreatyIn.Share(Local.idxshare).SpreadingListXOL(Local.idxSpreadList).RNMSpreadedListGrossRIXOL(<APPEND>).Value,"@divide(local.QSPCT,100,20) * .Value"
Activity/Property-Set,SetSpreadingXOL.xml,Rule-Obj-Activity,TreatyIn.Share(Local.idxshare).SpreadingListXOL(Local.idxSpreadList).RNMSpreadedListGrossRIXOL(<LAST>).Currency,.Currency
Activity/Property-Set,SetSpreadingXOL.xml,Rule-Obj-Activity,TreatyIn.Share(Local.idxshare).SpreadingListXOL(Local.idxSpreadList).RNMSpreadedListGrossXOL(<APPEND>).Value,"@divide(local.QSPCT,100,20) * .Value"
Activity/Property-Set,SetSpreadingXOL.xml,Rule-Obj-Activity,TreatyIn.Share(Local.idxshare).SpreadingListXOL(Local.idxSpreadList).RNMSpreadedListGrossXOL(<LAST>).Currency,.Currency
Activity/Property-Set,SetSpreadingXOL.xml,Rule-Obj-Activity,TreatyIn.Share(Local.idxshare).SpreadingListXOL(Local.idxSpreadList).RNMSpreadedListNetRIXOL(<APPEND>).Value,"@divide(local.QSPCT,100,20) * .Value"
Activity/Property-Set,SetSpreadingXOL.xml,Rule-Obj-Activity,TreatyIn.Share(Local.idxshare).SpreadingListXOL(Local.idxSpreadList).RNMSpreadedListNetRIXOL(<LAST>).Currency,.Currency
Activity/Property-Set,SetSpreadingXOL.xml,Rule-Obj-Activity,TreatyIn.Share(Local.idxshare).SpreadingListXOL(Local.idxSpreadList).RNMSpreadedListNetXOL(<APPEND>).Value,"@divide(local.QSPCT,100,20) * .Value"
Activity/Property-Set,SetSpreadingXOL.xml,Rule-Obj-Activity,TreatyIn.Share(Local.idxshare).SpreadingListXOL(Local.idxSpreadList).RNMSpreadedListNetXOL(<LAST>).Currency,.Currency
Activity/Property-Set,SetSpreadingXOL.xml,Rule-Obj-Activity,TreatyIn.Share(Local.idxshare).SpreadingListXOL(Local.idxSpreadList).RNMSpreadedListRIXOL(<APPEND>).Value,"@divide(local.QSPCT,100,20) * .Value"
Activity/Property-Set,SetSpreadingXOL.xml,Rule-Obj-Activity,TreatyIn.Share(Local.idxshare).SpreadingListXOL(Local.idxSpreadList).RNMSpreadedListRIXOL(<LAST>).Currency,.Currency
Activity/Property-Set,SetSpreadingXOL.xml,Rule-Obj-Activity,TreatyIn.Share(Local.idxshare).SpreadingListXOL(Local.idxSpreadList).RNMSpreadedListXOL(<APPEND>).Value,"@divide(local.QSPCT,100,20) * .Value"
Activity/Property-Set,SetSpreadingXOL.xml,Rule-Obj-Activity,TreatyIn.Share(Local.idxshare).SpreadingListXOL(Local.idxSpreadList).RNMSpreadedListXOL(<LAST>).Currency,.Currency
Activity/Property-Set,SetSpreadingXOL.xml,Rule-Obj-Activity,TreatyIn.TotalSpreadedNetPremi(<APPEND>).Currency,.Currency
Activity/Property-Set,SetSpreadingXOL.xml,Rule-Obj-Activity,TreatyIn.TotalSpreadedNetPremi(<LAST>).Value,.Value
Activity/Property-Set,SetSpreadingXOL.xml,Rule-Obj-Activity,TreatyIn.TotalSpreadedNetPremiRI(<APPEND>).Currency,.Currency
Activity/Property-Set,SetSpreadingXOL.xml,Rule-Obj-Activity,TreatyIn.TotalSpreadedNetPremiRI(<LAST>).Value,.Value
Activity/Property-Set,SetSpreadingXOL.xml,Rule-Obj-Activity,TreatyIn.TotalSpreadedRnmProp(<APPEND>).Currency,.Currency
Activity/Property-Set,SetSpreadingXOL.xml,Rule-Obj-Activity,TreatyIn.TotalSpreadedRnmProp(<LAST>).Value,.Value
Activity/Property-Set,SetSpreadingXOL.xml,Rule-Obj-Activity,TreatyIn.TotalSpreadedRnmRIProp(<APPEND>).Currency,.Currency
Activity/Property-Set,SetSpreadingXOL.xml,Rule-Obj-Activity,TreatyIn.TotalSpreadedRnmRIProp(<LAST>).Value,.Value
Activity/Property-Set,SetTotalInstallment.xml,Rule-Obj-Activity,.Amount,.InstallmentPct*@toDecimal(param.amounttotal)
Activity/Property-Set,SetTotalInstallment.xml,Rule-Obj-Activity,.Amount,"@divide(.InstallmentPct,100,20) * local.premivalue"
Activity/Property-Set,SetTotalInstallment.xml,Rule-Obj-Activity,.AmountTotal,local.value
Activity/Property-Set,SetTotalInstallment.xml,Rule-Obj-Activity,.PctTotal,local.pctvalue
Activity/Property-Set,SetTotalInstallment.xml,Rule-Obj-Activity,Local.premivalue,Local.premivalue + .Value
Activity/Property-Set,SetTotalInstallment.xml,Rule-Obj-Activity,local.CurrNetPremium,.Currency
Activity/Property-Set,SetTotalInstallment.xml,Rule-Obj-Activity,local.pctvalue,local.pctvalue + .InstallmentPct
Activity/Property-Set,SetTotalInstallment.xml,Rule-Obj-Activity,local.premivalue,.Currency
Activity/Property-Set,SetTotalInstallment.xml,Rule-Obj-Activity,local.premivalue,.Value
Activity/Property-Set,SetTotalInstallment.xml,Rule-Obj-Activity,local.value,local.value + .Amount
Activity/Property-Set,SetTotalInstallment.xml,Rule-Obj-Activity,param.amounttotal,.AmountTotal
Activity/Property-Set,SetTotalInstallment.xml,Rule-Obj-Activity,param.currency,.Currency
Activity/Property-Set,SetTotalInstallment.xml,Rule-Obj-Activity,param.currencyID,.CurrencyID
Activity/Property-Set,SetTreatyGroupName_Act.xml,Rule-Obj-Activity,.TreatyGroup,TREATYGROUP.pxResults(1).TreatyGroupName
Activity/Property-Set,SetTreatyInEDM_Act.xml,Rule-Obj-Activity,OutputParam.ERRMSG,""""""
Activity/Property-Set,SetTreatyInEDM_Act.xml,Rule-Obj-Activity,TreatyIn.ID,Param.ID
Activity/Property-Set,SetTreatyInEDM_Act.xml,Rule-Obj-Activity,TreatyIn.IsEditData,1
Activity/Property-Set,SetTreatyInEDM_Act.xml,Rule-Obj-Activity,TreatyIn.ViewState,1
Activity/Property-Set,SetTreatyInEDM_Act.xml,Rule-Obj-Activity,TreatyWarning.CARI1,""""""
Activity/Property-Set,SetTreatyIn_Act.xml,Rule-Obj-Activity,FlagExcel.CARI1,0
Activity/Property-Set,SetTreatyIn_Act.xml,Rule-Obj-Activity,FlagExcel.CARI1,1
Activity/Property-Set,SetTreatyIn_Act.xml,Rule-Obj-Activity,InputParam.DATAPEGA,@ASM.GetPageJSONString()
Activity/Property-Set,SetTreatyIn_Act.xml,Rule-Obj-Activity,InputParam.IDPEGA,TreatyIn.ID
Activity/Property-Set,SetTreatyIn_Act.xml,Rule-Obj-Activity,Local.update,1
Activity/Property-Set,SetTreatyIn_Act.xml,Rule-Obj-Activity,OutputParam.ERRMSG,""""""
Activity/Property-Set,SetTreatyIn_Act.xml,Rule-Obj-Activity,TreatyIn.CommentList(<APPEND>).Date,@toDateTime(time.pxResults(1).CARI1)
Activity/Property-Set,SetTreatyIn_Act.xml,Rule-Obj-Activity,TreatyIn.CommentList(<LAST>).OperatorName,OperatorID.pxInsName
Activity/Property-Set,SetTreatyIn_Act.xml,Rule-Obj-Activity,TreatyIn.CommentList(<LAST>).Suggest,"""Create Revision"""
Activity/Property-Set,SetTreatyIn_Act.xml,Rule-Obj-Activity,TreatyIn.ID,Param.ID
Activity/Property-Set,SetTreatyIn_Act.xml,Rule-Obj-Activity,TreatyIn.IsEditData,1
Activity/Property-Set,SetTreatyIn_Act.xml,Rule-Obj-Activity,TreatyIn.PositionUsername,OperatorID.pxInsName
Activity/Property-Set,SetTreatyIn_Act.xml,Rule-Obj-Activity,TreatyIn.ProportionType,
Activity/Property-Set,SetTreatyIn_Act.xml,Rule-Obj-Activity,TreatyIn.RevisionState,1
Activity/Property-Set,SetTreatyIn_Act.xml,Rule-Obj-Activity,TreatyIn.StatusAkseptasi,""""""
Activity/Property-Set,SetTreatyIn_Act.xml,Rule-Obj-Activity,TreatyIn.ViewState,1
Activity/Property-Set,SetTreatyIn_Act.xml,Rule-Obj-Activity,TreatyWarning.CARI1,""""""
Activity/Property-Set,SetTreatyTypeName_Act.xml,Rule-Obj-Activity,.TreatyType,REINSURANCETYPE.pxResults(1).Note
Activity/Property-Set,SetTreatyinRetro_Act.xml,Rule-Obj-Activity,.BrokerID,Param.ID
Activity/Property-Set,SetTreatyinRetro_Act.xml,Rule-Obj-Activity,.BrokerName,Param.ClientName
Activity/Property-Set,SetTreatyinRetro_Act.xml,Rule-Obj-Activity,.ReinsID,Param.ID
Activity/Property-Set,SetTreatyinRetro_Act.xml,Rule-Obj-Activity,.ReinsName,Param.ClientName
Activity/Property-Set,SetViewTreatyIn_Act.xml,Rule-Obj-Activity,OutputParam.ERRMSG,""""""
Activity/Property-Set,SetViewTreatyIn_Act.xml,Rule-Obj-Activity,TreatyIn.ChooseStatusAkseptasi,""""""
Activity/Property-Set,SetViewTreatyIn_Act.xml,Rule-Obj-Activity,TreatyIn.Comment,""""""
Activity/Property-Set,SetViewTreatyIn_Act.xml,Rule-Obj-Activity,TreatyIn.ID,Param.ID
Activity/Property-Set,SetkategoriDoc.xml,Rule-Obj-Activity,StatusDoc.CARI30,0
Activity/Property-Set,SetkategoriDoc.xml,Rule-Obj-Activity,StatusDoc.CARI40,Param.IDDoc
Activity/Property-Set,SetkategoriDoc.xml,Rule-Obj-Activity,StatusDoc.CARI41,Param.Note
Activity/Property-Set,TotalEgnpi.xml,Rule-Obj-Activity,.Value,Local.Value + .Value
Activity/Property-Set,TotalEgnpi.xml,Rule-Obj-Activity,Local.Appendflag,0
Activity/Property-Set,TotalEgnpi.xml,Rule-Obj-Activity,Local.Appendflag,1
Activity/Property-Set,TotalEgnpi.xml,Rule-Obj-Activity,Local.cob,.TreatyGroup
Activity/Property-Set,TotalEgnpi.xml,Rule-Obj-Activity,Local.cobegnpi,.CurrencyID
Activity/Property-Set,TotalEgnpi.xml,Rule-Obj-Activity,Param.idxLimit,.pxListSubscript
Activity/Property-Set,TotalEgnpi.xml,Rule-Obj-Activity,TempEgnpiMatch.pxResults(<APPEND>).Currency,.Currency
Activity/Property-Set,TotalEgnpi.xml,Rule-Obj-Activity,TempEgnpiMatch.pxResults(<LAST>).Amount,.Amount
Activity/Property-Set,TotalEgnpi.xml,Rule-Obj-Activity,TempEgnpiMatch.pxResults(<LAST>).AmountIDR,.AmountIDR
Activity/Property-Set,TotalEgnpi.xml,Rule-Obj-Activity,TempEgnpiMatch.pxResults(<LAST>).ClassOfBusiness,.ClassOfBusiness
Activity/Property-Set,TotalEgnpi.xml,Rule-Obj-Activity,TempEgnpiMatch.pxResults(<LAST>).ClassOfBusinessID,.ClassOfBusinessID
Activity/Property-Set,TotalEgnpi.xml,Rule-Obj-Activity,TempEgnpiMatch.pxResults(<LAST>).CurrencyID,.CurrencyID
Activity/Property-Set,TotalEgnpi.xml,Rule-Obj-Activity,TempEgnpiMatch.pxResults(<LAST>).TreatyGroup,.TreatyGroup
Activity/Property-Set,TotalEgnpi.xml,Rule-Obj-Activity,TempEgnpiMatch.pxResults(<LAST>).TreatyGroupID,.TreatyGroupID
Activity/Property-Set,TotalEgnpi.xml,Rule-Obj-Activity,TreatyIn.Limits(Param.idxLimit).EgnpiTotalList(<APPEND>).Currency,Local.Currency
Activity/Property-Set,TotalEgnpi.xml,Rule-Obj-Activity,TreatyIn.Limits(Param.idxLimit).EgnpiTotalList(<LAST>).CurrencyID,Local.cobegnpi
Activity/Property-Set,TotalEgnpi.xml,Rule-Obj-Activity,TreatyIn.Limits(Param.idxLimit).EgnpiTotalList(<LAST>).Value,Local.Value
Activity/Property-Set,TotalEgnpi.xml,Rule-Obj-Activity,local.Currency,.Currency
Activity/Property-Set,TotalEgnpi.xml,Rule-Obj-Activity,local.Value,.Amount
Activity/Property-Set,TreatyEDMCalculateDifference.xml,Rule-Obj-Activity,Param.Installment,TreatyIn.InstallmentNo
Activity/Property-Set,TreatyEDMDifferenceDeduction.xml,Rule-Obj-Activity,.DeductionList(<APPEND>).Comment,"""Brokerage fee"""
Activity/Property-Set,TreatyEDMDifferenceDeduction.xml,Rule-Obj-Activity,.DeductionList(<APPEND>).Comment,"""Facultative Brokerage fee"""
Activity/Property-Set,TreatyEDMDifferenceDeduction.xml,Rule-Obj-Activity,.DeductionList(<LAST>).DeductionPct,TreatyIn.FacultativeShareBrokerage
Activity/Property-Set,TreatyEDMDifferenceDeduction.xml,Rule-Obj-Activity,.DeductionList(<LAST>).DeductionPct,TreatyIn.OLDDATA.BrokeragePercent
Activity/Property-Set,TreatyEDMDifferenceDeduction.xml,Rule-Obj-Activity,.DeductionList(<LAST>).DeductionPctCalculate,true
Activity/Property-Set,TreatyEDMDifferenceDeduction.xml,Rule-Obj-Activity,local.deleteflag,0
Activity/Property-Set,TreatyEDMDifferenceDeduction.xml,Rule-Obj-Activity,local.deleteflag,1
Activity/Property-Set,TreatyEDMDifferenceDeduction.xml,Rule-Obj-Activity,local.subscriptdelete,.pxListSubscript
Activity/Property-Set,TreatyEDMDifferenceLimits.xml,Rule-Obj-Activity,TreatyIn.ValueDifference.LimitSummaryList(<CURRENT>).AggregateLimit,.AggregateLimit - TreatyIn.OLDDATA.LimitSummaryList(<CURRENT>).AggregateLimit
Activity/Property-Set,TreatyEDMDifferenceLimits.xml,Rule-Obj-Activity,TreatyIn.ValueDifference.LimitSummaryList(<CURRENT>).AggregateLimit2,.AggregateLimit2 - TreatyIn.OLDDATA.LimitSummaryList(<CURRENT>).AggregateLimit2
Activity/Property-Set,TreatyEDMDifferenceLimits.xml,Rule-Obj-Activity,TreatyIn.ValueDifference.LimitSummaryList(<CURRENT>).Deductible,.Deductible - TreatyIn.OLDDATA.LimitSummaryList(<CURRENT>).Deductible
Activity/Property-Set,TreatyEDMDifferenceLimits.xml,Rule-Obj-Activity,TreatyIn.ValueDifference.LimitSummaryList(<CURRENT>).Deductible2,.Deductible2 - TreatyIn.OLDDATA.LimitSummaryList(<CURRENT>).Deductible2
Activity/Property-Set,TreatyEDMDifferenceLimits.xml,Rule-Obj-Activity,TreatyIn.ValueDifference.LimitSummaryList(<CURRENT>).Limit,.Limit - TreatyIn.OLDDATA.LimitSummaryList(<CURRENT>).Limit
Activity/Property-Set,TreatyEDMDifferenceLimits.xml,Rule-Obj-Activity,TreatyIn.ValueDifference.LimitSummaryList(<CURRENT>).Limit2,.Limit2 - TreatyIn.OLDDATA.LimitSummaryList(<CURRENT>).Limit2
Activity/Property-Set,TreatyEDMDifferenceLimits.xml,Rule-Obj-Activity,TreatyIn.ValueDifference.LimitSummaryList(<CURRENT>).MDP,.MDP - TreatyIn.OLDDATA.LimitSummaryList(<CURRENT>).MDP
Activity/Property-Set,TreatyEDMDifferenceLimits.xml,Rule-Obj-Activity,TreatyIn.ValueDifference.LimitSummaryList(<CURRENT>).MDP2,.MDP2 - TreatyIn.OLDDATA.LimitSummaryList(<CURRENT>).MDP2
Activity/Property-Set,TreatyEDMDifferenceLimits.xml,Rule-Obj-Activity,TreatyIn.ValueDifference.LimitSummaryList(<CURRENT>).Note,.Note
Activity/Property-Set,TreatyEDMDifferenceLimits.xml,Rule-Obj-Activity,TreatyIn.ValueDifference.Limits(<CURRENT>).AdjRate,.AdjRate - TreatyIn.OLDDATA.Limits(<CURRENT>).AdjRate
Activity/Property-Set,TreatyEDMDifferenceLimits.xml,Rule-Obj-Activity,TreatyIn.ValueDifference.Limits(<CURRENT>).Cover,.Cover
Activity/Property-Set,TreatyEDMDifferenceLimits.xml,Rule-Obj-Activity,TreatyIn.ValueDifference.Limits(<CURRENT>).Currency,.Currency
Activity/Property-Set,TreatyEDMDifferenceLimits.xml,Rule-Obj-Activity,TreatyIn.ValueDifference.Limits(<CURRENT>).Currency2,.Currency2
Activity/Property-Set,TreatyEDMDifferenceLimits.xml,Rule-Obj-Activity,TreatyIn.ValueDifference.Limits(<CURRENT>).Deductible,.Deductible - TreatyIn.OLDDATA.Limits(<CURRENT>).Deductible
Activity/Property-Set,TreatyEDMDifferenceLimits.xml,Rule-Obj-Activity,TreatyIn.ValueDifference.Limits(<CURRENT>).Deductible2,@toDecimal(.Deductible2) - @toDecimal(TreatyIn.OLDDATA.Limits(<CURRENT>).Deductible2)
Activity/Property-Set,TreatyEDMDifferenceLimits.xml,Rule-Obj-Activity,TreatyIn.ValueDifference.Limits(<CURRENT>).Layer,.Layer
Activity/Property-Set,TreatyEDMDifferenceLimits.xml,Rule-Obj-Activity,TreatyIn.ValueDifference.Limits(<CURRENT>).LayerPart,.LayerPart
Activity/Property-Set,TreatyEDMDifferenceLimits.xml,Rule-Obj-Activity,TreatyIn.ValueDifference.Limits(<CURRENT>).LayerPartType,.LayerPartType
Activity/Property-Set,TreatyEDMDifferenceLimits.xml,Rule-Obj-Activity,TreatyIn.ValueDifference.Limits(<CURRENT>).LayerType,.LayerType
Activity/Property-Set,TreatyEDMDifferenceLimits.xml,Rule-Obj-Activity,TreatyIn.ValueDifference.Limits(<CURRENT>).Limit,.Limit - TreatyIn.OLDDATA.Limits(<CURRENT>).Limit
Activity/Property-Set,TreatyEDMDifferenceLimits.xml,Rule-Obj-Activity,TreatyIn.ValueDifference.Limits(<CURRENT>).Limit2,.Limit2 - TreatyIn.OLDDATA.Limits(<CURRENT>).Limit2
Activity/Property-Set,TreatyEDMDifferenceLimits.xml,Rule-Obj-Activity,TreatyIn.ValueDifference.Limits(<CURRENT>).MDPPct,.MDPPct - TreatyIn.OLDDATA.Limits(<CURRENT>).MDPPct
Activity/Property-Set,TreatyEDMDifferenceLimits.xml,Rule-Obj-Activity,TreatyIn.ValueDifference.Limits(<CURRENT>).ROLPct,.ROLPct - TreatyIn.OLDDATA.Limits(<CURRENT>).ROLPct
Activity/Property-Set,TreatyEDMDifferenceLimits.xml,Rule-Obj-Activity,TreatyIn.ValueDifference.Limits(<CURRENT>).ReinstatementPct,.ReinstatementPct
Activity/Property-Set,TreatyEDMDifferenceLimits.xml,Rule-Obj-Activity,TreatyIn.ValueDifference.Limits(<CURRENT>).TreatyGroupList,.TreatyGroupList
Activity/Property-Set,TreatyEDMDifferenceLimits.xml,Rule-Obj-Activity,TreatyIn.ValueDifference.Limits(local.subscript).EgnpiTotalList(<CURRENT>).Currency,.Currency
Activity/Property-Set,TreatyEDMDifferenceLimits.xml,Rule-Obj-Activity,TreatyIn.ValueDifference.Limits(local.subscript).EgnpiTotalList(<CURRENT>).Value,.Value - TreatyIn.OLDDATA.Limits(local.subscript).EgnpiTotalList(<CURRENT>).Value
Activity/Property-Set,TreatyEDMDifferenceLimits.xml,Rule-Obj-Activity,TreatyIn.ValueDifference.Limits(local.subscript).MDPList(<CURRENT>).Currency,.Currency
Activity/Property-Set,TreatyEDMDifferenceLimits.xml,Rule-Obj-Activity,TreatyIn.ValueDifference.Limits(local.subscript).MDPList(<CURRENT>).Value,.Value - TreatyIn.OLDDATA.Limits(local.subscript).MDPList(<CURRENT>).Value
Activity/Property-Set,TreatyEDMDifferenceLimits.xml,Rule-Obj-Activity,TreatyIn.ValueDifference.Limits(local.subscript).PremiumEarnedList(<CURRENT>).Value,.Value - TreatyIn.OLDDATA.Limits(local.subscript).PremiumEarnedList(<CURRENT>).Value
Activity/Property-Set,TreatyEDMDifferenceLimits.xml,Rule-Obj-Activity,TreatyIn.ValueDifference.TotalLimitDeductblNP(<CURRENT>).Currency,.Currency
Activity/Property-Set,TreatyEDMDifferenceLimits.xml,Rule-Obj-Activity,TreatyIn.ValueDifference.TotalLimitDeductblNP(<CURRENT>).Value,.Value - TreatyIn.OLDDATA.TotalLimitDeductblNP(<CURRENT>).Value
Activity/Property-Set,TreatyEDMDifferenceLimits.xml,Rule-Obj-Activity,TreatyIn.ValueDifference.TotalLimitIOONP(<CURRENT>).Currency,.Currency
Activity/Property-Set,TreatyEDMDifferenceLimits.xml,Rule-Obj-Activity,TreatyIn.ValueDifference.TotalLimitIOONP(<CURRENT>).Value,.Value - TreatyIn.OLDDATA.TotalLimitIOONP(<CURRENT>).Value
Activity/Property-Set,TreatyEDMDifferenceLimits.xml,Rule-Obj-Activity,TreatyIn.ValueDifference.TotalLimitMDPNP(<CURRENT>).Currency,.Currency
Activity/Property-Set,TreatyEDMDifferenceLimits.xml,Rule-Obj-Activity,TreatyIn.ValueDifference.TotalLimitMDPNP(<CURRENT>).Value,.Value - TreatyIn.OLDDATA.TotalLimitMDPNP(<CURRENT>).Value
Activity/Property-Set,TreatyEDMDifferenceLimits.xml,Rule-Obj-Activity,TreatyIn.ValueDifference.TotalLimitPremiEarnNP(<CURRENT>).Currency,.Currency
Activity/Property-Set,TreatyEDMDifferenceLimits.xml,Rule-Obj-Activity,TreatyIn.ValueDifference.TotalLimitPremiEarnNP(<CURRENT>).Value,.Value - TreatyIn.OLDDATA.TotalLimitPremiEarnNP(<CURRENT>).Value
Activity/Property-Set,TreatyEDMDifferenceLimits.xml,Rule-Obj-Activity,TreatyIn.ValueDifference.TotalLimitsROL,.TotalLimitsROL - TreatyIn.OLDDATA.TotalLimitsROL
Activity/Property-Set,TreatyEDMDifferenceLimits.xml,Rule-Obj-Activity,local.subscript,.pxListSubscript
Activity/Property-Set,TreatyEDMDifferencePremium.xml,Rule-Obj-Activity,.Proportion,"@divide(.AmountIDR,TreatyIn.ValueDifference.TotalEgnpiAmount,20)*100"
Activity/Property-Set,TreatyEDMDifferencePremium.xml,Rule-Obj-Activity,.Value,local.Value + .Value
Activity/Property-Set,TreatyEDMDifferencePremium.xml,Rule-Obj-Activity,TreatyIn.ValueDifference.EGNPI(<APPEND>).Currency,.Currency
Activity/Property-Set,TreatyEDMDifferencePremium.xml,Rule-Obj-Activity,TreatyIn.ValueDifference.EGNPI(<LAST>).AddendumStatus,"""1"""
Activity/Property-Set,TreatyEDMDifferencePremium.xml,Rule-Obj-Activity,TreatyIn.ValueDifference.EGNPI(<LAST>).Amount,.Amount - TreatyIn.OLDDATA.EGNPI(.pxListSubscript).Amount
Activity/Property-Set,TreatyEDMDifferencePremium.xml,Rule-Obj-Activity,TreatyIn.ValueDifference.EGNPI(<LAST>).AmountIDR,.AmountIDR - TreatyIn.OLDDATA.EGNPI(.pxListSubscript).AmountIDR
Activity/Property-Set,TreatyEDMDifferencePremium.xml,Rule-Obj-Activity,TreatyIn.ValueDifference.EGNPI(<LAST>).Proportion,.Proportion - TreatyIn.OLDDATA.EGNPI(.pxListSubscript).Proportion
Activity/Property-Set,TreatyEDMDifferencePremium.xml,Rule-Obj-Activity,TreatyIn.ValueDifference.EGNPI(<LAST>).TreatyGroup,.TreatyGroup
Activity/Property-Set,TreatyEDMDifferencePremium.xml,Rule-Obj-Activity,TreatyIn.ValueDifference.TotalEgnpiAmount,.AmountIDR + TreatyIn.ValueDifference.TotalEgnpiAmount
Activity/Property-Set,TreatyEDMDifferencePremium.xml,Rule-Obj-Activity,TreatyIn.ValueDifference.TotalEgnpiAmountNP(<APPEND>).ID,""""""
Activity/Property-Set,TreatyEDMDifferencePremium.xml,Rule-Obj-Activity,TreatyIn.ValueDifference.TotalEgnpiAmountNP(<LAST>).AltValue,local.Altvalue
Activity/Property-Set,TreatyEDMDifferencePremium.xml,Rule-Obj-Activity,TreatyIn.ValueDifference.TotalEgnpiAmountNP(<LAST>).Currency,local.Currency
Activity/Property-Set,TreatyEDMDifferencePremium.xml,Rule-Obj-Activity,TreatyIn.ValueDifference.TotalEgnpiAmountNP(<LAST>).Value,local.Value
Activity/Property-Set,TreatyEDMDifferencePremium.xml,Rule-Obj-Activity,TreatyIn.ValueDifference.TotalEgnpiProportion,.Proportion + TreatyIn.ValueDifference.TotalEgnpiProportion
Activity/Property-Set,TreatyEDMDifferencePremium.xml,Rule-Obj-Activity,local.Appendflag,0
Activity/Property-Set,TreatyEDMDifferencePremium.xml,Rule-Obj-Activity,local.Appendflag,1
Activity/Property-Set,TreatyEDMDifferencePremium.xml,Rule-Obj-Activity,local.Currency,.Currency
Activity/Property-Set,TreatyEDMDifferencePremium.xml,Rule-Obj-Activity,local.Value,.Amount
Activity/Property-Set,TreatyEDMDifferenceShare.xml,Rule-Obj-Activity,TreatyIn.ActualValue.LimitShareSummaryList(<CURRENT>).AggregateLimit,.AggregateLimit - TreatyIn.OLDDATA.LimitShareSummaryList(<CURRENT>).AggregateLimit
Activity/Property-Set,TreatyEDMDifferenceShare.xml,Rule-Obj-Activity,TreatyIn.ActualValue.LimitShareSummaryList(<CURRENT>).AggregateLimit2,.AggregateLimit2 - TreatyIn.OLDDATA.LimitShareSummaryList(<CURRENT>).AggregateLimit2
Activity/Property-Set,TreatyEDMDifferenceShare.xml,Rule-Obj-Activity,TreatyIn.ActualValue.LimitShareSummaryList(<CURRENT>).Deductible,.Deductible - TreatyIn.OLDDATA.LimitShareSummaryList(<CURRENT>).Deductible
Activity/Property-Set,TreatyEDMDifferenceShare.xml,Rule-Obj-Activity,TreatyIn.ActualValue.LimitShareSummaryList(<CURRENT>).Deductible2,.Deductible2 - TreatyIn.OLDDATA.LimitShareSummaryList(<CURRENT>).Deductible2
Activity/Property-Set,TreatyEDMDifferenceShare.xml,Rule-Obj-Activity,TreatyIn.ActualValue.LimitShareSummaryList(<CURRENT>).Limit,.Limit - TreatyIn.OLDDATA.LimitShareSummaryList(<CURRENT>).Limit
Activity/Property-Set,TreatyEDMDifferenceShare.xml,Rule-Obj-Activity,TreatyIn.ActualValue.LimitShareSummaryList(<CURRENT>).Limit2,.Limit2 - TreatyIn.OLDDATA.LimitShareSummaryList(<CURRENT>).Limit2
Activity/Property-Set,TreatyEDMDifferenceShare.xml,Rule-Obj-Activity,TreatyIn.ActualValue.LimitShareSummaryList(<CURRENT>).MDP,.MDP - TreatyIn.OLDDATA.LimitShareSummaryList(<CURRENT>).MDP
Activity/Property-Set,TreatyEDMDifferenceShare.xml,Rule-Obj-Activity,TreatyIn.ActualValue.LimitShareSummaryList(<CURRENT>).MDP2,.MDP2 - TreatyIn.OLDDATA.LimitShareSummaryList(<CURRENT>).MDP2
Activity/Property-Set,TreatyEDMDifferenceShare.xml,Rule-Obj-Activity,TreatyIn.ActualValue.LimitShareSummaryList(<CURRENT>).Note,.Note
Activity/Property-Set,TreatyEDMDifferenceShare.xml,Rule-Obj-Activity,TreatyIn.ValueDifference.BrokeragePercent,.BrokeragePercent - TreatyIn.OLDDATA.BrokeragePercent
Activity/Property-Set,TreatyEDMDifferenceShare.xml,Rule-Obj-Activity,TreatyIn.ValueDifference.RNMShare,.RNMShare - TreatyIn.OLDDATA.RNMShare
Activity/Property-Set,TreatyEDMDifferenceShare.xml,Rule-Obj-Activity,TreatyIn.ValueDifference.Share(<CURRENT>).Cover,.Cover
Activity/Property-Set,TreatyEDMDifferenceShare.xml,Rule-Obj-Activity,TreatyIn.ValueDifference.Share(<CURRENT>).Layer,.Layer
Activity/Property-Set,TreatyEDMDifferenceShare.xml,Rule-Obj-Activity,TreatyIn.ValueDifference.Share(<CURRENT>).LayerPart,.LayerPart
Activity/Property-Set,TreatyEDMDifferenceShare.xml,Rule-Obj-Activity,TreatyIn.ValueDifference.Share(<CURRENT>).LayerPartType,.LayerPartType
Activity/Property-Set,TreatyEDMDifferenceShare.xml,Rule-Obj-Activity,TreatyIn.ValueDifference.Share(<CURRENT>).LayerType,.LayerType
Activity/Property-Set,TreatyEDMDifferenceShare.xml,Rule-Obj-Activity,TreatyIn.ValueDifference.Share(<CURRENT>).RnmGrossPremiDisplay(1).Currency,.RnmGrossPremiDisplay(1).Currency
Activity/Property-Set,TreatyEDMDifferenceShare.xml,Rule-Obj-Activity,TreatyIn.ValueDifference.Share(<CURRENT>).RnmGrossPremiDisplay(1).Value,.RnmGrossPremiDisplay(1).Value - TreatyIn.OLDDATA.Share(<CURRENT>).RnmGrossPremiDisplay(1).Value
Activity/Property-Set,TreatyEDMDifferenceShare.xml,Rule-Obj-Activity,TreatyIn.ValueDifference.Share(<CURRENT>).RnmGrossPremiDisplay(2).Currency,.RnmGrossPremiDisplay(2).Currency
Activity/Property-Set,TreatyEDMDifferenceShare.xml,Rule-Obj-Activity,TreatyIn.ValueDifference.Share(<CURRENT>).RnmGrossPremiDisplay(2).Value,.RnmGrossPremiDisplay(2).Value - TreatyIn.OLDDATA.Share(<CURRENT>).RnmGrossPremiDisplay(2).Value
Activity/Property-Set,TreatyEDMDifferenceShare.xml,Rule-Obj-Activity,TreatyIn.ValueDifference.Share(<CURRENT>).RnmLimitListDisplay(1).Currency,.RnmLimitListDisplay(1).Currency
Activity/Property-Set,TreatyEDMDifferenceShare.xml,Rule-Obj-Activity,TreatyIn.ValueDifference.Share(<CURRENT>).RnmLimitListDisplay(1).Value,.RnmLimitListDisplay(1).Value - TreatyIn.OLDDATA.Share(<CURRENT>).RnmLimitListDisplay(1).Value
Activity/Property-Set,TreatyEDMDifferenceShare.xml,Rule-Obj-Activity,TreatyIn.ValueDifference.Share(<CURRENT>).RnmLimitListDisplay(2).Currency,.RnmLimitListDisplay(2).Currency
Activity/Property-Set,TreatyEDMDifferenceShare.xml,Rule-Obj-Activity,TreatyIn.ValueDifference.Share(<CURRENT>).RnmLimitListDisplay(2).Value,.RnmLimitListDisplay(2).Value - TreatyIn.OLDDATA.Share(<CURRENT>).RnmLimitListDisplay(2).Value
Activity/Property-Set,TreatyEDMDifferenceShare.xml,Rule-Obj-Activity,TreatyIn.ValueDifference.Share(<LAST>).AddendumStatus,"""1"""
Activity/Property-Set,TreatyEDMDifferenceShare.xml,Rule-Obj-Activity,TreatyIn.ValueDifference.Share(<LAST>).SpreadingTotalPctXOL,TreatyIn.OLDDATA.Share(<CURRENT>).SpreadingTotalPctXOL
Activity/Property-Set,TreatyEDMDifferenceShare.xml,Rule-Obj-Activity,TreatyIn.ValueDifference.Share(<LAST>).SpreadingTypeXOL,TreatyIn.OLDDATA.Share(<CURRENT>).SpreadingTypeXOL
Activity/Property-Set,TreatyEDMDifferenceShare.xml,Rule-Obj-Activity,TreatyIn.ValueDifference.Share(<LAST>).TreatyGroupList,.TreatyGroupList
Activity/Property-Set,TreatyEDMDifferenceShare.xml,Rule-Obj-Activity,TreatyIn.ValueDifference.Share(local.shareidxSprd).SpreadingListXOL(<APPEND>).Pct,.Pct
Activity/Property-Set,TreatyEDMDifferenceShare.xml,Rule-Obj-Activity,TreatyIn.ValueDifference.Share(local.shareidxSprd).SpreadingListXOL(<LAST>).ReinsTypeName,.ReinsTypeName
Activity/Property-Set,TreatyEDMDifferenceShare.xml,Rule-Obj-Activity,TreatyIn.ValueDifference.Share(local.subscript).DeductionList(<CURRENT>).Comment,.Comment
Activity/Property-Set,TreatyEDMDifferenceShare.xml,Rule-Obj-Activity,TreatyIn.ValueDifference.Share(local.subscript).DeductionList(<CURRENT>).Currency,.Currency
Activity/Property-Set,TreatyEDMDifferenceShare.xml,Rule-Obj-Activity,TreatyIn.ValueDifference.Share(local.subscript).DeductionList(<CURRENT>).Deduction,.Deduction - TreatyIn.OLDDATA.Share(local.subscript).DeductionList(<CURRENT>).Deduction
Activity/Property-Set,TreatyEDMDifferenceShare.xml,Rule-Obj-Activity,TreatyIn.ValueDifference.Share(local.subscript).DeductionList(<CURRENT>).DeductionPct,.DeductionPct - TreatyIn.OLDDATA.Share(local.subscript).DeductionList(<CURRENT>).DeductionPct
Activity/Property-Set,TreatyEDMDifferenceShare.xml,Rule-Obj-Activity,TreatyIn.ValueDifference.Share(local.subscript).GrossPremiumList(<CURRENT>).Currency,.Currency
Activity/Property-Set,TreatyEDMDifferenceShare.xml,Rule-Obj-Activity,TreatyIn.ValueDifference.Share(local.subscript).GrossPremiumList(<CURRENT>).Value,.Value - TreatyIn.OLDDATA.Share(local.subscript).GrossPremiumList(<CURRENT>).Value
Activity/Property-Set,TreatyEDMDifferenceShare.xml,Rule-Obj-Activity,TreatyIn.ValueDifference.Share(local.subscript).NetPremiumList(<CURRENT>).Currency,.Currency
Activity/Property-Set,TreatyEDMDifferenceShare.xml,Rule-Obj-Activity,TreatyIn.ValueDifference.Share(local.subscript).NetPremiumList(<CURRENT>).Value,.Value - TreatyIn.OLDDATA.Share(local.subscript).NetPremiumList(<CURRENT>).Value
Activity/Property-Set,TreatyEDMDifferenceShare.xml,Rule-Obj-Activity,TreatyIn.ValueDifference.Share(local.subscript).RNMSpreadedListDeductRIXOL(<CURRENT>).Currency,.Currency
Activity/Property-Set,TreatyEDMDifferenceShare.xml,Rule-Obj-Activity,TreatyIn.ValueDifference.Share(local.subscript).RNMSpreadedListDeductRIXOL(<CURRENT>).Value,.Value - TreatyIn.OLDDATA.Share(local.subscript).RNMSpreadedListDeductRIXOL(<CURRENT>).Value
Activity/Property-Set,TreatyEDMDifferenceShare.xml,Rule-Obj-Activity,TreatyIn.ValueDifference.Share(local.subscript).RNMSpreadedListDeductXOL(<CURRENT>).Currency,.Currency
Activity/Property-Set,TreatyEDMDifferenceShare.xml,Rule-Obj-Activity,TreatyIn.ValueDifference.Share(local.subscript).RNMSpreadedListDeductXOL(<CURRENT>).Value,.Value - TreatyIn.OLDDATA.Share(local.subscript).RNMSpreadedListDeductXOL(<CURRENT>).Value
Activity/Property-Set,TreatyEDMDifferenceShare.xml,Rule-Obj-Activity,TreatyIn.ValueDifference.Share(local.subscript).RNMSpreadedListGrossRIXOL(<CURRENT>).Currency,.Currency
Activity/Property-Set,TreatyEDMDifferenceShare.xml,Rule-Obj-Activity,TreatyIn.ValueDifference.Share(local.subscript).RNMSpreadedListGrossRIXOL(<CURRENT>).Value,.Value - TreatyIn.OLDDATA.Share(local.subscript).RNMSpreadedListGrossRIXOL(<CURRENT>).Value
Activity/Property-Set,TreatyEDMDifferenceShare.xml,Rule-Obj-Activity,TreatyIn.ValueDifference.Share(local.subscript).RNMSpreadedListGrossXOL(<CURRENT>).Currency,.Currency
Activity/Property-Set,TreatyEDMDifferenceShare.xml,Rule-Obj-Activity,TreatyIn.ValueDifference.Share(local.subscript).RNMSpreadedListGrossXOL(<CURRENT>).Value,.Value - TreatyIn.OLDDATA.Share(local.subscript).RNMSpreadedListGrossXOL(<CURRENT>).Value
Activity/Property-Set,TreatyEDMDifferenceShare.xml,Rule-Obj-Activity,TreatyIn.ValueDifference.Share(local.subscript).RNMSpreadedListNetRIXOL(<CURRENT>).Currency,.Currency
Activity/Property-Set,TreatyEDMDifferenceShare.xml,Rule-Obj-Activity,TreatyIn.ValueDifference.Share(local.subscript).RNMSpreadedListNetRIXOL(<CURRENT>).Value,.Value - TreatyIn.OLDDATA.Share(local.subscript).RNMSpreadedListNetRIXOL(<CURRENT>).Value
Activity/Property-Set,TreatyEDMDifferenceShare.xml,Rule-Obj-Activity,TreatyIn.ValueDifference.Share(local.subscript).RNMSpreadedListNetXOL(<CURRENT>).Currency,.Currency
Activity/Property-Set,TreatyEDMDifferenceShare.xml,Rule-Obj-Activity,TreatyIn.ValueDifference.Share(local.subscript).RNMSpreadedListNetXOL(<CURRENT>).Value,.Value - TreatyIn.OLDDATA.Share(local.subscript).RNMSpreadedListNetXOL(<CURRENT>).Value
Activity/Property-Set,TreatyEDMDifferenceShare.xml,Rule-Obj-Activity,TreatyIn.ValueDifference.Share(local.subscript).RNMSpreadedListRIXOL(<CURRENT>).Currency,.Currency
Activity/Property-Set,TreatyEDMDifferenceShare.xml,Rule-Obj-Activity,TreatyIn.ValueDifference.Share(local.subscript).RNMSpreadedListRIXOL(<CURRENT>).Value,.Value - TreatyIn.OLDDATA.Share(local.subscript).RNMSpreadedListRIXOL(<CURRENT>).Value
Activity/Property-Set,TreatyEDMDifferenceShare.xml,Rule-Obj-Activity,TreatyIn.ValueDifference.Share(local.subscript).RNMSpreadedListXOL(<CURRENT>).Currency,.Currency
Activity/Property-Set,TreatyEDMDifferenceShare.xml,Rule-Obj-Activity,TreatyIn.ValueDifference.Share(local.subscript).RNMSpreadedListXOL(<CURRENT>).Value,.Value - TreatyIn.OLDDATA.Share(local.subscript).RNMSpreadedListXOL(<CURRENT>).Value
Activity/Property-Set,TreatyEDMDifferenceShare.xml,Rule-Obj-Activity,TreatyIn.ValueDifference.Share(local.subscript).RnmLimitList(<CURRENT>).Currency,.Currency
Activity/Property-Set,TreatyEDMDifferenceShare.xml,Rule-Obj-Activity,TreatyIn.ValueDifference.Share(local.subscript).RnmLimitList(<CURRENT>).Value,.Value - TreatyIn.OLDDATA.Share(local.subscript).RnmLimitList(<CURRENT>).Value
Activity/Property-Set,TreatyEDMDifferenceShare.xml,Rule-Obj-Activity,local.shareidxSprd,.pxListSubscript
Activity/Property-Set,TreatyEDMDifferenceShare.xml,Rule-Obj-Activity,local.subscript,.pxListSubscript
Activity/Property-Set,TreatyEDMProRateCalculation.xml,Rule-Obj-Activity,.Amount,".Amount * @divide(TreatyIn.ProRatePercent,100,12)"
Activity/Property-Set,TreatyEDMProRateCalculation.xml,Rule-Obj-Activity,.AmountTotal,".AmountTotal * @divide(TreatyIn.ProRatePercent,100,12)"
Activity/Property-Set,TreatyEDMProRateCalculation.xml,Rule-Obj-Activity,.Deductible,".Deductible * @divide(TreatyIn.ProRatePercent,100,12)"
Activity/Property-Set,TreatyEDMProRateCalculation.xml,Rule-Obj-Activity,.Deductible2,".Deductible2 * @divide(TreatyIn.ProRatePercent,100,12)"
Activity/Property-Set,TreatyEDMProRateCalculation.xml,Rule-Obj-Activity,.Deduction,".Deduction * @divide(TreatyIn.ProRatePercent,100,12)"
Activity/Property-Set,TreatyEDMProRateCalculation.xml,Rule-Obj-Activity,.Limit,".Limit * @divide(TreatyIn.ProRatePercent,100,12)"
Activity/Property-Set,TreatyEDMProRateCalculation.xml,Rule-Obj-Activity,.Limit2,".Limit2 * @divide(TreatyIn.ProRatePercent,100,12)"
Activity/Property-Set,TreatyEDMProRateCalculation.xml,Rule-Obj-Activity,.MDP,".MDP * @divide(TreatyIn.ProRatePercent,100,12)"
Activity/Property-Set,TreatyEDMProRateCalculation.xml,Rule-Obj-Activity,.MDP2,".MDP2 * @divide(TreatyIn.ProRatePercent,100,12)"
Activity/Property-Set,TreatyEDMProRateCalculation.xml,Rule-Obj-Activity,.NetPremi,".NetPremi * @divide(TreatyIn.ProRatePercent,100,12)"
Activity/Property-Set,TreatyEDMProRateCalculation.xml,Rule-Obj-Activity,.NetPremi2,".NetPremi2 * @divide(TreatyIn.ProRatePercent,100,12)"
Activity/Property-Set,TreatyEDMProRateCalculation.xml,Rule-Obj-Activity,.RnmGrossPremiDisplay(1).Value,".RnmGrossPremiDisplay(1).Value * @divide(TreatyIn.ProRatePercent,100,12)"
Activity/Property-Set,TreatyEDMProRateCalculation.xml,Rule-Obj-Activity,.RnmGrossPremiDisplay(2).Value,".RnmGrossPremiDisplay(2).Value * @divide(TreatyIn.ProRatePercent,100,12)"
Activity/Property-Set,TreatyEDMProRateCalculation.xml,Rule-Obj-Activity,.RnmLimitListDisplay(1).Value,".RnmLimitListDisplay(1).Value * @divide(TreatyIn.ProRatePercent,100,12)"
Activity/Property-Set,TreatyEDMProRateCalculation.xml,Rule-Obj-Activity,.RnmLimitListDisplay(2).Value,".RnmLimitListDisplay(2).Value * @divide(TreatyIn.ProRatePercent,100,12)"
Activity/Property-Set,TreatyEDMProRateCalculation.xml,Rule-Obj-Activity,.Value,".Value * @divide(TreatyIn.ProRatePercent,100,12)"
Activity/Property-Set,TreatyEDMProRateCalculation.xml,Rule-Obj-Activity,TreatyIn.ValueBeforeProrate,TreatyIn.ValueDifference
Activity/Property-Set,TreatyInAccumulationSetSubDue.xml,Rule-Obj-Activity,.SubDueDate,"@addToDate(.ReportDate,.SubDays,'0','0','0')"
Activity/Property-Set,TreatyInActualShare.xml,Rule-Obj-Activity,.Amount,"Local.Limit * @divide(.SharePct,100,2)"
Activity/Property-Set,TreatyInActualShare.xml,Rule-Obj-Activity,.Amount2,"Local.Limit2 * @divide(.SharePct,100,2)"
Activity/Property-Set,TreatyInActualShare.xml,Rule-Obj-Activity,.RNMShare,TreatyIn.RNMShare
Activity/Property-Set,TreatyInActualShare.xml,Rule-Obj-Activity,.RnmGrossPremiDisplay,.GrossPremiumList
Activity/Property-Set,TreatyInActualShare.xml,Rule-Obj-Activity,.RnmLimitListDisplay,.RnmLimitList
Activity/Property-Set,TreatyInActualShare.xml,Rule-Obj-Activity,.ShareFacultativeReinsurers,TreatyIn.ActualValue.ShareFacultativeReinsurers
Activity/Property-Set,TreatyInActualShare.xml,Rule-Obj-Activity,.Value,TreatyIn.ActualValue.FacultativeShareList(Local.index).GrossPremiumList(.pxListSubscript).Value
Activity/Property-Set,TreatyInActualShare.xml,Rule-Obj-Activity,.Value,TreatyIn.ActualValue.Share(Local.index).GrossPremiumList(.pxListSubscript).Value
Activity/Property-Set,TreatyInActualShare.xml,Rule-Obj-Activity,Local.Index2,
Activity/Property-Set,TreatyInActualShare.xml,Rule-Obj-Activity,Local.Limit,.Limit
Activity/Property-Set,TreatyInActualShare.xml,Rule-Obj-Activity,Local.Limit2,.Limit2
Activity/Property-Set,TreatyInActualShare.xml,Rule-Obj-Activity,Local.ShareCalc,TreatyIn.ActualValue.RNMShare
Activity/Property-Set,TreatyInActualShare.xml,Rule-Obj-Activity,Local.ShareCalc,TreatyIn.ActualValue.RNMShare - TreatyIn.ActualValue.FacultativeShare
Activity/Property-Set,TreatyInActualShare.xml,Rule-Obj-Activity,Local.index,.pxListSubscript
Activity/Property-Set,TreatyInActualShare.xml,Rule-Obj-Activity,TreatyIn.ActualValue.BrokeragePercent,TreatyIn.BrokeragePercent
Activity/Property-Set,TreatyInActualShare.xml,Rule-Obj-Activity,TreatyIn.ActualValue.FacultativeShare,TreatyIn.FacultativeShare
Activity/Property-Set,TreatyInActualShare.xml,Rule-Obj-Activity,TreatyIn.ActualValue.FacultativeShareBrokerage,TreatyIn.FacultativeShareBrokerage
Activity/Property-Set,TreatyInActualShare.xml,Rule-Obj-Activity,TreatyIn.ActualValue.FacultativeShareList(<APPEND>).LayerType,.LayerType
Activity/Property-Set,TreatyInActualShare.xml,Rule-Obj-Activity,TreatyIn.ActualValue.FacultativeShareList(<LAST>).ClassofBusinessList,.LayerList
Activity/Property-Set,TreatyInActualShare.xml,Rule-Obj-Activity,TreatyIn.ActualValue.FacultativeShareList(<LAST>).Cover,.Cover
Activity/Property-Set,TreatyInActualShare.xml,Rule-Obj-Activity,TreatyIn.ActualValue.FacultativeShareList(<LAST>).GrossPremiumList(<APPEND>).Currency,.Currency
Activity/Property-Set,TreatyInActualShare.xml,Rule-Obj-Activity,TreatyIn.ActualValue.FacultativeShareList(<LAST>).GrossPremiumList(<LAST>).Value,".Value * @divide(TreatyIn.ActualValue.FacultativeShare,100,4)"
Activity/Property-Set,TreatyInActualShare.xml,Rule-Obj-Activity,TreatyIn.ActualValue.FacultativeShareList(<LAST>).Layer,.Layer
Activity/Property-Set,TreatyInActualShare.xml,Rule-Obj-Activity,TreatyIn.ActualValue.FacultativeShareList(<LAST>).LayerPart,.LayerPart
Activity/Property-Set,TreatyInActualShare.xml,Rule-Obj-Activity,TreatyIn.ActualValue.FacultativeShareList(<LAST>).LayerPartType,.LayerPartType
Activity/Property-Set,TreatyInActualShare.xml,Rule-Obj-Activity,TreatyIn.ActualValue.FacultativeShareList(<LAST>).Limit,.Limit
Activity/Property-Set,TreatyInActualShare.xml,Rule-Obj-Activity,TreatyIn.ActualValue.FacultativeShareList(<LAST>).Limit2,.Limit2
Activity/Property-Set,TreatyInActualShare.xml,Rule-Obj-Activity,TreatyIn.ActualValue.FacultativeShareList(<LAST>).NetPremiumList,TreatyIn.ActualValue.FacultativeShareList(<LAST>).GrossPremiumList
Activity/Property-Set,TreatyInActualShare.xml,Rule-Obj-Activity,TreatyIn.ActualValue.FacultativeShareList(<LAST>).RnmLimitList(<APPEND>).Currency,.Currency
Activity/Property-Set,TreatyInActualShare.xml,Rule-Obj-Activity,TreatyIn.ActualValue.FacultativeShareList(<LAST>).RnmLimitList(<APPEND>).Currency,.Currency2
Activity/Property-Set,TreatyInActualShare.xml,Rule-Obj-Activity,TreatyIn.ActualValue.FacultativeShareList(<LAST>).RnmLimitList(<LAST>).Value,".Limit * @divide(TreatyIn.FacultativeShare,100,4)"
Activity/Property-Set,TreatyInActualShare.xml,Rule-Obj-Activity,TreatyIn.ActualValue.FacultativeShareList(<LAST>).RnmLimitList(<LAST>).Value,".Limit2 * @divide(TreatyIn.ActualValue.FacultativeShare,100,4)"
Activity/Property-Set,TreatyInActualShare.xml,Rule-Obj-Activity,TreatyIn.ActualValue.FacultativeShareList(<LAST>).TreatyGroupList,.TreatyGroupList
Activity/Property-Set,TreatyInActualShare.xml,Rule-Obj-Activity,TreatyIn.ActualValue.RNMShare,TreatyIn.RNMShare
Activity/Property-Set,TreatyInActualShare.xml,Rule-Obj-Activity,TreatyIn.ActualValue.Share(<APPEND>).LayerType,.LayerType
Activity/Property-Set,TreatyInActualShare.xml,Rule-Obj-Activity,TreatyIn.ActualValue.Share(<LAST>).AddendumStatus,"""1"""
Activity/Property-Set,TreatyInActualShare.xml,Rule-Obj-Activity,TreatyIn.ActualValue.Share(<LAST>).ClassofBusinessList,.LayerList
Activity/Property-Set,TreatyInActualShare.xml,Rule-Obj-Activity,TreatyIn.ActualValue.Share(<LAST>).Cover,.Cover
Activity/Property-Set,TreatyInActualShare.xml,Rule-Obj-Activity,TreatyIn.ActualValue.Share(<LAST>).GrossPremiumList(<APPEND>).Currency,.Currency
Activity/Property-Set,TreatyInActualShare.xml,Rule-Obj-Activity,TreatyIn.ActualValue.Share(<LAST>).GrossPremiumList(<LAST>).Value,".Value * @divide(Local.ShareCalc,100,4)"
Activity/Property-Set,TreatyInActualShare.xml,Rule-Obj-Activity,TreatyIn.ActualValue.Share(<LAST>).Layer,.Layer
Activity/Property-Set,TreatyInActualShare.xml,Rule-Obj-Activity,TreatyIn.ActualValue.Share(<LAST>).LayerPart,.LayerPart
Activity/Property-Set,TreatyInActualShare.xml,Rule-Obj-Activity,TreatyIn.ActualValue.Share(<LAST>).LayerPartType,.LayerPartType
Activity/Property-Set,TreatyInActualShare.xml,Rule-Obj-Activity,TreatyIn.ActualValue.Share(<LAST>).NetPremiumList,TreatyIn.ActualValue.Share(<LAST>).GrossPremiumList
Activity/Property-Set,TreatyInActualShare.xml,Rule-Obj-Activity,TreatyIn.ActualValue.Share(<LAST>).RnmLimitList(<APPEND>).Currency,.Currency
Activity/Property-Set,TreatyInActualShare.xml,Rule-Obj-Activity,TreatyIn.ActualValue.Share(<LAST>).RnmLimitList(<APPEND>).Currency,.Currency2
Activity/Property-Set,TreatyInActualShare.xml,Rule-Obj-Activity,TreatyIn.ActualValue.Share(<LAST>).RnmLimitList(<LAST>).Value,".Limit * @divide(Local.ShareCalc,100,4)"
Activity/Property-Set,TreatyInActualShare.xml,Rule-Obj-Activity,TreatyIn.ActualValue.Share(<LAST>).RnmLimitList(<LAST>).Value,".Limit2 * @divide(Local.ShareCalc,100,4)"
Activity/Property-Set,TreatyInActualShare.xml,Rule-Obj-Activity,TreatyIn.ActualValue.Share(<LAST>).SpreadingTotalPctXOL,TreatyIn.Share(<CURRENT>).SpreadingTotalPctXOL
Activity/Property-Set,TreatyInActualShare.xml,Rule-Obj-Activity,TreatyIn.ActualValue.Share(<LAST>).SpreadingTypeXOL,TreatyIn.Share(<CURRENT>).SpreadingTypeXOL
Activity/Property-Set,TreatyInActualShare.xml,Rule-Obj-Activity,TreatyIn.ActualValue.Share(<LAST>).TreatyGroupList,.TreatyGroupList
Activity/Property-Set,TreatyInActualShare.xml,Rule-Obj-Activity,TreatyIn.ActualValue.Share(local.index).RNMSpreadedListDeductRIXOL(<APPEND>).Value,((100-local.QSPCT)/100) * .Value
Activity/Property-Set,TreatyInActualShare.xml,Rule-Obj-Activity,TreatyIn.ActualValue.Share(local.index).RNMSpreadedListDeductRIXOL(<LAST>).Currency,.Currency
Activity/Property-Set,TreatyInActualShare.xml,Rule-Obj-Activity,TreatyIn.ActualValue.Share(local.index).RNMSpreadedListDeductXOL(<APPEND>).Value,(local.QSPCT/100) * .Value
Activity/Property-Set,TreatyInActualShare.xml,Rule-Obj-Activity,TreatyIn.ActualValue.Share(local.index).RNMSpreadedListDeductXOL(<LAST>).Currency,.Currency
Activity/Property-Set,TreatyInActualShare.xml,Rule-Obj-Activity,TreatyIn.ActualValue.Share(local.index).RNMSpreadedListGrossRIXOL(<APPEND>).Value,((100-local.QSPCT)/100) * .Value
Activity/Property-Set,TreatyInActualShare.xml,Rule-Obj-Activity,TreatyIn.ActualValue.Share(local.index).RNMSpreadedListGrossRIXOL(<LAST>).Currency,.Currency
Activity/Property-Set,TreatyInActualShare.xml,Rule-Obj-Activity,TreatyIn.ActualValue.Share(local.index).RNMSpreadedListGrossXOL(<APPEND>).Value,(local.QSPCT/100) * .Value
Activity/Property-Set,TreatyInActualShare.xml,Rule-Obj-Activity,TreatyIn.ActualValue.Share(local.index).RNMSpreadedListGrossXOL(<LAST>).Currency,.Currency
Activity/Property-Set,TreatyInActualShare.xml,Rule-Obj-Activity,TreatyIn.ActualValue.Share(local.index).RNMSpreadedListNetRIXOL(<APPEND>).Value,((100-local.QSPCT)/100) * .Value
Activity/Property-Set,TreatyInActualShare.xml,Rule-Obj-Activity,TreatyIn.ActualValue.Share(local.index).RNMSpreadedListNetRIXOL(<LAST>).Currency,.Currency
Activity/Property-Set,TreatyInActualShare.xml,Rule-Obj-Activity,TreatyIn.ActualValue.Share(local.index).RNMSpreadedListNetXOL(<APPEND>).Value,(local.QSPCT/100) * .Value
Activity/Property-Set,TreatyInActualShare.xml,Rule-Obj-Activity,TreatyIn.ActualValue.Share(local.index).RNMSpreadedListNetXOL(<LAST>).Currency,.Currency
Activity/Property-Set,TreatyInActualShare.xml,Rule-Obj-Activity,TreatyIn.ActualValue.Share(local.index).RNMSpreadedListRIXOL(<APPEND>).Value,((100-local.QSPCT)/100) * .Value
Activity/Property-Set,TreatyInActualShare.xml,Rule-Obj-Activity,TreatyIn.ActualValue.Share(local.index).RNMSpreadedListRIXOL(<LAST>).Currency,.Currency
Activity/Property-Set,TreatyInActualShare.xml,Rule-Obj-Activity,TreatyIn.ActualValue.Share(local.index).RNMSpreadedListXOL(<APPEND>).Value,(local.QSPCT/100) * .Value
Activity/Property-Set,TreatyInActualShare.xml,Rule-Obj-Activity,TreatyIn.ActualValue.Share(local.index).RNMSpreadedListXOL(<LAST>).Currency,.Currency
Activity/Property-Set,TreatyInActualShare.xml,Rule-Obj-Activity,TreatyIn.ActualValue.Share(local.shareidxSprd).SpreadingListXOL(<APPEND>).Pct,.Pct
Activity/Property-Set,TreatyInActualShare.xml,Rule-Obj-Activity,TreatyIn.ActualValue.Share(local.shareidxSprd).SpreadingListXOL(<LAST>).ReinsTypeName,.ReinsTypeName
Activity/Property-Set,TreatyInActualShare.xml,Rule-Obj-Activity,TreatyIn.RnmShareDeducted,local.ShareCalc
Activity/Property-Set,TreatyInActualShare.xml,Rule-Obj-Activity,local.QSPCT,.Pct
Activity/Property-Set,TreatyInActualShare.xml,Rule-Obj-Activity,local.index,.pxListSubscript
Activity/Property-Set,TreatyInActualShare.xml,Rule-Obj-Activity,local.shareidx,.pxListSubscript
Activity/Property-Set,TreatyInActualShare.xml,Rule-Obj-Activity,local.shareidxSprd,.pxListSubscript
Activity/Property-Set,TreatyInActualUpdateValueLimits.xml,Rule-Obj-Activity,.AddendumStatus,"""1"""
Activity/Property-Set,TreatyInActualUpdateValueLimits.xml,Rule-Obj-Activity,.MDPPct,100
Activity/Property-Set,TreatyInActualUpdateValueLimits.xml,Rule-Obj-Activity,.ROLPct,"@divide(Local.Value, .Limit, 4)*100"
Activity/Property-Set,TreatyInActualUpdateValueLimits.xml,Rule-Obj-Activity,.Value,Local.Value + .Value
Activity/Property-Set,TreatyInActualUpdateValueLimits.xml,Rule-Obj-Activity,Local.Appendflag,0
Activity/Property-Set,TreatyInActualUpdateValueLimits.xml,Rule-Obj-Activity,Local.Appendflag,1
Activity/Property-Set,TreatyInActualUpdateValueLimits.xml,Rule-Obj-Activity,Local.Conversion,.Conversion
Activity/Property-Set,TreatyInActualUpdateValueLimits.xml,Rule-Obj-Activity,Local.CurrTmp,.Currency
Activity/Property-Set,TreatyInActualUpdateValueLimits.xml,Rule-Obj-Activity,Local.Currency,
Activity/Property-Set,TreatyInActualUpdateValueLimits.xml,Rule-Obj-Activity,Local.Currency,.Currency
Activity/Property-Set,TreatyInActualUpdateValueLimits.xml,Rule-Obj-Activity,Local.Value,Local.Value + (Local.ValueCurrTmp * Local.Conversion)
Activity/Property-Set,TreatyInActualUpdateValueLimits.xml,Rule-Obj-Activity,Local.Value,Local.Value + .Value
Activity/Property-Set,TreatyInActualUpdateValueLimits.xml,Rule-Obj-Activity,Local.ValueCurrTmp,.Value
Activity/Property-Set,TreatyInActualUpdateValueLimits.xml,Rule-Obj-Activity,Local.cob,.TreatyGroup
Activity/Property-Set,TreatyInActualUpdateValueLimits.xml,Rule-Obj-Activity,Local.cobegnpi,.CurrencyID
Activity/Property-Set,TreatyInActualUpdateValueLimits.xml,Rule-Obj-Activity,Local.errmsg,"""100% Limit must not be empty"""
Activity/Property-Set,TreatyInActualUpdateValueLimits.xml,Rule-Obj-Activity,Param.idxLimit,.pxListSubscript
Activity/Property-Set,TreatyInActualUpdateValueLimits.xml,Rule-Obj-Activity,TempEgnpiMatch.pxResults(<APPEND>).Currency,.Currency
Activity/Property-Set,TreatyInActualUpdateValueLimits.xml,Rule-Obj-Activity,TempEgnpiMatch.pxResults(<LAST>).Amount,.Amount
Activity/Property-Set,TreatyInActualUpdateValueLimits.xml,Rule-Obj-Activity,TempEgnpiMatch.pxResults(<LAST>).AmountIDR,.AmountIDR
Activity/Property-Set,TreatyInActualUpdateValueLimits.xml,Rule-Obj-Activity,TempEgnpiMatch.pxResults(<LAST>).ClassOfBusiness,.ClassOfBusiness
Activity/Property-Set,TreatyInActualUpdateValueLimits.xml,Rule-Obj-Activity,TempEgnpiMatch.pxResults(<LAST>).ClassOfBusinessID,.ClassOfBusinessID
Activity/Property-Set,TreatyInActualUpdateValueLimits.xml,Rule-Obj-Activity,TempEgnpiMatch.pxResults(<LAST>).CurrencyID,.CurrencyID
Activity/Property-Set,TreatyInActualUpdateValueLimits.xml,Rule-Obj-Activity,TempEgnpiMatch.pxResults(<LAST>).TreatyGroup,.TreatyGroup
Activity/Property-Set,TreatyInActualUpdateValueLimits.xml,Rule-Obj-Activity,TempEgnpiMatch.pxResults(<LAST>).TreatyGroupID,.TreatyGroupID
Activity/Property-Set,TreatyInActualUpdateValueLimits.xml,Rule-Obj-Activity,TreatyIn.ActualValue.Limits,TreatyIn.Limits
Activity/Property-Set,TreatyInActualUpdateValueLimits.xml,Rule-Obj-Activity,TreatyIn.ActualValue.Limits(Param.idxLimit).EgnpiTotalList(<APPEND>).Currency,Local.Currency
Activity/Property-Set,TreatyInActualUpdateValueLimits.xml,Rule-Obj-Activity,TreatyIn.ActualValue.Limits(Param.idxLimit).EgnpiTotalList(<LAST>).CurrencyID,Local.cobegnpi
Activity/Property-Set,TreatyInActualUpdateValueLimits.xml,Rule-Obj-Activity,TreatyIn.ActualValue.Limits(Param.idxLimit).EgnpiTotalList(<LAST>).Value,Local.Value
Activity/Property-Set,TreatyInActualUpdateValueLimits.xml,Rule-Obj-Activity,TreatyIn.ActualValue.Limits(local.subscript).MDPList(<APPEND>).Value,.Value * local.rate
Activity/Property-Set,TreatyInActualUpdateValueLimits.xml,Rule-Obj-Activity,TreatyIn.ActualValue.Limits(local.subscript).MDPList(<LAST>).Currency,.Currency
Activity/Property-Set,TreatyInActualUpdateValueLimits.xml,Rule-Obj-Activity,TreatyIn.ActualValue.Limits(local.subscript).PremiumEarnedList(<APPEND>).Currency,.Currency
Activity/Property-Set,TreatyInActualUpdateValueLimits.xml,Rule-Obj-Activity,TreatyIn.ActualValue.Limits(local.subscript).PremiumEarnedList(<LAST>).Value,.Value * local.rate
Activity/Property-Set,TreatyInActualUpdateValueLimits.xml,Rule-Obj-Activity,local.Appendflag,""""""
Activity/Property-Set,TreatyInActualUpdateValueLimits.xml,Rule-Obj-Activity,local.Currency,""""""
Activity/Property-Set,TreatyInActualUpdateValueLimits.xml,Rule-Obj-Activity,local.Currency,.Currency
Activity/Property-Set,TreatyInActualUpdateValueLimits.xml,Rule-Obj-Activity,local.Limit,.Limit
Activity/Property-Set,TreatyInActualUpdateValueLimits.xml,Rule-Obj-Activity,local.Value,""""""
Activity/Property-Set,TreatyInActualUpdateValueLimits.xml,Rule-Obj-Activity,local.Value,.Amount
Activity/Property-Set,TreatyInActualUpdateValueLimits.xml,Rule-Obj-Activity,local.Value,.Conversion
Activity/Property-Set,TreatyInActualUpdateValueLimits.xml,Rule-Obj-Activity,local.cob,""""""
Activity/Property-Set,TreatyInActualUpdateValueLimits.xml,Rule-Obj-Activity,local.cobegnpi,""""""
Activity/Property-Set,TreatyInActualUpdateValueLimits.xml,Rule-Obj-Activity,local.rate,""""""
Activity/Property-Set,TreatyInActualUpdateValueLimits.xml,Rule-Obj-Activity,local.rate,"@divide(.AdjRate,100,15)"
Activity/Property-Set,TreatyInActualUpdateValueLimits.xml,Rule-Obj-Activity,local.rate,"@divide(.MDPPct,100,15)"
Activity/Property-Set,TreatyInActualUpdateValueLimits.xml,Rule-Obj-Activity,local.subscript,""""""
Activity/Property-Set,TreatyInActualUpdateValueLimits.xml,Rule-Obj-Activity,local.subscript,.pxListSubscript
Activity/Property-Set,TreatyInActualUpdateValuePremiumIncome.xml,Rule-Obj-Activity,.Proportion,"@divide(.AmountIDR,TreatyIn.ActualValue.TotalEgnpiAmount,20)*100"
Activity/Property-Set,TreatyInActualUpdateValuePremiumIncome.xml,Rule-Obj-Activity,.Value,local.Value + .Value
Activity/Property-Set,TreatyInActualUpdateValuePremiumIncome.xml,Rule-Obj-Activity,TreatyIn.ActualValue.TotalEgnpiAmount,.AmountIDR + TreatyIn.ActualValue.TotalEgnpiAmount
Activity/Property-Set,TreatyInActualUpdateValuePremiumIncome.xml,Rule-Obj-Activity,TreatyIn.ActualValue.TotalEgnpiAmountNP(<APPEND>).ID,""""""
Activity/Property-Set,TreatyInActualUpdateValuePremiumIncome.xml,Rule-Obj-Activity,TreatyIn.ActualValue.TotalEgnpiAmountNP(<LAST>).AltValue,local.Altvalue
Activity/Property-Set,TreatyInActualUpdateValuePremiumIncome.xml,Rule-Obj-Activity,TreatyIn.ActualValue.TotalEgnpiAmountNP(<LAST>).Currency,local.Currency
Activity/Property-Set,TreatyInActualUpdateValuePremiumIncome.xml,Rule-Obj-Activity,TreatyIn.ActualValue.TotalEgnpiAmountNP(<LAST>).Value,local.Value
Activity/Property-Set,TreatyInActualUpdateValuePremiumIncome.xml,Rule-Obj-Activity,TreatyIn.ActualValue.TotalEgnpiProportion,.Proportion + TreatyIn.ActualValue.TotalEgnpiProportion
Activity/Property-Set,TreatyInActualUpdateValuePremiumIncome.xml,Rule-Obj-Activity,local.Appendflag,0
Activity/Property-Set,TreatyInActualUpdateValuePremiumIncome.xml,Rule-Obj-Activity,local.Appendflag,1
Activity/Property-Set,TreatyInActualUpdateValuePremiumIncome.xml,Rule-Obj-Activity,local.Currency,.Currency
Activity/Property-Set,TreatyInActualUpdateValuePremiumIncome.xml,Rule-Obj-Activity,local.Value,.Amount
Activity/Property-Set,TreatyInAddCurrency.xml,Rule-Obj-Activity,TreatyIn.CurrencyList(<APPEND>).CurrencyID,""""""
Activity/Property-Set,TreatyInAkseptasiEDM_Act.xml,Rule-Obj-Activity,TreatyIn.Comment,""""""
Activity/Property-Set,TreatyInAkseptasi_Act.xml,Rule-Obj-Activity,TreatyIn.Comment,""""""
Activity/Property-Set,TreatyInCheckCedingBlacklist.xml,Rule-Obj-Activity,Param.ErrMsg,"""This name is on Agent Negative List"""
Activity/Property-Set,TreatyInCheckCedingBlacklist.xml,Rule-Obj-Activity,TreatyIn.pyErrMsg,""""""
Activity/Property-Set,TreatyInCheckCedingBlacklist.xml,Rule-Obj-Activity,TreatyIn.pyErrMsg,"""error"""
Activity/Property-Set,TreatyInCheckError.xml,Rule-Obj-Activity,Local.msg1,"""Please input Ceding"""
Activity/Property-Set,TreatyInCheckError.xml,Rule-Obj-Activity,Local.msg2,"""Please input Source of Business (SoB)"""
Activity/Property-Set,TreatyInCheckError.xml,Rule-Obj-Activity,OutputParam.ERRMSG,""""""
Activity/Property-Set,TreatyInCheckError.xml,Rule-Obj-Activity,OutputParam.ERRMSG,"""Please input Ceding"""
Activity/Property-Set,TreatyInCheckError.xml,Rule-Obj-Activity,OutputParam.ERRMSG,"""Please input Source of Business (SoB)"""
Activity/Property-Set,TreatyInCheckID.xml,Rule-Obj-Activity,OutputParam.ERRMSG,"""Error: Found Empty 'Ceding' ID or 'SoB' ID (Re-Insert 'Ceding' and 'SoB)"""
Activity/Property-Set,TreatyInCheckID.xml,Rule-Obj-Activity,OutputParam.ERRMSG,"""Error: Found Empty 'Class of Business'"""
Activity/Property-Set,TreatyInCheckID.xml,Rule-Obj-Activity,OutputParam.ERRMSG,"""Error: Found Empty 'Layer'"""
Activity/Property-Set,TreatyInCheckID.xml,Rule-Obj-Activity,OutputParam.ERRMSG,"""Error: Found Empty 'Limits' value"""
Activity/Property-Set,TreatyInCheckID.xml,Rule-Obj-Activity,OutputParam.ERRMSG,"""Error: Found Empty 'Treaty Type' (Limits)"""
Activity/Property-Set,TreatyInCheckID.xml,Rule-Obj-Activity,OutputParam.ERRMSG,"""Error: Found Empty Currency ID (Re-insert Currency)"""
Activity/Property-Set,TreatyInCheckID.xml,Rule-Obj-Activity,OutputParam.ERRMSG,"""Error: Proportion Type"""
Activity/Property-Set,TreatyInConvertCallData_act.xml,Rule-Obj-Activity,OutputParam.DATASHOW,1
Activity/Property-Set,TreatyInConvertCallData_act.xml,Rule-Obj-Activity,OutputParam.ERRMSG,""""""
Activity/Property-Set,TreatyInConvertCallData_act.xml,Rule-Obj-Activity,TempResult.pxResults(<APPEND>).Ceding,TempResult1.pxResults(<CURRENT>).ClassofBusiness
Activity/Property-Set,TreatyInConvertCallData_act.xml,Rule-Obj-Activity,TempResult.pxResults(<LAST>).ClassofBusiness,TempResult1.pxResults(<CURRENT>).ClassofBusiness
Activity/Property-Set,TreatyInConvertCallData_act.xml,Rule-Obj-Activity,TreatyIn.ID,"""30001"""
Activity/Property-Set,TreatyInConvertCallData_act.xml,Rule-Obj-Activity,TreatyIn.StatusAkseptasi,"""Resolve Complete"""
Activity/Property-Set,TreatyInConvertCallData_act.xml,Rule-Obj-Activity,test.pxResults(<APPEND>).CARI1,@ASM.GetPageJSONString()
Activity/Property-Set,TreatyInConvertCallData_act.xml,Rule-Obj-Activity,test.pxResults(<APPEND>).CARI2,@ASM.GetPageJSONString()
Activity/Property-Set,TreatyInCopy.xml,Rule-Obj-Activity,TreatyIn.CommentList,""""""
Activity/Property-Set,TreatyInCopy.xml,Rule-Obj-Activity,TreatyIn.CommentList(<APPEND>).Date,@toDateTime(time.pxResults(1).CARI1)
Activity/Property-Set,TreatyInCopy.xml,Rule-Obj-Activity,TreatyIn.CommentList(<LAST>).OperatorName,OperatorID.pxInsName
Activity/Property-Set,TreatyInCopy.xml,Rule-Obj-Activity,TreatyIn.CommentList(<LAST>).Suggest,"""Copied from ID "" + TreatyIn.ID"
Activity/Property-Set,TreatyInCopy.xml,Rule-Obj-Activity,TreatyIn.ID,"""UnknownId"""
Activity/Property-Set,TreatyInCopy.xml,Rule-Obj-Activity,TreatyIn.IsEditData,0
Activity/Property-Set,TreatyInCopy.xml,Rule-Obj-Activity,TreatyIn.OLDID,TreatyIn.ID
Activity/Property-Set,TreatyInCopy.xml,Rule-Obj-Activity,TreatyIn.Position,"""ReasTreatyInAdmin"""
Activity/Property-Set,TreatyInCopy.xml,Rule-Obj-Activity,TreatyIn.RevisionState,""""""
Activity/Property-Set,TreatyInCopy.xml,Rule-Obj-Activity,TreatyIn.StatusAkseptasi,""""""
Activity/Property-Set,TreatyInCopy.xml,Rule-Obj-Activity,TreatyIn.ViewState,0
Activity/Property-Set,TreatyInDeclineConfirmation_postact.xml,Rule-Obj-Activity,Param.Comment,TreatyIn.Comment
Activity/Property-Set,TreatyInDeclineConfirmation_postact.xml,Rule-Obj-Activity,Param.Info,TreatyIn.Information
Activity/Property-Set,TreatyInDeclineConfirmation_postact.xml,Rule-Obj-Activity,Param.SkipVisibility,"""0"""
Activity/Property-Set,TreatyInDeclineConfirmation_postact.xml,Rule-Obj-Activity,TreatyIn.CommentList(<LAST>).IsApproved,"""Decline"""
Activity/Property-Set,TreatyInDeclineConfirmation_postact.xml,Rule-Obj-Activity,TreatyIn.StatusAkseptasi,"""Decline"""
Activity/Property-Set,TreatyInDeclineConfirmation_postactEDM.xml,Rule-Obj-Activity,InputData.CARI1,TreatyIn.ID
Activity/Property-Set,TreatyInDeclineConfirmation_postactEDM.xml,Rule-Obj-Activity,Param.Comment,TreatyIn.Comment
Activity/Property-Set,TreatyInDeclineConfirmation_postactEDM.xml,Rule-Obj-Activity,Param.Info,TreatyIn.Information
Activity/Property-Set,TreatyInDeclineConfirmation_postactEDM.xml,Rule-Obj-Activity,Param.SkipVisibility,"""0"""
Activity/Property-Set,TreatyInDeclineConfirmation_postactEDM.xml,Rule-Obj-Activity,TreatyIn.CommentList(<LAST>).IsApproved,"""Decline"""
Activity/Property-Set,TreatyInDeclineConfirmation_postactEDM.xml,Rule-Obj-Activity,TreatyIn.StatusAkseptasi,"""Decline"""
Activity/Property-Set,TreatyInDifferenceDeduction.xml,Rule-Obj-Activity,.DeductionList(<APPEND>).Comment,"""Brokerage fee"""
Activity/Property-Set,TreatyInDifferenceDeduction.xml,Rule-Obj-Activity,.DeductionList(<APPEND>).Comment,"""Facultative Brokerage fee"""
Activity/Property-Set,TreatyInDifferenceDeduction.xml,Rule-Obj-Activity,.DeductionList(<LAST>).DeductionPct,TreatyIn.BrokeragePercent
Activity/Property-Set,TreatyInDifferenceDeduction.xml,Rule-Obj-Activity,.DeductionList(<LAST>).DeductionPct,TreatyIn.FacultativeShareBrokerage
Activity/Property-Set,TreatyInDifferenceDeduction.xml,Rule-Obj-Activity,.DeductionList(<LAST>).DeductionPctCalculate,true
Activity/Property-Set,TreatyInDifferenceDeduction.xml,Rule-Obj-Activity,local.deleteflag,0
Activity/Property-Set,TreatyInDifferenceDeduction.xml,Rule-Obj-Activity,local.deleteflag,1
Activity/Property-Set,TreatyInDifferenceDeduction.xml,Rule-Obj-Activity,local.subscriptdelete,.pxListSubscript
Activity/Property-Set,TreatyInDifferenceFacShare.xml,Rule-Obj-Activity,TreatyIn.ActualValue.LimitShareSummaryList(<CURRENT>).Deductible,"@if(.Deductible<TreatyIn.LimitShareSummaryList(<CURRENT>).Deductible,0,.Deductible - TreatyIn.LimitShareSummaryList(<CUR"
Activity/Property-Set,TreatyInDifferenceFacShare.xml,Rule-Obj-Activity,TreatyIn.ActualValue.LimitShareSummaryList(<CURRENT>).Deductible2,"@if(.Deductible2<TreatyIn.LimitShareSummaryList(<CURRENT>).Deductible2,0,.Deductible2 - TreatyIn.LimitShareSummaryList(<"
Activity/Property-Set,TreatyInDifferenceFacShare.xml,Rule-Obj-Activity,TreatyIn.ActualValue.LimitShareSummaryList(<CURRENT>).Limit,"@if(.Limit<TreatyIn.LimitShareSummaryList(<CURRENT>).Limit,0,.Limit - TreatyIn.LimitShareSummaryList(<CURRENT>).Limit)"
Activity/Property-Set,TreatyInDifferenceFacShare.xml,Rule-Obj-Activity,TreatyIn.ActualValue.LimitShareSummaryList(<CURRENT>).Limit2,"@if(.Limit2<TreatyIn.LimitShareSummaryList(<CURRENT>).Limit2,0,.Limit2 - TreatyIn.LimitShareSummaryList(<CURRENT>).Limit"
Activity/Property-Set,TreatyInDifferenceFacShare.xml,Rule-Obj-Activity,TreatyIn.ActualValue.LimitShareSummaryList(<CURRENT>).MDP,"@if(.MDP<TreatyIn.LimitShareSummaryList(<CURRENT>).MDP,0,.MDP - TreatyIn.LimitShareSummaryList(<CURRENT>).MDP)"
Activity/Property-Set,TreatyInDifferenceFacShare.xml,Rule-Obj-Activity,TreatyIn.ActualValue.LimitShareSummaryList(<CURRENT>).MDP2,"@if(.MDP2<TreatyIn.LimitShareSummaryList(<CURRENT>).MDP2,0,.MDP2 - TreatyIn.LimitShareSummaryList(<CURRENT>).MDP2)"
Activity/Property-Set,TreatyInDifferenceFacShare.xml,Rule-Obj-Activity,TreatyIn.ActualValue.LimitShareSummaryList(<CURRENT>).Note,.Note
Activity/Property-Set,TreatyInDifferenceFacShare.xml,Rule-Obj-Activity,TreatyIn.ValueDifference.FacultativeShare,.FacultativeShare- TreatyIn.FacultativeShare
Activity/Property-Set,TreatyInDifferenceFacShare.xml,Rule-Obj-Activity,TreatyIn.ValueDifference.FacultativeShareBrokerage,.FacultativeShareBrokerage- TreatyIn.FacultativeShareBrokerage
Activity/Property-Set,TreatyInDifferenceFacShare.xml,Rule-Obj-Activity,TreatyIn.ValueDifference.FacultativeShareList(<CURRENT>).Cover,.Cover
Activity/Property-Set,TreatyInDifferenceFacShare.xml,Rule-Obj-Activity,TreatyIn.ValueDifference.FacultativeShareList(<CURRENT>).Layer,.Layer
Activity/Property-Set,TreatyInDifferenceFacShare.xml,Rule-Obj-Activity,TreatyIn.ValueDifference.FacultativeShareList(<CURRENT>).LayerPart,.LayerPart
Activity/Property-Set,TreatyInDifferenceFacShare.xml,Rule-Obj-Activity,TreatyIn.ValueDifference.FacultativeShareList(<CURRENT>).LayerPartType,.LayerPartType
Activity/Property-Set,TreatyInDifferenceFacShare.xml,Rule-Obj-Activity,TreatyIn.ValueDifference.FacultativeShareList(<CURRENT>).LayerType,.LayerType
Activity/Property-Set,TreatyInDifferenceFacShare.xml,Rule-Obj-Activity,TreatyIn.ValueDifference.FacultativeShareList(<CURRENT>).Limit,.Limit
Activity/Property-Set,TreatyInDifferenceFacShare.xml,Rule-Obj-Activity,TreatyIn.ValueDifference.FacultativeShareList(<CURRENT>).Limit2,.Limit2
Activity/Property-Set,TreatyInDifferenceFacShare.xml,Rule-Obj-Activity,TreatyIn.ValueDifference.FacultativeShareList(<CURRENT>).RnmGrossPremiDisplay(1).Currency,.RnmGrossPremiDisplay(1).Currency
Activity/Property-Set,TreatyInDifferenceFacShare.xml,Rule-Obj-Activity,TreatyIn.ValueDifference.FacultativeShareList(<CURRENT>).RnmGrossPremiDisplay(1).Value,.RnmGrossPremiDisplay(1).Value - TreatyIn.FacultativeShareList(<CURRENT>).RnmGrossPremiDisplay(1).Value
Activity/Property-Set,TreatyInDifferenceFacShare.xml,Rule-Obj-Activity,TreatyIn.ValueDifference.FacultativeShareList(<CURRENT>).RnmGrossPremiDisplay(2).Currency,.RnmGrossPremiDisplay(2).Currency
Activity/Property-Set,TreatyInDifferenceFacShare.xml,Rule-Obj-Activity,TreatyIn.ValueDifference.FacultativeShareList(<CURRENT>).RnmGrossPremiDisplay(2).Value,.RnmGrossPremiDisplay(2).Value - TreatyIn.FacultativeShareList(<CURRENT>).RnmGrossPremiDisplay(2).Value
Activity/Property-Set,TreatyInDifferenceFacShare.xml,Rule-Obj-Activity,TreatyIn.ValueDifference.FacultativeShareList(<CURRENT>).RnmLimitListDisplay(1).Currency,.RnmLimitListDisplay(1).Currency
Activity/Property-Set,TreatyInDifferenceFacShare.xml,Rule-Obj-Activity,TreatyIn.ValueDifference.FacultativeShareList(<CURRENT>).RnmLimitListDisplay(1).Value,.RnmLimitListDisplay(1).Value - TreatyIn.FacultativeShareList(<CURRENT>).RnmLimitListDisplay(1).Value
Activity/Property-Set,TreatyInDifferenceFacShare.xml,Rule-Obj-Activity,TreatyIn.ValueDifference.FacultativeShareList(<CURRENT>).RnmLimitListDisplay(2).Currency,.RnmLimitListDisplay(2).Currency
Activity/Property-Set,TreatyInDifferenceFacShare.xml,Rule-Obj-Activity,TreatyIn.ValueDifference.FacultativeShareList(<CURRENT>).RnmLimitListDisplay(2).Value,.RnmLimitListDisplay(2).Value - TreatyIn.FacultativeShareList(<CURRENT>).RnmLimitListDisplay(2).Value
Activity/Property-Set,TreatyInDifferenceFacShare.xml,Rule-Obj-Activity,TreatyIn.ValueDifference.FacultativeShareList(local.subscript).DeductionList(<CURRENT>).Comment,.Comment
Activity/Property-Set,TreatyInDifferenceFacShare.xml,Rule-Obj-Activity,TreatyIn.ValueDifference.FacultativeShareList(local.subscript).DeductionList(<CURRENT>).Currency,.Currency
Activity/Property-Set,TreatyInDifferenceFacShare.xml,Rule-Obj-Activity,TreatyIn.ValueDifference.FacultativeShareList(local.subscript).DeductionList(<CURRENT>).Deduction,"@if(.Deduction<TreatyIn.FacultativeShareList(local.subscript).DeductionList(<CURRENT>).Deduction,0,.Deduction - TreatyIn"
Activity/Property-Set,TreatyInDifferenceFacShare.xml,Rule-Obj-Activity,TreatyIn.ValueDifference.FacultativeShareList(local.subscript).DeductionList(<CURRENT>).DeductionPct,"@if(.DeductionPct<TreatyIn.FacultativeShareList(local.subscript).DeductionList(<CURRENT>).DeductionPct,0,.DeductionPct -"
Activity/Property-Set,TreatyInDifferenceFacShare.xml,Rule-Obj-Activity,TreatyIn.ValueDifference.FacultativeShareList(local.subscript).GrossPremiumList(<CURRENT>).Currency,.Currency
Activity/Property-Set,TreatyInDifferenceFacShare.xml,Rule-Obj-Activity,TreatyIn.ValueDifference.FacultativeShareList(local.subscript).GrossPremiumList(<CURRENT>).Value,"@if(.Value<TreatyIn.FacultativeShareList(local.subscript).GrossPremiumList(<CURRENT>).Value,0,.Value - TreatyIn.Facultat"
Activity/Property-Set,TreatyInDifferenceFacShare.xml,Rule-Obj-Activity,TreatyIn.ValueDifference.FacultativeShareList(local.subscript).NetPremiumList(<CURRENT>).Currency,.Currency
Activity/Property-Set,TreatyInDifferenceFacShare.xml,Rule-Obj-Activity,TreatyIn.ValueDifference.FacultativeShareList(local.subscript).NetPremiumList(<CURRENT>).Value,"@if(.Value<TreatyIn.FacultativeShareList(local.subscript).NetPremiumList(<CURRENT>).Value,0,.Value - TreatyIn.Facultativ"
Activity/Property-Set,TreatyInDifferenceFacShare.xml,Rule-Obj-Activity,TreatyIn.ValueDifference.FacultativeShareList(local.subscript).RnmLimitList(<CURRENT>).Currency,.Currency
Activity/Property-Set,TreatyInDifferenceFacShare.xml,Rule-Obj-Activity,TreatyIn.ValueDifference.FacultativeShareList(local.subscript).RnmLimitList(<CURRENT>).Value,.Value - TreatyIn.FacultativeShareList(local.subscript).RnmLimitList(<CURRENT>).Value
Activity/Property-Set,TreatyInDifferenceFacShare.xml,Rule-Obj-Activity,local.shareidxSprd,.pxListSubscript
Activity/Property-Set,TreatyInDifferenceFacShare.xml,Rule-Obj-Activity,local.subscript,.pxListSubscript
Activity/Property-Set,TreatyInDifferenceFacShareTotal.xml,Rule-Obj-Activity,.Value,.Value + Local.Value
Activity/Property-Set,TreatyInDifferenceFacShareTotal.xml,Rule-Obj-Activity,.Value,.Value + local.Value
Activity/Property-Set,TreatyInDifferenceFacShareTotal.xml,Rule-Obj-Activity,.Value,.Value+ Local.Value
Activity/Property-Set,TreatyInDifferenceFacShareTotal.xml,Rule-Obj-Activity,Local.Currency,.Currency
Activity/Property-Set,TreatyInDifferenceFacShareTotal.xml,Rule-Obj-Activity,Local.Value,.Value
Activity/Property-Set,TreatyInDifferenceFacShareTotal.xml,Rule-Obj-Activity,Local.test,0
Activity/Property-Set,TreatyInDifferenceFacShareTotal.xml,Rule-Obj-Activity,Local.test,1
Activity/Property-Set,TreatyInDifferenceFacShareTotal.xml,Rule-Obj-Activity,TempCurrGrandTotalLimit.pxResults(<APPEND>).Currency,.Currency
Activity/Property-Set,TreatyInDifferenceFacShareTotal.xml,Rule-Obj-Activity,TreatyIn.ValueDifference.TotalFacShareDeductionNP(<APPEND>).Currency,.Currency
Activity/Property-Set,TreatyInDifferenceFacShareTotal.xml,Rule-Obj-Activity,TreatyIn.ValueDifference.TotalFacShareDeductionNP(<LAST>).Value,.Value
Activity/Property-Set,TreatyInDifferenceFacShareTotal.xml,Rule-Obj-Activity,TreatyIn.ValueDifference.TotalFacShareGrossNP(<APPEND>).Currency,.Currency
Activity/Property-Set,TreatyInDifferenceFacShareTotal.xml,Rule-Obj-Activity,TreatyIn.ValueDifference.TotalFacShareGrossNP(<LAST>).Value,.Value
Activity/Property-Set,TreatyInDifferenceFacShareTotal.xml,Rule-Obj-Activity,TreatyIn.ValueDifference.TotalFacShareNetNP(<APPEND>).Currency,.Currency
Activity/Property-Set,TreatyInDifferenceFacShareTotal.xml,Rule-Obj-Activity,TreatyIn.ValueDifference.TotalFacShareNetNP(<LAST>).Value,.Value
Activity/Property-Set,TreatyInDifferenceFacShareTotal.xml,Rule-Obj-Activity,TreatyIn.ValueDifference.TotalFacShareRnmNP(<APPEND>).Currency,.Currency
Activity/Property-Set,TreatyInDifferenceFacShareTotal.xml,Rule-Obj-Activity,TreatyIn.ValueDifference.TotalFacShareRnmNP(<LAST>).Value,.Value
Activity/Property-Set,TreatyInDifferenceFacShareTotal.xml,Rule-Obj-Activity,param.deductiblecurrency,.LayerList(1).Currency
Activity/Property-Set,TreatyInDifferenceFacShareTotal.xml,Rule-Obj-Activity,param.deductiblevalue,.LayerList(1).Deductible + @toDecimal(param.deductiblevalue)
Activity/Property-Set,TreatyInDifferenceFacShareTotal.xml,Rule-Obj-Activity,param.limitcurrency,.LayerList(1).Currency
Activity/Property-Set,TreatyInDifferenceFacShareTotal.xml,Rule-Obj-Activity,param.limitvalue,.LayerList(1).IOOLimit + @toDecimal(param.limitvalue)
Activity/Property-Set,TreatyInDifferenceLimits.xml,Rule-Obj-Activity,TreatyIn.ValueDifference.LimitSummaryList(<CURRENT>).AggregateLimit,.AggregateLimit - TreatyIn.LimitSummaryList(<CURRENT>).AggregateLimit
Activity/Property-Set,TreatyInDifferenceLimits.xml,Rule-Obj-Activity,TreatyIn.ValueDifference.LimitSummaryList(<CURRENT>).AggregateLimit2,.AggregateLimit2 - TreatyIn.LimitSummaryList(<CURRENT>).AggregateLimit2
Activity/Property-Set,TreatyInDifferenceLimits.xml,Rule-Obj-Activity,TreatyIn.ValueDifference.LimitSummaryList(<CURRENT>).Deductible,.Deductible - TreatyIn.LimitSummaryList(<CURRENT>).Deductible
Activity/Property-Set,TreatyInDifferenceLimits.xml,Rule-Obj-Activity,TreatyIn.ValueDifference.LimitSummaryList(<CURRENT>).Deductible2,.Deductible2 - TreatyIn.LimitSummaryList(<CURRENT>).Deductible2
Activity/Property-Set,TreatyInDifferenceLimits.xml,Rule-Obj-Activity,TreatyIn.ValueDifference.LimitSummaryList(<CURRENT>).Limit,.Limit - TreatyIn.LimitSummaryList(<CURRENT>).Limit
Activity/Property-Set,TreatyInDifferenceLimits.xml,Rule-Obj-Activity,TreatyIn.ValueDifference.LimitSummaryList(<CURRENT>).Limit2,.Limit2 - TreatyIn.LimitSummaryList(<CURRENT>).Limit2
Activity/Property-Set,TreatyInDifferenceLimits.xml,Rule-Obj-Activity,TreatyIn.ValueDifference.LimitSummaryList(<CURRENT>).MDP,"@if(.MDP<TreatyIn.LimitSummaryList(<CURRENT>).MDP,0,.MDP - TreatyIn.LimitSummaryList(<CURRENT>).MDP)"
Activity/Property-Set,TreatyInDifferenceLimits.xml,Rule-Obj-Activity,TreatyIn.ValueDifference.LimitSummaryList(<CURRENT>).MDP2,"@if(.MDP2<TreatyIn.LimitSummaryList(<CURRENT>).MDP2,0,.MDP2 - TreatyIn.LimitSummaryList(<CURRENT>).MDP2)"
Activity/Property-Set,TreatyInDifferenceLimits.xml,Rule-Obj-Activity,TreatyIn.ValueDifference.LimitSummaryList(<CURRENT>).Note,.Note
Activity/Property-Set,TreatyInDifferenceLimits.xml,Rule-Obj-Activity,TreatyIn.ValueDifference.Limits(<CURRENT>).AdjRate,.AdjRate - TreatyIn.Limits(<CURRENT>).AdjRate
Activity/Property-Set,TreatyInDifferenceLimits.xml,Rule-Obj-Activity,TreatyIn.ValueDifference.Limits(<CURRENT>).Cover,.Cover
Activity/Property-Set,TreatyInDifferenceLimits.xml,Rule-Obj-Activity,TreatyIn.ValueDifference.Limits(<CURRENT>).Currency,.Currency
Activity/Property-Set,TreatyInDifferenceLimits.xml,Rule-Obj-Activity,TreatyIn.ValueDifference.Limits(<CURRENT>).Currency2,.Currency2
Activity/Property-Set,TreatyInDifferenceLimits.xml,Rule-Obj-Activity,TreatyIn.ValueDifference.Limits(<CURRENT>).Deductible,.Deductible - TreatyIn.Limits(<CURRENT>).Deductible
Activity/Property-Set,TreatyInDifferenceLimits.xml,Rule-Obj-Activity,TreatyIn.ValueDifference.Limits(<CURRENT>).Deductible2,@toDecimal(.Deductible2) - @toDecimal(TreatyIn.Limits(<CURRENT>).Deductible2)
Activity/Property-Set,TreatyInDifferenceLimits.xml,Rule-Obj-Activity,TreatyIn.ValueDifference.Limits(<CURRENT>).Layer,.Layer
Activity/Property-Set,TreatyInDifferenceLimits.xml,Rule-Obj-Activity,TreatyIn.ValueDifference.Limits(<CURRENT>).LayerPart,.LayerPart
Activity/Property-Set,TreatyInDifferenceLimits.xml,Rule-Obj-Activity,TreatyIn.ValueDifference.Limits(<CURRENT>).LayerPartType,.LayerPartType
Activity/Property-Set,TreatyInDifferenceLimits.xml,Rule-Obj-Activity,TreatyIn.ValueDifference.Limits(<CURRENT>).LayerType,.LayerType
Activity/Property-Set,TreatyInDifferenceLimits.xml,Rule-Obj-Activity,TreatyIn.ValueDifference.Limits(<CURRENT>).Limit,.Limit - TreatyIn.Limits(<CURRENT>).Limit
Activity/Property-Set,TreatyInDifferenceLimits.xml,Rule-Obj-Activity,TreatyIn.ValueDifference.Limits(<CURRENT>).Limit2,.Limit2 - TreatyIn.Limits(<CURRENT>).Limit2
Activity/Property-Set,TreatyInDifferenceLimits.xml,Rule-Obj-Activity,TreatyIn.ValueDifference.Limits(<CURRENT>).MDPPct,.MDPPct - TreatyIn.Limits(<CURRENT>).MDPPct
Activity/Property-Set,TreatyInDifferenceLimits.xml,Rule-Obj-Activity,TreatyIn.ValueDifference.Limits(<CURRENT>).ROLPct,.ROLPct - TreatyIn.Limits(<CURRENT>).ROLPct
Activity/Property-Set,TreatyInDifferenceLimits.xml,Rule-Obj-Activity,TreatyIn.ValueDifference.Limits(<CURRENT>).ReinstatementPct,.ReinstatementPct
Activity/Property-Set,TreatyInDifferenceLimits.xml,Rule-Obj-Activity,TreatyIn.ValueDifference.Limits(<CURRENT>).TreatyGroupList,.TreatyGroupList
Activity/Property-Set,TreatyInDifferenceLimits.xml,Rule-Obj-Activity,TreatyIn.ValueDifference.Limits(local.subscript).EgnpiTotalList(<CURRENT>).Currency,.Currency
Activity/Property-Set,TreatyInDifferenceLimits.xml,Rule-Obj-Activity,TreatyIn.ValueDifference.Limits(local.subscript).EgnpiTotalList(<CURRENT>).Value,"@if(.Value<TreatyIn.Limits(local.subscript).EgnpiTotalList(<CURRENT>).Value,0,.Value - TreatyIn.Limits(local.subscript)."
Activity/Property-Set,TreatyInDifferenceLimits.xml,Rule-Obj-Activity,TreatyIn.ValueDifference.Limits(local.subscript).MDPList(<CURRENT>).Currency,.Currency
Activity/Property-Set,TreatyInDifferenceLimits.xml,Rule-Obj-Activity,TreatyIn.ValueDifference.Limits(local.subscript).MDPList(<CURRENT>).Value,"@if(.Value<TreatyIn.Limits(local.subscript).MDPList(<CURRENT>).Value,0,.Value - TreatyIn.Limits(local.subscript).MDPList"
Activity/Property-Set,TreatyInDifferenceLimits.xml,Rule-Obj-Activity,TreatyIn.ValueDifference.Limits(local.subscript).PremiumEarnedList(<CURRENT>).Currency,.Currency
Activity/Property-Set,TreatyInDifferenceLimits.xml,Rule-Obj-Activity,TreatyIn.ValueDifference.Limits(local.subscript).PremiumEarnedList(<CURRENT>).Value,"@if(.Value<TreatyIn.Limits(local.subscript).PremiumEarnedList(<CURRENT>).Value,0,.Value - TreatyIn.Limits(local.subscrip"
Activity/Property-Set,TreatyInDifferenceLimits.xml,Rule-Obj-Activity,TreatyIn.ValueDifference.TotalLimitDeductblNP(<CURRENT>).Currency,.Currency
Activity/Property-Set,TreatyInDifferenceLimits.xml,Rule-Obj-Activity,TreatyIn.ValueDifference.TotalLimitDeductblNP(<CURRENT>).Value,.Value - TreatyIn.TotalLimitDeductblNP(<CURRENT>).Value
Activity/Property-Set,TreatyInDifferenceLimits.xml,Rule-Obj-Activity,TreatyIn.ValueDifference.TotalLimitIOONP(<CURRENT>).Currency,.Currency
Activity/Property-Set,TreatyInDifferenceLimits.xml,Rule-Obj-Activity,TreatyIn.ValueDifference.TotalLimitIOONP(<CURRENT>).Value,.Value - TreatyIn.TotalLimitIOONP(<CURRENT>).Value
Activity/Property-Set,TreatyInDifferenceLimits.xml,Rule-Obj-Activity,TreatyIn.ValueDifference.TotalLimitMDPNP(<CURRENT>).Currency,.Currency
Activity/Property-Set,TreatyInDifferenceLimits.xml,Rule-Obj-Activity,TreatyIn.ValueDifference.TotalLimitMDPNP(<CURRENT>).Value,.Value - TreatyIn.TotalLimitMDPNP(<CURRENT>).Value
Activity/Property-Set,TreatyInDifferenceLimits.xml,Rule-Obj-Activity,TreatyIn.ValueDifference.TotalLimitPremiEarnNP(<CURRENT>).Currency,.Currency
Activity/Property-Set,TreatyInDifferenceLimits.xml,Rule-Obj-Activity,TreatyIn.ValueDifference.TotalLimitPremiEarnNP(<CURRENT>).Value,.Value - TreatyIn.TotalLimitPremiEarnNP(<CURRENT>).Value
Activity/Property-Set,TreatyInDifferenceLimits.xml,Rule-Obj-Activity,TreatyIn.ValueDifference.TotalLimitsROL,.TotalLimitsROL - TreatyIn.TotalLimitsROL
Activity/Property-Set,TreatyInDifferenceLimits.xml,Rule-Obj-Activity,local.subscript,.pxListSubscript
Activity/Property-Set,TreatyInDifferenceLimitsSetTotal.xml,Rule-Obj-Activity,Local.Currency,.Currency
Activity/Property-Set,TreatyInDifferenceLimitsSetTotal.xml,Rule-Obj-Activity,Local.Currency,.Currency2
Activity/Property-Set,TreatyInDifferenceLimitsSetTotal.xml,Rule-Obj-Activity,Local.Value,""""""
Activity/Property-Set,TreatyInDifferenceLimitsSetTotal.xml,Rule-Obj-Activity,Local.Value2,""""""
Activity/Property-Set,TreatyInDifferenceLimitsSetTotal.xml,Rule-Obj-Activity,Local.mdpvalue,0
Activity/Property-Set,TreatyInDifferenceLimitsSetTotal.xml,Rule-Obj-Activity,Local.mdpvalue,Local.mdpvalue + .MDPList(1).Value
Activity/Property-Set,TreatyInDifferenceLimitsSetTotal.xml,Rule-Obj-Activity,Local.mdpvalue,Local.mdpvalue + .Value
Activity/Property-Set,TreatyInDifferenceLimitsSetTotal.xml,Rule-Obj-Activity,Local.premiumearnvalue,0
Activity/Property-Set,TreatyInDifferenceLimitsSetTotal.xml,Rule-Obj-Activity,Local.premiumearnvalue,Local.premiumearnvalue + .PremiumEarnedList(1).Value
Activity/Property-Set,TreatyInDifferenceLimitsSetTotal.xml,Rule-Obj-Activity,Local.premiumearnvalue,Local.premiumearnvalue + .Value
Activity/Property-Set,TreatyInDifferenceLimitsSetTotal.xml,Rule-Obj-Activity,Local.test,0
Activity/Property-Set,TreatyInDifferenceLimitsSetTotal.xml,Rule-Obj-Activity,Local.test,1
Activity/Property-Set,TreatyInDifferenceLimitsSetTotal.xml,Rule-Obj-Activity,TempCurrGrandTotalLimit.pxResults(<APPEND>).Currency,.Currency
Activity/Property-Set,TreatyInDifferenceLimitsSetTotal.xml,Rule-Obj-Activity,TempCurrGrandTotalLimit.pxResults(<APPEND>).Currency,.Currency2
Activity/Property-Set,TreatyInDifferenceLimitsSetTotal.xml,Rule-Obj-Activity,TempCurrGrandTotalPremium.pxResults(<APPEND>).Currency,.Currency
Activity/Property-Set,TreatyInDifferenceLimitsSetTotal.xml,Rule-Obj-Activity,TreatyIn.ValueDifference.TotalLimitDeductblNP(<APPEND>).Currency,.Currency
Activity/Property-Set,TreatyInDifferenceLimitsSetTotal.xml,Rule-Obj-Activity,TreatyIn.ValueDifference.TotalLimitIOONP(<APPEND>).Currency,.Currency
Activity/Property-Set,TreatyInDifferenceLimitsSetTotal.xml,Rule-Obj-Activity,TreatyIn.ValueDifference.TotalLimitMDPNP(<APPEND>).Currency,.Currency
Activity/Property-Set,TreatyInDifferenceLimitsSetTotal.xml,Rule-Obj-Activity,TreatyIn.ValueDifference.TotalLimitMDPNP(<CURRENT>).Value,Local.mdpvalue
Activity/Property-Set,TreatyInDifferenceLimitsSetTotal.xml,Rule-Obj-Activity,TreatyIn.ValueDifference.TotalLimitPremiEarnNP(<APPEND>).Currency,.Currency
Activity/Property-Set,TreatyInDifferenceLimitsSetTotal.xml,Rule-Obj-Activity,TreatyIn.ValueDifference.TotalLimitPremiEarnNP(<CURRENT>).Value,Local.premiumearnvalue
Activity/Property-Set,TreatyInDifferenceLimitsSetTotal.xml,Rule-Obj-Activity,TreatyIn.ValueDifference.TotalLimitsROL,TreatyIn.ValueDifference.TotalLimitsROL + .ROLPct
Activity/Property-Set,TreatyInDifferenceLimitsSetTotal.xml,Rule-Obj-Activity,param.deductiblecurrency,.LayerList(1).Currency
Activity/Property-Set,TreatyInDifferenceLimitsSetTotal.xml,Rule-Obj-Activity,param.deductiblevalue,.LayerList(1).Deductible + @toDecimal(param.deductiblevalue)
Activity/Property-Set,TreatyInDifferenceLimitsSetTotal.xml,Rule-Obj-Activity,param.limitcurrency,.LayerList(1).Currency
Activity/Property-Set,TreatyInDifferenceLimitsSetTotal.xml,Rule-Obj-Activity,param.limitvalue,.LayerList(1).IOOLimit + @toDecimal(param.limitvalue)
Activity/Property-Set,TreatyInDifferenceLimitsSumary.xml,Rule-Obj-Activity,.AggregateLimit,.AggregateLimit+local.aggregatelimit
Activity/Property-Set,TreatyInDifferenceLimitsSumary.xml,Rule-Obj-Activity,.AggregateLimit2,.AggregateLimit2+local.aggregatelimit2
Activity/Property-Set,TreatyInDifferenceLimitsSumary.xml,Rule-Obj-Activity,.Deductible,.Deductible+local.deductible
Activity/Property-Set,TreatyInDifferenceLimitsSumary.xml,Rule-Obj-Activity,.Deductible2,.Deductible2+local.deductible2
Activity/Property-Set,TreatyInDifferenceLimitsSumary.xml,Rule-Obj-Activity,.Limit,.Limit+local.limit
Activity/Property-Set,TreatyInDifferenceLimitsSumary.xml,Rule-Obj-Activity,.Limit2,.Limit2+local.limit2
Activity/Property-Set,TreatyInDifferenceLimitsSumary.xml,Rule-Obj-Activity,.MDP,"@If(local.currency==""IDR"",.MDP+local.value,.MDP)"
Activity/Property-Set,TreatyInDifferenceLimitsSumary.xml,Rule-Obj-Activity,.MDP2,"@If(local.currency==""USD"",.MDP2+local.value,.MDP2)"
Activity/Property-Set,TreatyInDifferenceLimitsSumary.xml,Rule-Obj-Activity,.Note,".LayerType+ .Layer+"" of ""+ .LayerPartType+ .LayerPart"
Activity/Property-Set,TreatyInDifferenceLimitsSumary.xml,Rule-Obj-Activity,TempLimit.pxResults(<APPEND>).LayerType,local.layertype
Activity/Property-Set,TreatyInDifferenceLimitsSumary.xml,Rule-Obj-Activity,TempLimit.pxResults(<LAST>).AggregateLimit,local.aggregatelimit
Activity/Property-Set,TreatyInDifferenceLimitsSumary.xml,Rule-Obj-Activity,TempLimit.pxResults(<LAST>).AggregateLimit2,local.aggregatelimit2
Activity/Property-Set,TreatyInDifferenceLimitsSumary.xml,Rule-Obj-Activity,TempLimit.pxResults(<LAST>).Currency,local.currency
Activity/Property-Set,TreatyInDifferenceLimitsSumary.xml,Rule-Obj-Activity,TempLimit.pxResults(<LAST>).Currency2,local.currency2
Activity/Property-Set,TreatyInDifferenceLimitsSumary.xml,Rule-Obj-Activity,TempLimit.pxResults(<LAST>).Deductible,local.deductible
Activity/Property-Set,TreatyInDifferenceLimitsSumary.xml,Rule-Obj-Activity,TempLimit.pxResults(<LAST>).Deductible2,local.deductible2
Activity/Property-Set,TreatyInDifferenceLimitsSumary.xml,Rule-Obj-Activity,TempLimit.pxResults(<LAST>).Layer,local.layer
Activity/Property-Set,TreatyInDifferenceLimitsSumary.xml,Rule-Obj-Activity,TempLimit.pxResults(<LAST>).LayerPart,local.layerpart
Activity/Property-Set,TreatyInDifferenceLimitsSumary.xml,Rule-Obj-Activity,TempLimit.pxResults(<LAST>).LayerPartType,local.layerparttype
Activity/Property-Set,TreatyInDifferenceLimitsSumary.xml,Rule-Obj-Activity,TempLimit.pxResults(<LAST>).Limit,local.limit
Activity/Property-Set,TreatyInDifferenceLimitsSumary.xml,Rule-Obj-Activity,TempLimit.pxResults(<LAST>).Limit2,local.limit2
Activity/Property-Set,TreatyInDifferenceLimitsSumary.xml,Rule-Obj-Activity,local.aggregatelimit,"@If(.AgregateLimit=="""",0,.AgregateLimit)"
Activity/Property-Set,TreatyInDifferenceLimitsSumary.xml,Rule-Obj-Activity,local.aggregatelimit2,"@If(.AgregateLimit2=="""",0,.AgregateLimit2)"
Activity/Property-Set,TreatyInDifferenceLimitsSumary.xml,Rule-Obj-Activity,local.currency,.Currency
Activity/Property-Set,TreatyInDifferenceLimitsSumary.xml,Rule-Obj-Activity,local.currency2,.Currency2
Activity/Property-Set,TreatyInDifferenceLimitsSumary.xml,Rule-Obj-Activity,local.deductible,"@If(.Deductible=="""",0,.Deductible)"
Activity/Property-Set,TreatyInDifferenceLimitsSumary.xml,Rule-Obj-Activity,local.deductible2,"@If(.Deductible2=="""",0,@toDecimal(.Deductible2))"
Activity/Property-Set,TreatyInDifferenceLimitsSumary.xml,Rule-Obj-Activity,local.flag,0
Activity/Property-Set,TreatyInDifferenceLimitsSumary.xml,Rule-Obj-Activity,local.flag,1
Activity/Property-Set,TreatyInDifferenceLimitsSumary.xml,Rule-Obj-Activity,local.layer,.Layer
Activity/Property-Set,TreatyInDifferenceLimitsSumary.xml,Rule-Obj-Activity,local.layerpart,.LayerPart
Activity/Property-Set,TreatyInDifferenceLimitsSumary.xml,Rule-Obj-Activity,local.layerparttype,.LayerPartType
Activity/Property-Set,TreatyInDifferenceLimitsSumary.xml,Rule-Obj-Activity,local.layertype,.LayerType
Activity/Property-Set,TreatyInDifferenceLimitsSumary.xml,Rule-Obj-Activity,local.limit,"@If(.Limit=="""",0,.Limit)"
Activity/Property-Set,TreatyInDifferenceLimitsSumary.xml,Rule-Obj-Activity,local.limit2,"@If(.Limit2=="""",0,.Limit2)"
Activity/Property-Set,TreatyInDifferenceLimitsSumary.xml,Rule-Obj-Activity,local.value,.Value
Activity/Property-Set,TreatyInDifferencePremium.xml,Rule-Obj-Activity,.Proportion,"@divide(.AmountIDR,TreatyIn.ValueDifference.TotalEgnpiAmount,20)*100"
Activity/Property-Set,TreatyInDifferencePremium.xml,Rule-Obj-Activity,.Value,local.Value + .Value
Activity/Property-Set,TreatyInDifferencePremium.xml,Rule-Obj-Activity,TreatyIn.ValueDifference.EGNPI(<APPEND>).Currency,.Currency
Activity/Property-Set,TreatyInDifferencePremium.xml,Rule-Obj-Activity,TreatyIn.ValueDifference.EGNPI(<LAST>).AddendumStatus,"""1"""
Activity/Property-Set,TreatyInDifferencePremium.xml,Rule-Obj-Activity,TreatyIn.ValueDifference.EGNPI(<LAST>).Amount,.Amount - TreatyIn.EGNPI(.pxListSubscript).Amount
Activity/Property-Set,TreatyInDifferencePremium.xml,Rule-Obj-Activity,TreatyIn.ValueDifference.EGNPI(<LAST>).AmountIDR,.AmountIDR - TreatyIn.EGNPI(.pxListSubscript).AmountIDR
Activity/Property-Set,TreatyInDifferencePremium.xml,Rule-Obj-Activity,TreatyIn.ValueDifference.EGNPI(<LAST>).Proportion,.Proportion - TreatyIn.EGNPI(.pxListSubscript).Proportion
Activity/Property-Set,TreatyInDifferencePremium.xml,Rule-Obj-Activity,TreatyIn.ValueDifference.EGNPI(<LAST>).TreatyGroup,.TreatyGroup
Activity/Property-Set,TreatyInDifferencePremium.xml,Rule-Obj-Activity,TreatyIn.ValueDifference.TotalEgnpiAmount,.AmountIDR + TreatyIn.ValueDifference.TotalEgnpiAmount
Activity/Property-Set,TreatyInDifferencePremium.xml,Rule-Obj-Activity,TreatyIn.ValueDifference.TotalEgnpiAmountNP(<APPEND>).ID,""""""
Activity/Property-Set,TreatyInDifferencePremium.xml,Rule-Obj-Activity,TreatyIn.ValueDifference.TotalEgnpiAmountNP(<LAST>).AltValue,local.Altvalue
Activity/Property-Set,TreatyInDifferencePremium.xml,Rule-Obj-Activity,TreatyIn.ValueDifference.TotalEgnpiAmountNP(<LAST>).Currency,local.Currency
Activity/Property-Set,TreatyInDifferencePremium.xml,Rule-Obj-Activity,TreatyIn.ValueDifference.TotalEgnpiAmountNP(<LAST>).Value,local.Value
Activity/Property-Set,TreatyInDifferencePremium.xml,Rule-Obj-Activity,TreatyIn.ValueDifference.TotalEgnpiProportion,.Proportion + TreatyIn.ValueDifference.TotalEgnpiProportion
Activity/Property-Set,TreatyInDifferencePremium.xml,Rule-Obj-Activity,local.Appendflag,0
Activity/Property-Set,TreatyInDifferencePremium.xml,Rule-Obj-Activity,local.Appendflag,1
Activity/Property-Set,TreatyInDifferencePremium.xml,Rule-Obj-Activity,local.Currency,.Currency
Activity/Property-Set,TreatyInDifferencePremium.xml,Rule-Obj-Activity,local.Value,.Amount
Activity/Property-Set,TreatyInDifferenceShare.xml,Rule-Obj-Activity,TreatyIn.ActualValue.LimitShareSummaryList(<CURRENT>).AggregateLimit,"@if(.AggregateLimit<TreatyIn.LimitShareSummaryList(<CURRENT>).AggregateLimit,0,.AggregateLimit - TreatyIn.LimitShareSumm"
Activity/Property-Set,TreatyInDifferenceShare.xml,Rule-Obj-Activity,TreatyIn.ActualValue.LimitShareSummaryList(<CURRENT>).AggregateLimit2,"@if(.AggregateLimit2<TreatyIn.LimitShareSummaryList(<CURRENT>).AggregateLimit2,0,.AggregateLimit2 - TreatyIn.LimitShareS"
Activity/Property-Set,TreatyInDifferenceShare.xml,Rule-Obj-Activity,TreatyIn.ActualValue.LimitShareSummaryList(<CURRENT>).Deductible,"@if(.Deductible<TreatyIn.LimitShareSummaryList(<CURRENT>).Deductible,0,.Deductible - TreatyIn.LimitShareSummaryList(<CUR"
Activity/Property-Set,TreatyInDifferenceShare.xml,Rule-Obj-Activity,TreatyIn.ActualValue.LimitShareSummaryList(<CURRENT>).Deductible2,"@if(.Deductible2<TreatyIn.LimitShareSummaryList(<CURRENT>).Deductible2,0,.Deductible2 - TreatyIn.LimitShareSummaryList(<"
Activity/Property-Set,TreatyInDifferenceShare.xml,Rule-Obj-Activity,TreatyIn.ActualValue.LimitShareSummaryList(<CURRENT>).Limit,"@if(.Limit<TreatyIn.LimitShareSummaryList(<CURRENT>).Limit,0,.Limit - TreatyIn.LimitShareSummaryList(<CURRENT>).Limit)"
Activity/Property-Set,TreatyInDifferenceShare.xml,Rule-Obj-Activity,TreatyIn.ActualValue.LimitShareSummaryList(<CURRENT>).Limit2,"@if(.Limit2<TreatyIn.LimitShareSummaryList(<CURRENT>).Limit2,0,.Limit2 - TreatyIn.LimitShareSummaryList(<CURRENT>).Limit"
Activity/Property-Set,TreatyInDifferenceShare.xml,Rule-Obj-Activity,TreatyIn.ActualValue.LimitShareSummaryList(<CURRENT>).MDP,"@if(.MDP<TreatyIn.LimitShareSummaryList(<CURRENT>).MDP,0,.MDP - TreatyIn.LimitShareSummaryList(<CURRENT>).MDP)"
Activity/Property-Set,TreatyInDifferenceShare.xml,Rule-Obj-Activity,TreatyIn.ActualValue.LimitShareSummaryList(<CURRENT>).MDP2,"@if(.MDP2<TreatyIn.LimitShareSummaryList(<CURRENT>).MDP2,0,.MDP2 - TreatyIn.LimitShareSummaryList(<CURRENT>).MDP2)"
Activity/Property-Set,TreatyInDifferenceShare.xml,Rule-Obj-Activity,TreatyIn.ActualValue.LimitShareSummaryList(<CURRENT>).Note,.Note
Activity/Property-Set,TreatyInDifferenceShare.xml,Rule-Obj-Activity,TreatyIn.ValueDifference.BrokeragePercent,.BrokeragePercent - TreatyIn.BrokeragePercent
Activity/Property-Set,TreatyInDifferenceShare.xml,Rule-Obj-Activity,TreatyIn.ValueDifference.RNMShare,.RNMShare - TreatyIn.RNMShare
Activity/Property-Set,TreatyInDifferenceShare.xml,Rule-Obj-Activity,TreatyIn.ValueDifference.Share(<CURRENT>).Cover,.Cover
Activity/Property-Set,TreatyInDifferenceShare.xml,Rule-Obj-Activity,TreatyIn.ValueDifference.Share(<CURRENT>).Layer,.Layer
Activity/Property-Set,TreatyInDifferenceShare.xml,Rule-Obj-Activity,TreatyIn.ValueDifference.Share(<CURRENT>).LayerPart,.LayerPart
Activity/Property-Set,TreatyInDifferenceShare.xml,Rule-Obj-Activity,TreatyIn.ValueDifference.Share(<CURRENT>).LayerPartType,.LayerPartType
Activity/Property-Set,TreatyInDifferenceShare.xml,Rule-Obj-Activity,TreatyIn.ValueDifference.Share(<CURRENT>).LayerType,.LayerType
Activity/Property-Set,TreatyInDifferenceShare.xml,Rule-Obj-Activity,TreatyIn.ValueDifference.Share(<CURRENT>).RnmGrossPremiDisplay(1).Currency,.RnmGrossPremiDisplay(1).Currency
Activity/Property-Set,TreatyInDifferenceShare.xml,Rule-Obj-Activity,TreatyIn.ValueDifference.Share(<CURRENT>).RnmGrossPremiDisplay(1).Value,.RnmGrossPremiDisplay(1).Value - TreatyIn.Share(<CURRENT>).RnmGrossPremiDisplay(1).Value
Activity/Property-Set,TreatyInDifferenceShare.xml,Rule-Obj-Activity,TreatyIn.ValueDifference.Share(<CURRENT>).RnmGrossPremiDisplay(2).Currency,.RnmGrossPremiDisplay(2).Currency
Activity/Property-Set,TreatyInDifferenceShare.xml,Rule-Obj-Activity,TreatyIn.ValueDifference.Share(<CURRENT>).RnmGrossPremiDisplay(2).Value,.RnmGrossPremiDisplay(2).Value - TreatyIn.Share(<CURRENT>).RnmGrossPremiDisplay(2).Value
Activity/Property-Set,TreatyInDifferenceShare.xml,Rule-Obj-Activity,TreatyIn.ValueDifference.Share(<CURRENT>).RnmLimitListDisplay(1).Currency,.RnmLimitListDisplay(1).Currency
Activity/Property-Set,TreatyInDifferenceShare.xml,Rule-Obj-Activity,TreatyIn.ValueDifference.Share(<CURRENT>).RnmLimitListDisplay(1).Value,.RnmLimitListDisplay(1).Value - TreatyIn.Share(<CURRENT>).RnmLimitListDisplay(1).Value
Activity/Property-Set,TreatyInDifferenceShare.xml,Rule-Obj-Activity,TreatyIn.ValueDifference.Share(<CURRENT>).RnmLimitListDisplay(2).Currency,.RnmLimitListDisplay(2).Currency
Activity/Property-Set,TreatyInDifferenceShare.xml,Rule-Obj-Activity,TreatyIn.ValueDifference.Share(<CURRENT>).RnmLimitListDisplay(2).Value,.RnmLimitListDisplay(2).Value - TreatyIn.Share(<CURRENT>).RnmLimitListDisplay(2).Value
Activity/Property-Set,TreatyInDifferenceShare.xml,Rule-Obj-Activity,TreatyIn.ValueDifference.Share(<LAST>).AddendumStatus,"""1"""
Activity/Property-Set,TreatyInDifferenceShare.xml,Rule-Obj-Activity,TreatyIn.ValueDifference.Share(<LAST>).SpreadingTotalPctXOL,TreatyIn.Share(<CURRENT>).SpreadingTotalPctXOL
Activity/Property-Set,TreatyInDifferenceShare.xml,Rule-Obj-Activity,TreatyIn.ValueDifference.Share(<LAST>).SpreadingTypeIDXOL,TreatyIn.Share(<CURRENT>).SpreadingTypeIDXOL
Activity/Property-Set,TreatyInDifferenceShare.xml,Rule-Obj-Activity,TreatyIn.ValueDifference.Share(<LAST>).SpreadingTypeXOL,TreatyIn.Share(<CURRENT>).SpreadingTypeXOL
Activity/Property-Set,TreatyInDifferenceShare.xml,Rule-Obj-Activity,TreatyIn.ValueDifference.Share(<LAST>).TreatyGroupList,.TreatyGroupList
Activity/Property-Set,TreatyInDifferenceShare.xml,Rule-Obj-Activity,TreatyIn.ValueDifference.Share(local.shareidxSprd).SpreadingListXOL(<APPEND>).Pct,.Pct
Activity/Property-Set,TreatyInDifferenceShare.xml,Rule-Obj-Activity,TreatyIn.ValueDifference.Share(local.shareidxSprd).SpreadingListXOL(<LAST>).ReinsTypeID,.ReinsTypeID
Activity/Property-Set,TreatyInDifferenceShare.xml,Rule-Obj-Activity,TreatyIn.ValueDifference.Share(local.shareidxSprd).SpreadingListXOL(<LAST>).ReinsTypeName,.ReinsTypeName
Activity/Property-Set,TreatyInDifferenceShare.xml,Rule-Obj-Activity,TreatyIn.ValueDifference.Share(local.subscript).DeductionList(<CURRENT>).Comment,.Comment
Activity/Property-Set,TreatyInDifferenceShare.xml,Rule-Obj-Activity,TreatyIn.ValueDifference.Share(local.subscript).DeductionList(<CURRENT>).Currency,.Currency
Activity/Property-Set,TreatyInDifferenceShare.xml,Rule-Obj-Activity,TreatyIn.ValueDifference.Share(local.subscript).DeductionList(<CURRENT>).Deduction,"@if(.Deduction<TreatyIn.Share(local.subscript).DeductionList(<CURRENT>).Deduction,0,.Deduction - TreatyIn.Share(local.su"
Activity/Property-Set,TreatyInDifferenceShare.xml,Rule-Obj-Activity,TreatyIn.ValueDifference.Share(local.subscript).DeductionList(<CURRENT>).DeductionPct,"@if(.DeductionPct<TreatyIn.Share(local.subscript).DeductionList(<CURRENT>).DeductionPct,0,.DeductionPct - TreatyIn.Share"
Activity/Property-Set,TreatyInDifferenceShare.xml,Rule-Obj-Activity,TreatyIn.ValueDifference.Share(local.subscript).GrossPremiumList(<CURRENT>).Currency,.Currency
Activity/Property-Set,TreatyInDifferenceShare.xml,Rule-Obj-Activity,TreatyIn.ValueDifference.Share(local.subscript).GrossPremiumList(<CURRENT>).Value,"@if(.Value<TreatyIn.Share(local.subscript).GrossPremiumList(<CURRENT>).Value,0,.Value - TreatyIn.Share(local.subscript)."
Activity/Property-Set,TreatyInDifferenceShare.xml,Rule-Obj-Activity,TreatyIn.ValueDifference.Share(local.subscript).NetPremiumList(<CURRENT>).Currency,.Currency
Activity/Property-Set,TreatyInDifferenceShare.xml,Rule-Obj-Activity,TreatyIn.ValueDifference.Share(local.subscript).NetPremiumList(<CURRENT>).Value,"@if(.Value<TreatyIn.Share(local.subscript).NetPremiumList(<CURRENT>).Value,0,.Value - TreatyIn.Share(local.subscript).Ne"
Activity/Property-Set,TreatyInDifferenceShare.xml,Rule-Obj-Activity,TreatyIn.ValueDifference.Share(local.subscript).RNMSpreadedListDeductRIXOL(<CURRENT>).Currency,.Currency
Activity/Property-Set,TreatyInDifferenceShare.xml,Rule-Obj-Activity,TreatyIn.ValueDifference.Share(local.subscript).RNMSpreadedListDeductRIXOL(<CURRENT>).Value,"@if(.Value<TreatyIn.Share(local.subscript).RNMSpreadedListDeductRIXOL(<CURRENT>).Value,0,.Value - TreatyIn.Share(local.s"
Activity/Property-Set,TreatyInDifferenceShare.xml,Rule-Obj-Activity,TreatyIn.ValueDifference.Share(local.subscript).RNMSpreadedListDeductXOL(<CURRENT>).Currency,.Currency
Activity/Property-Set,TreatyInDifferenceShare.xml,Rule-Obj-Activity,TreatyIn.ValueDifference.Share(local.subscript).RNMSpreadedListDeductXOL(<CURRENT>).Value,"@if(.Value<TreatyIn.Share(local.subscript).RNMSpreadedListDeductXOL(<CURRENT>).Value,0,.Value - TreatyIn.Share(local.sub"
Activity/Property-Set,TreatyInDifferenceShare.xml,Rule-Obj-Activity,TreatyIn.ValueDifference.Share(local.subscript).RNMSpreadedListGrossRIXOL(<CURRENT>).Currency,.Currency
Activity/Property-Set,TreatyInDifferenceShare.xml,Rule-Obj-Activity,TreatyIn.ValueDifference.Share(local.subscript).RNMSpreadedListGrossRIXOL(<CURRENT>).Value,"@if(.Value<TreatyIn.Share(local.subscript).RNMSpreadedListGrossRIXOL(<CURRENT>).Value,0,.Value - TreatyIn.Share(local.su"
Activity/Property-Set,TreatyInDifferenceShare.xml,Rule-Obj-Activity,TreatyIn.ValueDifference.Share(local.subscript).RNMSpreadedListGrossXOL(<CURRENT>).Currency,.Currency
Activity/Property-Set,TreatyInDifferenceShare.xml,Rule-Obj-Activity,TreatyIn.ValueDifference.Share(local.subscript).RNMSpreadedListGrossXOL(<CURRENT>).Value,"@if(.Value<TreatyIn.Share(local.subscript).RNMSpreadedListGrossXOL(<CURRENT>).Value,0,.Value - TreatyIn.Share(local.subs"
Activity/Property-Set,TreatyInDifferenceShare.xml,Rule-Obj-Activity,TreatyIn.ValueDifference.Share(local.subscript).RNMSpreadedListNetRIXOL(<CURRENT>).Currency,.Currency
Activity/Property-Set,TreatyInDifferenceShare.xml,Rule-Obj-Activity,TreatyIn.ValueDifference.Share(local.subscript).RNMSpreadedListNetRIXOL(<CURRENT>).Value,"@if(.Value<TreatyIn.Share(local.subscript).RNMSpreadedListNetRIXOL(<CURRENT>).Value,0,.Value - TreatyIn.Share(local.subs"
Activity/Property-Set,TreatyInDifferenceShare.xml,Rule-Obj-Activity,TreatyIn.ValueDifference.Share(local.subscript).RNMSpreadedListNetXOL(<CURRENT>).Currency,.Currency
Activity/Property-Set,TreatyInDifferenceShare.xml,Rule-Obj-Activity,TreatyIn.ValueDifference.Share(local.subscript).RNMSpreadedListNetXOL(<CURRENT>).Value,"@if(.Value<TreatyIn.Share(local.subscript).RNMSpreadedListNetXOL(<CURRENT>).Value,0,.Value - TreatyIn.Share(local.subscr"
Activity/Property-Set,TreatyInDifferenceShare.xml,Rule-Obj-Activity,TreatyIn.ValueDifference.Share(local.subscript).RNMSpreadedListRIXOL(<CURRENT>).Currency,.Currency
Activity/Property-Set,TreatyInDifferenceShare.xml,Rule-Obj-Activity,TreatyIn.ValueDifference.Share(local.subscript).RNMSpreadedListRIXOL(<CURRENT>).Value,"@if(.Value<TreatyIn.Share(local.subscript).RNMSpreadedListRIXOL(<CURRENT>).Value,0,.Value - TreatyIn.Share(local.subscri"
Activity/Property-Set,TreatyInDifferenceShare.xml,Rule-Obj-Activity,TreatyIn.ValueDifference.Share(local.subscript).RNMSpreadedListXOL(<CURRENT>).Currency,.Currency
Activity/Property-Set,TreatyInDifferenceShare.xml,Rule-Obj-Activity,TreatyIn.ValueDifference.Share(local.subscript).RNMSpreadedListXOL(<CURRENT>).Value,"@if(.Value<TreatyIn.Share(local.subscript).RNMSpreadedListXOL(<CURRENT>).Value,0,.Value - TreatyIn.Share(local.subscript"
Activity/Property-Set,TreatyInDifferenceShare.xml,Rule-Obj-Activity,TreatyIn.ValueDifference.Share(local.subscript).RnmLimitList(<CURRENT>).Currency,.Currency
Activity/Property-Set,TreatyInDifferenceShare.xml,Rule-Obj-Activity,TreatyIn.ValueDifference.Share(local.subscript).RnmLimitList(<CURRENT>).Value,.Value - TreatyIn.Share(local.subscript).RnmLimitList(<CURRENT>).Value
Activity/Property-Set,TreatyInDifferenceShare.xml,Rule-Obj-Activity,local.shareidxSprd,.pxListSubscript
Activity/Property-Set,TreatyInDifferenceShare.xml,Rule-Obj-Activity,local.subscript,.pxListSubscript
Activity/Property-Set,TreatyInDifferenceShareSumary.xml,Rule-Obj-Activity,.Deductible,"@If(local.currency==""IDR"",.Deductible+local.deduction,.Deductible)"
Activity/Property-Set,TreatyInDifferenceShareSumary.xml,Rule-Obj-Activity,.Deductible2,"@If(local.currency==""USD"",.Deductible2+local.deduction,.Deductible2)"
Activity/Property-Set,TreatyInDifferenceShareSumary.xml,Rule-Obj-Activity,.Limit,"@If(local.currency==""IDR"",.Limit+local.value,.Limit)"
Activity/Property-Set,TreatyInDifferenceShareSumary.xml,Rule-Obj-Activity,.Limit2,"@If(local.currency==""USD"",.Limit2+local.value,.Limit2)"
Activity/Property-Set,TreatyInDifferenceShareSumary.xml,Rule-Obj-Activity,.MDP,"@If(local.currency==""IDR"",.MDP+local.value,.MDP)"
Activity/Property-Set,TreatyInDifferenceShareSumary.xml,Rule-Obj-Activity,.MDP2,"@If(local.currency==""USD"",.MDP2+local.value,.MDP2)"
Activity/Property-Set,TreatyInDifferenceShareSumary.xml,Rule-Obj-Activity,.NetPremi,"@If(local.currency==""IDR"",.NetPremi+local.value,.NetPremi)"
Activity/Property-Set,TreatyInDifferenceShareSumary.xml,Rule-Obj-Activity,.NetPremi2,"@If(local.currency==""USD"",.NetPremi2+local.value,.NetPremi2)"
Activity/Property-Set,TreatyInDifferenceShareSumary.xml,Rule-Obj-Activity,.Note,".LayerType+ .Layer+"" of ""+ .LayerPartType+ .LayerPart"
Activity/Property-Set,TreatyInDifferenceShareSumary.xml,Rule-Obj-Activity,TempLimit.pxResults(<APPEND>).LayerType,local.layertype
Activity/Property-Set,TreatyInDifferenceShareSumary.xml,Rule-Obj-Activity,TempLimit.pxResults(<LAST>).Layer,local.layer
Activity/Property-Set,TreatyInDifferenceShareSumary.xml,Rule-Obj-Activity,TempLimit.pxResults(<LAST>).LayerPart,local.layerpart
Activity/Property-Set,TreatyInDifferenceShareSumary.xml,Rule-Obj-Activity,TempLimit.pxResults(<LAST>).LayerPartType,local.layerparttype
Activity/Property-Set,TreatyInDifferenceShareSumary.xml,Rule-Obj-Activity,TempLimit.pxResults(<LAST>).Limit,"@If(local.currency==""IDR"",local.value,0)"
Activity/Property-Set,TreatyInDifferenceShareSumary.xml,Rule-Obj-Activity,TempLimit.pxResults(<LAST>).Limit2,"@If(local.currency==""USD"",local.value,0)"
Activity/Property-Set,TreatyInDifferenceShareSumary.xml,Rule-Obj-Activity,local.count,0
Activity/Property-Set,TreatyInDifferenceShareSumary.xml,Rule-Obj-Activity,local.currency,.Currency
Activity/Property-Set,TreatyInDifferenceShareSumary.xml,Rule-Obj-Activity,local.deduction,.Deduction
Activity/Property-Set,TreatyInDifferenceShareSumary.xml,Rule-Obj-Activity,local.flag,0
Activity/Property-Set,TreatyInDifferenceShareSumary.xml,Rule-Obj-Activity,local.flag,1
Activity/Property-Set,TreatyInDifferenceShareSumary.xml,Rule-Obj-Activity,local.layer,.Layer
Activity/Property-Set,TreatyInDifferenceShareSumary.xml,Rule-Obj-Activity,local.layerpart,.LayerPart
Activity/Property-Set,TreatyInDifferenceShareSumary.xml,Rule-Obj-Activity,local.layerparttype,.LayerPartType
Activity/Property-Set,TreatyInDifferenceShareSumary.xml,Rule-Obj-Activity,local.layertype,.LayerType
Activity/Property-Set,TreatyInDifferenceShareSumary.xml,Rule-Obj-Activity,local.value,.Value
Activity/Property-Set,TreatyInDifferenceShareTotal.xml,Rule-Obj-Activity,.Value,.Value + Local.Value
Activity/Property-Set,TreatyInDifferenceShareTotal.xml,Rule-Obj-Activity,.Value,.Value + local.Value
Activity/Property-Set,TreatyInDifferenceShareTotal.xml,Rule-Obj-Activity,.Value,.Value+ Local.Value
Activity/Property-Set,TreatyInDifferenceShareTotal.xml,Rule-Obj-Activity,.Value,Local.Value + .Value
Activity/Property-Set,TreatyInDifferenceShareTotal.xml,Rule-Obj-Activity,Local.Currency,.Currency
Activity/Property-Set,TreatyInDifferenceShareTotal.xml,Rule-Obj-Activity,Local.Value,.Value
Activity/Property-Set,TreatyInDifferenceShareTotal.xml,Rule-Obj-Activity,Local.test,0
Activity/Property-Set,TreatyInDifferenceShareTotal.xml,Rule-Obj-Activity,Local.test,1
Activity/Property-Set,TreatyInDifferenceShareTotal.xml,Rule-Obj-Activity,TempCurrGrandTotalLimit.pxResults(<APPEND>).Currency,.Currency
Activity/Property-Set,TreatyInDifferenceShareTotal.xml,Rule-Obj-Activity,TreatyIn.ValueDifference.TotalShareDeductionNP(<APPEND>).Currency,.Currency
Activity/Property-Set,TreatyInDifferenceShareTotal.xml,Rule-Obj-Activity,TreatyIn.ValueDifference.TotalShareDeductionNP(<LAST>).Value,.Value
Activity/Property-Set,TreatyInDifferenceShareTotal.xml,Rule-Obj-Activity,TreatyIn.ValueDifference.TotalShareGrossNP(<APPEND>).Currency,.Currency
Activity/Property-Set,TreatyInDifferenceShareTotal.xml,Rule-Obj-Activity,TreatyIn.ValueDifference.TotalShareGrossNP(<LAST>).Value,.Value
Activity/Property-Set,TreatyInDifferenceShareTotal.xml,Rule-Obj-Activity,TreatyIn.ValueDifference.TotalShareNetNP(<APPEND>).Currency,.Currency
Activity/Property-Set,TreatyInDifferenceShareTotal.xml,Rule-Obj-Activity,TreatyIn.ValueDifference.TotalShareNetNP(<LAST>).Value,.Value
Activity/Property-Set,TreatyInDifferenceShareTotal.xml,Rule-Obj-Activity,TreatyIn.ValueDifference.TotalShareRnmNP(<APPEND>).Currency,.Currency
Activity/Property-Set,TreatyInDifferenceShareTotal.xml,Rule-Obj-Activity,TreatyIn.ValueDifference.TotalShareRnmNP(<LAST>).Value,.Value
Activity/Property-Set,TreatyInDifferenceShareTotal.xml,Rule-Obj-Activity,TreatyIn.ValueDifference.TotalSpreadedNetPremi(<APPEND>).Currency,.Currency
Activity/Property-Set,TreatyInDifferenceShareTotal.xml,Rule-Obj-Activity,TreatyIn.ValueDifference.TotalSpreadedNetPremi(<LAST>).Value,.Value
Activity/Property-Set,TreatyInDifferenceShareTotal.xml,Rule-Obj-Activity,TreatyIn.ValueDifference.TotalSpreadedNetPremiRI(<APPEND>).Currency,.Currency
Activity/Property-Set,TreatyInDifferenceShareTotal.xml,Rule-Obj-Activity,TreatyIn.ValueDifference.TotalSpreadedNetPremiRI(<LAST>).Value,.Value
Activity/Property-Set,TreatyInDifferenceShareTotal.xml,Rule-Obj-Activity,TreatyIn.ValueDifference.TotalSpreadedRnmProp(<APPEND>).Currency,.Currency
Activity/Property-Set,TreatyInDifferenceShareTotal.xml,Rule-Obj-Activity,TreatyIn.ValueDifference.TotalSpreadedRnmProp(<LAST>).Value,.Value
Activity/Property-Set,TreatyInDifferenceShareTotal.xml,Rule-Obj-Activity,TreatyIn.ValueDifference.TotalSpreadedRnmRIProp(<APPEND>).Currency,.Currency
Activity/Property-Set,TreatyInDifferenceShareTotal.xml,Rule-Obj-Activity,TreatyIn.ValueDifference.TotalSpreadedRnmRIProp(<LAST>).Value,.Value
Activity/Property-Set,TreatyInDifferenceShareTotal.xml,Rule-Obj-Activity,param.deductiblecurrency,.LayerList(1).Currency
Activity/Property-Set,TreatyInDifferenceShareTotal.xml,Rule-Obj-Activity,param.deductiblevalue,.LayerList(1).Deductible + @toDecimal(param.deductiblevalue)
Activity/Property-Set,TreatyInDifferenceShareTotal.xml,Rule-Obj-Activity,param.limitcurrency,.LayerList(1).Currency
Activity/Property-Set,TreatyInDifferenceShareTotal.xml,Rule-Obj-Activity,param.limitvalue,.LayerList(1).IOOLimit + @toDecimal(param.limitvalue)
Activity/Property-Set,TreatyInDifferenceSummaryFacShare.xml,Rule-Obj-Activity,.Deductible,"@If(local.currency==""IDR"",.Deductible+local.deduction,.Deductible)"
Activity/Property-Set,TreatyInDifferenceSummaryFacShare.xml,Rule-Obj-Activity,.Deductible2,"@If(local.currency==""USD"",.Deductible2+local.deduction,.Deductible2)"
Activity/Property-Set,TreatyInDifferenceSummaryFacShare.xml,Rule-Obj-Activity,.Limit,"@If(local.currency==""IDR"",.Limit+local.value,.Limit)"
Activity/Property-Set,TreatyInDifferenceSummaryFacShare.xml,Rule-Obj-Activity,.Limit2,"@If(local.currency==""USD"",.Limit2+local.value,.Limit2)"
Activity/Property-Set,TreatyInDifferenceSummaryFacShare.xml,Rule-Obj-Activity,.MDP,"@If(local.currency==""IDR"",.MDP+local.value,.MDP)"
Activity/Property-Set,TreatyInDifferenceSummaryFacShare.xml,Rule-Obj-Activity,.MDP2,"@If(local.currency==""USD"",.MDP2+local.value,.MDP2)"
Activity/Property-Set,TreatyInDifferenceSummaryFacShare.xml,Rule-Obj-Activity,.NetPremi,"@If(local.currency==""IDR"",.NetPremi+local.value,.NetPremi)"
Activity/Property-Set,TreatyInDifferenceSummaryFacShare.xml,Rule-Obj-Activity,.NetPremi2,"@If(local.currency==""USD"",.NetPremi2+local.value,.NetPremi2)"
Activity/Property-Set,TreatyInDifferenceSummaryFacShare.xml,Rule-Obj-Activity,.Note,".LayerType+ .Layer+"" of ""+ .LayerPartType+ .LayerPart"
Activity/Property-Set,TreatyInDifferenceSummaryFacShare.xml,Rule-Obj-Activity,TE.CARI1,1
Activity/Property-Set,TreatyInDifferenceSummaryFacShare.xml,Rule-Obj-Activity,TempLimit.pxResults(<APPEND>).LayerType,local.layertype
Activity/Property-Set,TreatyInDifferenceSummaryFacShare.xml,Rule-Obj-Activity,TempLimit.pxResults(<LAST>).Layer,local.layer
Activity/Property-Set,TreatyInDifferenceSummaryFacShare.xml,Rule-Obj-Activity,TempLimit.pxResults(<LAST>).LayerPart,local.layerpart
Activity/Property-Set,TreatyInDifferenceSummaryFacShare.xml,Rule-Obj-Activity,TempLimit.pxResults(<LAST>).LayerPartType,local.layerparttype
Activity/Property-Set,TreatyInDifferenceSummaryFacShare.xml,Rule-Obj-Activity,TempLimit.pxResults(<LAST>).Limit,"@If(local.currency==""IDR"",local.value,0)"
Activity/Property-Set,TreatyInDifferenceSummaryFacShare.xml,Rule-Obj-Activity,TempLimit.pxResults(<LAST>).Limit2,"@If(local.currency==""USD"",local.value,0)"
Activity/Property-Set,TreatyInDifferenceSummaryFacShare.xml,Rule-Obj-Activity,local.count,0
Activity/Property-Set,TreatyInDifferenceSummaryFacShare.xml,Rule-Obj-Activity,local.currency,.Currency
Activity/Property-Set,TreatyInDifferenceSummaryFacShare.xml,Rule-Obj-Activity,local.deduction,.Deduction
Activity/Property-Set,TreatyInDifferenceSummaryFacShare.xml,Rule-Obj-Activity,local.flag,0
Activity/Property-Set,TreatyInDifferenceSummaryFacShare.xml,Rule-Obj-Activity,local.flag,1
Activity/Property-Set,TreatyInDifferenceSummaryFacShare.xml,Rule-Obj-Activity,local.layer,.Layer
Activity/Property-Set,TreatyInDifferenceSummaryFacShare.xml,Rule-Obj-Activity,local.layerpart,.LayerPart
Activity/Property-Set,TreatyInDifferenceSummaryFacShare.xml,Rule-Obj-Activity,local.layerparttype,.LayerPartType
Activity/Property-Set,TreatyInDifferenceSummaryFacShare.xml,Rule-Obj-Activity,local.layertype,.LayerType
Activity/Property-Set,TreatyInDifferenceSummaryFacShare.xml,Rule-Obj-Activity,local.value,.Value
Activity/Property-Set,TreatyInEDMSetValue.xml,Rule-Obj-Activity,OutputParam.DATASHOW,"""0"""
Activity/Property-Set,TreatyInEDMSetValue.xml,Rule-Obj-Activity,TreatyIn.CommentList,""""""
Activity/Property-Set,TreatyInEDMSetValue.xml,Rule-Obj-Activity,TreatyIn.EDMMaterialType,Param.MaterialType
Activity/Property-Set,TreatyInEDMSetValue.xml,Rule-Obj-Activity,TreatyIn.EDMState,Param.InternalType
Activity/Property-Set,TreatyInEDMSetValue.xml,Rule-Obj-Activity,TreatyIn.OLDID,TreatyIn.ID
Activity/Property-Set,TreatyInEDMSetValue.xml,Rule-Obj-Activity,TreatyIn.RevisionDate,@CurrentDateTime()
Activity/Property-Set,TreatyInFixSpl.xml,Rule-Obj-Activity,.CessionList(<APPEND>).Currency,TempPage.pxResults(<CURRENT>).Currency
Activity/Property-Set,TreatyInFixSpl.xml,Rule-Obj-Activity,.CessionList(<LAST>).CurrencyID,TempPage.pxResults(<CURRENT>).CurrencyID
Activity/Property-Set,TreatyInFixSpl.xml,Rule-Obj-Activity,.CessionList(<LAST>).ID,TempPage.pxResults(<CURRENT>).ID
Activity/Property-Set,TreatyInFixSpl.xml,Rule-Obj-Activity,.CessionList(<LAST>).Value,TempPage.pxResults(<CURRENT>).Value
Activity/Property-Set,TreatyInFixSpl.xml,Rule-Obj-Activity,.IOOLimitList(<APPEND>).Currency,TempPage.pxResults(<CURRENT>).Currency
Activity/Property-Set,TreatyInFixSpl.xml,Rule-Obj-Activity,.IOOLimitList(<LAST>).CurrencyID,TempPage.pxResults(<CURRENT>).CurrencyID
Activity/Property-Set,TreatyInFixSpl.xml,Rule-Obj-Activity,.IOOLimitList(<LAST>).ID,TempPage.pxResults(<CURRENT>).ID
Activity/Property-Set,TreatyInFixSpl.xml,Rule-Obj-Activity,.IOOLimitList(<LAST>).Value,TempPage.pxResults(<CURRENT>).Value
Activity/Property-Set,TreatyInFixSpl.xml,Rule-Obj-Activity,.RetentionList(<APPEND>).Currency,TempPage.pxResults(<CURRENT>).Currency
Activity/Property-Set,TreatyInFixSpl.xml,Rule-Obj-Activity,.RetentionList(<LAST>).CurrencyID,TempPage.pxResults(<CURRENT>).CurrencyID
Activity/Property-Set,TreatyInFixSpl.xml,Rule-Obj-Activity,.RetentionList(<LAST>).ID,TempPage.pxResults(<CURRENT>).ID
Activity/Property-Set,TreatyInFixSpl.xml,Rule-Obj-Activity,.RetentionList(<LAST>).Value,TempPage.pxResults(<CURRENT>).Value
Activity/Property-Set,TreatyInFixSpl.xml,Rule-Obj-Activity,TempPage.pxResults(<APPEND>).Currency,.Currency
Activity/Property-Set,TreatyInFixSpl.xml,Rule-Obj-Activity,TempPage.pxResults(<LAST>).CurrencyID,.CurrencyID
Activity/Property-Set,TreatyInFixSpl.xml,Rule-Obj-Activity,TempPage.pxResults(<LAST>).ID,.ID
Activity/Property-Set,TreatyInFixSpl.xml,Rule-Obj-Activity,TempPage.pxResults(<LAST>).Value,.Value
Activity/Property-Set,TreatyInFixSpl.xml,Rule-Obj-Activity,TreatyIn.Limits(local.limitsb).Detail(local.detailsb).IOOLimitList(<APPEND>).Currency,.Currency
Activity/Property-Set,TreatyInFixSpl.xml,Rule-Obj-Activity,TreatyIn.Limits(local.limitsb).Detail(local.detailsb).IOOLimitList(<LAST>).CurrencyID,.CurrencyID
Activity/Property-Set,TreatyInFixSpl.xml,Rule-Obj-Activity,TreatyIn.Limits(local.limitsb).Detail(local.detailsb).IOOLimitList(<LAST>).ID,.ID
Activity/Property-Set,TreatyInFixSpl.xml,Rule-Obj-Activity,TreatyIn.Limits(local.limitsb).Detail(local.detailsb).IOOLimitList(<LAST>).Value,.Value
Activity/Property-Set,TreatyInFixSpl.xml,Rule-Obj-Activity,local.detailsb,.pxListSubscript
Activity/Property-Set,TreatyInFixSpl.xml,Rule-Obj-Activity,local.limitsb,.pxListSubscript
Activity/Property-Set,TreatyInFixSpl.xml,Rule-Obj-Activity,local.subscript,""""""
Activity/Property-Set,TreatyInFixSpl.xml,Rule-Obj-Activity,local.subscript,.pxListSubscript
Activity/Property-Set,TreatyInInputVis.xml,Rule-Obj-Activity,OutputParam.DATASHOW,0
Activity/Property-Set,TreatyInInputVis.xml,Rule-Obj-Activity,OutputParam.DATASHOW,1
Activity/Property-Set,TreatyInInputVis.xml,Rule-Obj-Activity,OutputParam.ERRMSG,""""""
Activity/Property-Set,TreatyInInputVis.xml,Rule-Obj-Activity,TreatyIn.ID,""""""
Activity/Property-Set,TreatyInInputVis.xml,Rule-Obj-Activity,TreatyIn.ID,"""UnknownId"""
Activity/Property-Set,TreatyInInputVis.xml,Rule-Obj-Activity,TreatyIn.ProportionType,""""""
Activity/Property-Set,TreatyInLimitsActualSetTotal.xml,Rule-Obj-Activity,Local.Currency,.Currency
Activity/Property-Set,TreatyInLimitsActualSetTotal.xml,Rule-Obj-Activity,Local.Currency,.Currency2
Activity/Property-Set,TreatyInLimitsActualSetTotal.xml,Rule-Obj-Activity,Local.Value,""""""
Activity/Property-Set,TreatyInLimitsActualSetTotal.xml,Rule-Obj-Activity,Local.Value2,""""""
Activity/Property-Set,TreatyInLimitsActualSetTotal.xml,Rule-Obj-Activity,Local.deductiblevalue,0
Activity/Property-Set,TreatyInLimitsActualSetTotal.xml,Rule-Obj-Activity,Local.deductiblevalue,Local.deductiblevalue + .Deductible
Activity/Property-Set,TreatyInLimitsActualSetTotal.xml,Rule-Obj-Activity,Local.limitvalue,0
Activity/Property-Set,TreatyInLimitsActualSetTotal.xml,Rule-Obj-Activity,Local.limitvalue,Local.limitvalue + .Limit
Activity/Property-Set,TreatyInLimitsActualSetTotal.xml,Rule-Obj-Activity,Local.mdpvalue,0
Activity/Property-Set,TreatyInLimitsActualSetTotal.xml,Rule-Obj-Activity,Local.mdpvalue,Local.mdpvalue + .MDPList(1).Value
Activity/Property-Set,TreatyInLimitsActualSetTotal.xml,Rule-Obj-Activity,Local.mdpvalue,Local.mdpvalue + .Value
Activity/Property-Set,TreatyInLimitsActualSetTotal.xml,Rule-Obj-Activity,Local.premiumearnvalue,0
Activity/Property-Set,TreatyInLimitsActualSetTotal.xml,Rule-Obj-Activity,Local.premiumearnvalue,Local.premiumearnvalue + .PremiumEarnedList(1).Value
Activity/Property-Set,TreatyInLimitsActualSetTotal.xml,Rule-Obj-Activity,Local.premiumearnvalue,Local.premiumearnvalue + .Value
Activity/Property-Set,TreatyInLimitsActualSetTotal.xml,Rule-Obj-Activity,Local.test,0
Activity/Property-Set,TreatyInLimitsActualSetTotal.xml,Rule-Obj-Activity,Local.test,1
Activity/Property-Set,TreatyInLimitsActualSetTotal.xml,Rule-Obj-Activity,TempCurrGrandTotalLimit.pxResults(<APPEND>).Currency,.Currency
Activity/Property-Set,TreatyInLimitsActualSetTotal.xml,Rule-Obj-Activity,TempCurrGrandTotalLimit.pxResults(<APPEND>).Currency,.Currency2
Activity/Property-Set,TreatyInLimitsActualSetTotal.xml,Rule-Obj-Activity,TempCurrGrandTotalPremium.pxResults(<APPEND>).Currency,.Currency
Activity/Property-Set,TreatyInLimitsActualSetTotal.xml,Rule-Obj-Activity,TreatyIn.ActualValue.TotalLimitDeductblNP(<APPEND>).Currency,.Currency
Activity/Property-Set,TreatyInLimitsActualSetTotal.xml,Rule-Obj-Activity,TreatyIn.ActualValue.TotalLimitDeductblNP(<APPEND>).Currency,TreatyIn.ActualValue.Limits(1).Currency
Activity/Property-Set,TreatyInLimitsActualSetTotal.xml,Rule-Obj-Activity,TreatyIn.ActualValue.TotalLimitDeductblNP(<APPEND>).Currency,TreatyIn.ActualValue.Limits(1).Currency2
Activity/Property-Set,TreatyInLimitsActualSetTotal.xml,Rule-Obj-Activity,TreatyIn.ActualValue.TotalLimitDeductblNP(<LAST>).Value,local.Value
Activity/Property-Set,TreatyInLimitsActualSetTotal.xml,Rule-Obj-Activity,TreatyIn.ActualValue.TotalLimitDeductblNP(<LAST>).Value,local.Value2
Activity/Property-Set,TreatyInLimitsActualSetTotal.xml,Rule-Obj-Activity,TreatyIn.ActualValue.TotalLimitIOONP(<APPEND>).Currency,.Currency
Activity/Property-Set,TreatyInLimitsActualSetTotal.xml,Rule-Obj-Activity,TreatyIn.ActualValue.TotalLimitIOONP(<APPEND>).Currency,TreatyIn.ActualValue.Limits(1).Currency
Activity/Property-Set,TreatyInLimitsActualSetTotal.xml,Rule-Obj-Activity,TreatyIn.ActualValue.TotalLimitIOONP(<APPEND>).Currency,TreatyIn.ActualValue.Limits(1).Currency2
Activity/Property-Set,TreatyInLimitsActualSetTotal.xml,Rule-Obj-Activity,TreatyIn.ActualValue.TotalLimitIOONP(<LAST>).Value,local.Value
Activity/Property-Set,TreatyInLimitsActualSetTotal.xml,Rule-Obj-Activity,TreatyIn.ActualValue.TotalLimitIOONP(<LAST>).Value,local.Value2
Activity/Property-Set,TreatyInLimitsActualSetTotal.xml,Rule-Obj-Activity,TreatyIn.ActualValue.TotalLimitMDPNP(<APPEND>).Currency,.Currency
Activity/Property-Set,TreatyInLimitsActualSetTotal.xml,Rule-Obj-Activity,TreatyIn.ActualValue.TotalLimitMDPNP(<CURRENT>).Value,Local.mdpvalue
Activity/Property-Set,TreatyInLimitsActualSetTotal.xml,Rule-Obj-Activity,TreatyIn.ActualValue.TotalLimitPremiEarnNP(<APPEND>).Currency,.Currency
Activity/Property-Set,TreatyInLimitsActualSetTotal.xml,Rule-Obj-Activity,TreatyIn.ActualValue.TotalLimitPremiEarnNP(<CURRENT>).Value,Local.premiumearnvalue
Activity/Property-Set,TreatyInLimitsActualSetTotal.xml,Rule-Obj-Activity,TreatyIn.ActualValue.TotalLimitsROL,TreatyIn.ActualValue.TotalLimitsROL + .ROLPct
Activity/Property-Set,TreatyInLimitsActualSetTotal.xml,Rule-Obj-Activity,TreatyIn.TotalLimitDeductblNP(<CURRENT>).Value,Local.deductiblevalue
Activity/Property-Set,TreatyInLimitsActualSetTotal.xml,Rule-Obj-Activity,TreatyIn.TotalLimitIOONP(<CURRENT>).Value,Local.limitvalue
Activity/Property-Set,TreatyInLimitsActualSetTotal.xml,Rule-Obj-Activity,local.Value,local.Value + .Deductible
Activity/Property-Set,TreatyInLimitsActualSetTotal.xml,Rule-Obj-Activity,local.Value,local.Value + .Limit
Activity/Property-Set,TreatyInLimitsActualSetTotal.xml,Rule-Obj-Activity,local.Value2,local.Value2 + .Limit2
Activity/Property-Set,TreatyInLimitsActualSetTotal.xml,Rule-Obj-Activity,local.Value2,local.Value2 + @toDecimal(.Deductible2)
Activity/Property-Set,TreatyInLimitsActualSetTotal.xml,Rule-Obj-Activity,param.deductiblecurrency,.LayerList(1).Currency
Activity/Property-Set,TreatyInLimitsActualSetTotal.xml,Rule-Obj-Activity,param.deductiblevalue,.LayerList(1).Deductible + @toDecimal(param.deductiblevalue)
Activity/Property-Set,TreatyInLimitsActualSetTotal.xml,Rule-Obj-Activity,param.limitcurrency,.LayerList(1).Currency
Activity/Property-Set,TreatyInLimitsActualSetTotal.xml,Rule-Obj-Activity,param.limitvalue,.LayerList(1).IOOLimit + @toDecimal(param.limitvalue)
Activity/Property-Set,TreatyInMappingDataconvert.xml,Rule-Obj-Activity,SearchClient.CARI1,TreatyIn.Ceding
Activity/Property-Set,TreatyInMappingDataconvert.xml,Rule-Obj-Activity,TreatyIn.Ceding,.InsuredName
Activity/Property-Set,TreatyInMappingDataconvert.xml,Rule-Obj-Activity,TreatyIn.CedingID,.InsuredID
Activity/Property-Set,TreatyInMappingDataconvert.xml,Rule-Obj-Activity,TreatyIn.CedingID,DataClient.pxResults(1).CARI1
Activity/Property-Set,TreatyInMappingDataconvert.xml,Rule-Obj-Activity,TreatyIn.Commencement,TreatyOffer.StartDate
Activity/Property-Set,TreatyInMappingDataconvert.xml,Rule-Obj-Activity,TreatyIn.Comment,TreatyOffer.Comment
Activity/Property-Set,TreatyInMappingDataconvert.xml,Rule-Obj-Activity,TreatyIn.CommentList(<APPEND>).Date,.Date
Activity/Property-Set,TreatyInMappingDataconvert.xml,Rule-Obj-Activity,TreatyIn.CommentList(<APPEND>).Date,@CurrentDateTime()
Activity/Property-Set,TreatyInMappingDataconvert.xml,Rule-Obj-Activity,TreatyIn.CommentList(<LAST>).IsApproved,""""""
Activity/Property-Set,TreatyInMappingDataconvert.xml,Rule-Obj-Activity,TreatyIn.CommentList(<LAST>).IsApproved,.IsApproved
Activity/Property-Set,TreatyInMappingDataconvert.xml,Rule-Obj-Activity,TreatyIn.CommentList(<LAST>).OperatorName,.OperatorName
Activity/Property-Set,TreatyInMappingDataconvert.xml,Rule-Obj-Activity,TreatyIn.CommentList(<LAST>).OperatorName,OperatorID.pyUserName
Activity/Property-Set,TreatyInMappingDataconvert.xml,Rule-Obj-Activity,TreatyIn.CommentList(<LAST>).Suggest,"""Converted from old table"""
Activity/Property-Set,TreatyInMappingDataconvert.xml,Rule-Obj-Activity,TreatyIn.CommentList(<LAST>).Suggest,.Suggest
Activity/Property-Set,TreatyInMappingDataconvert.xml,Rule-Obj-Activity,TreatyIn.CurrencyList(<APPEND>).CurrencyID,TreatyOffer.Currency.ID
Activity/Property-Set,TreatyInMappingDataconvert.xml,Rule-Obj-Activity,TreatyIn.CurrencyList(<LAST>).Conversion,TreatyOffer.OfferTreatyInList(1).Amount
Activity/Property-Set,TreatyInMappingDataconvert.xml,Rule-Obj-Activity,TreatyIn.CurrencyList(<LAST>).Currency,TreatyOffer.Currency.Currency
Activity/Property-Set,TreatyInMappingDataconvert.xml,Rule-Obj-Activity,TreatyIn.CurrencyList(<LAST>).PeriodEnd,TreatyOffer.EndDate
Activity/Property-Set,TreatyInMappingDataconvert.xml,Rule-Obj-Activity,TreatyIn.CurrencyList(<LAST>).PeriodStart,TreatyOffer.StartDate
Activity/Property-Set,TreatyInMappingDataconvert.xml,Rule-Obj-Activity,TreatyIn.EGNPI(<APPEND>).TreatyGroup,.TreatyGroup.TreatyGroupName
Activity/Property-Set,TreatyInMappingDataconvert.xml,Rule-Obj-Activity,TreatyIn.EGNPI(<LAST>).Amount,.AmountEPI
Activity/Property-Set,TreatyInMappingDataconvert.xml,Rule-Obj-Activity,TreatyIn.EGNPI(<LAST>).AmountIDR,0
Activity/Property-Set,TreatyInMappingDataconvert.xml,Rule-Obj-Activity,TreatyIn.EGNPI(<LAST>).AsDate,TreatyIn.Commencement
Activity/Property-Set,TreatyInMappingDataconvert.xml,Rule-Obj-Activity,TreatyIn.EGNPI(<LAST>).Currency,.Currency.Currency
Activity/Property-Set,TreatyInMappingDataconvert.xml,Rule-Obj-Activity,TreatyIn.EGNPI(<LAST>).CurrencyID,TreatyOffer.Currency.ID
Activity/Property-Set,TreatyInMappingDataconvert.xml,Rule-Obj-Activity,TreatyIn.EGNPI(<LAST>).TreatyGroupID,.TreatyGroup.ID
Activity/Property-Set,TreatyInMappingDataconvert.xml,Rule-Obj-Activity,TreatyIn.Exclusions,"TreatyIn.Exclusions + ""\r\n \r\n"" + .Info"
Activity/Property-Set,TreatyInMappingDataconvert.xml,Rule-Obj-Activity,TreatyIn.ID,"""UnknownId"""
Activity/Property-Set,TreatyInMappingDataconvert.xml,Rule-Obj-Activity,TreatyIn.Information,"""ID: "" + TreatyOffer.ID + "" ID NB: "" + TreatyOffer.IDNewBisnis"
Activity/Property-Set,TreatyInMappingDataconvert.xml,Rule-Obj-Activity,TreatyIn.Information,"TreatyIn.Information + "" No Offer: "" + TempResult.pxResults(1).Ceding"
Activity/Property-Set,TreatyInMappingDataconvert.xml,Rule-Obj-Activity,TreatyIn.LeadingReinsSource,.SobName
Activity/Property-Set,TreatyInMappingDataconvert.xml,Rule-Obj-Activity,TreatyIn.LeadingReinsSourceID,.SourceOfBusiness
Activity/Property-Set,TreatyInMappingDataconvert.xml,Rule-Obj-Activity,TreatyIn.Limits(<APPEND>).Layer,"""1"""
Activity/Property-Set,TreatyInMappingDataconvert.xml,Rule-Obj-Activity,TreatyIn.Limits(<APPEND>).Layer,"""2"""
Activity/Property-Set,TreatyInMappingDataconvert.xml,Rule-Obj-Activity,TreatyIn.Limits(<APPEND>).Layer,"""3"""
Activity/Property-Set,TreatyInMappingDataconvert.xml,Rule-Obj-Activity,TreatyIn.Limits(<APPEND>).Layer,"""4"""
Activity/Property-Set,TreatyInMappingDataconvert.xml,Rule-Obj-Activity,TreatyIn.Limits(<APPEND>).Layer,"""5"""
Activity/Property-Set,TreatyInMappingDataconvert.xml,Rule-Obj-Activity,TreatyIn.Limits(<LAST>).AdjRate,.PctAdjustmentRate
Activity/Property-Set,TreatyInMappingDataconvert.xml,Rule-Obj-Activity,TreatyIn.Limits(<LAST>).Cover,"""cat"""
Activity/Property-Set,TreatyInMappingDataconvert.xml,Rule-Obj-Activity,TreatyIn.Limits(<LAST>).Cover,"""risk"""
Activity/Property-Set,TreatyInMappingDataconvert.xml,Rule-Obj-Activity,TreatyIn.Limits(<LAST>).Cover,"""riskcat"""
Activity/Property-Set,TreatyInMappingDataconvert.xml,Rule-Obj-Activity,TreatyIn.Limits(<LAST>).Currency,.TreatyLimits(1).Currency.Currency
Activity/Property-Set,TreatyInMappingDataconvert.xml,Rule-Obj-Activity,TreatyIn.Limits(<LAST>).LayerPart,"""1"""
Activity/Property-Set,TreatyInMappingDataconvert.xml,Rule-Obj-Activity,TreatyIn.Limits(<LAST>).LayerPart,"""2"""
Activity/Property-Set,TreatyInMappingDataconvert.xml,Rule-Obj-Activity,TreatyIn.Limits(<LAST>).LayerPart,"""3"""
Activity/Property-Set,TreatyInMappingDataconvert.xml,Rule-Obj-Activity,TreatyIn.Limits(<LAST>).LayerPart,"""4"""
Activity/Property-Set,TreatyInMappingDataconvert.xml,Rule-Obj-Activity,TreatyIn.Limits(<LAST>).LayerPart,"""5"""
Activity/Property-Set,TreatyInMappingDataconvert.xml,Rule-Obj-Activity,TreatyIn.Limits(<LAST>).LayerPartType,"""layer"""
Activity/Property-Set,TreatyInMappingDataconvert.xml,Rule-Obj-Activity,TreatyIn.Limits(<LAST>).LayerPartType,"""sublayer"""
Activity/Property-Set,TreatyInMappingDataconvert.xml,Rule-Obj-Activity,TreatyIn.Limits(<LAST>).LayerType,"""layer"""
Activity/Property-Set,TreatyInMappingDataconvert.xml,Rule-Obj-Activity,TreatyIn.Limits(<LAST>).LayerType,"""sublayer"""
Activity/Property-Set,TreatyInMappingDataconvert.xml,Rule-Obj-Activity,TreatyIn.Limits(<LAST>).Limit,.TreatyLimits(1).Amount
Activity/Property-Set,TreatyInMappingDataconvert.xml,Rule-Obj-Activity,TreatyIn.Limits(<LAST>).MDPList(<APPEND>).Value,.MinimumDepositPremi
Activity/Property-Set,TreatyInMappingDataconvert.xml,Rule-Obj-Activity,TreatyIn.Limits(<LAST>).MDPList(<LAST>).Currency,.Currency.Currency
Activity/Property-Set,TreatyInMappingDataconvert.xml,Rule-Obj-Activity,TreatyIn.Limits(<LAST>).MDPPct,.PctRatioMinimum
Activity/Property-Set,TreatyInMappingDataconvert.xml,Rule-Obj-Activity,TreatyIn.Limits(<LAST>).PremiumEarnedList(<APPEND>).Value,.EarnedPremium
Activity/Property-Set,TreatyInMappingDataconvert.xml,Rule-Obj-Activity,TreatyIn.Limits(<LAST>).PremiumEarnedList(<LAST>).Currency,.Currency.Currency
Activity/Property-Set,TreatyInMappingDataconvert.xml,Rule-Obj-Activity,TreatyIn.Limits(<LAST>).ROLPct,.PctRateOnLine
Activity/Property-Set,TreatyInMappingDataconvert.xml,Rule-Obj-Activity,TreatyIn.Limits(<LAST>).ReinstatementPct,100
Activity/Property-Set,TreatyInMappingDataconvert.xml,Rule-Obj-Activity,TreatyIn.Limits(<LAST>).ReinstatementValue,.Reinstatement
Activity/Property-Set,TreatyInMappingDataconvert.xml,Rule-Obj-Activity,TreatyIn.Limits(<LAST>).TreatyGroupList(<APPEND>).TreatyGroup,.TreatyGroup.TreatyGroupName
Activity/Property-Set,TreatyInMappingDataconvert.xml,Rule-Obj-Activity,TreatyIn.Limits(<LAST>).TreatyGroupList(<LAST>).ClassOfBusinessList(<APPEND>).ClassOfBusinessID,.BizCode
Activity/Property-Set,TreatyInMappingDataconvert.xml,Rule-Obj-Activity,TreatyIn.Limits(<LAST>).TreatyGroupList(<LAST>).ClassOfBusinessList(<LAST>).ClassOfBusiness,.BIZNAME
Activity/Property-Set,TreatyInMappingDataconvert.xml,Rule-Obj-Activity,TreatyIn.Limits(<LAST>).TreatyGroupList(<LAST>).TreatyGroupID,.TreatyGroup.ID
Activity/Property-Set,TreatyInMappingDataconvert.xml,Rule-Obj-Activity,TreatyIn.OLDID,TempResult.pxResults(1).Ceding
Activity/Property-Set,TreatyInMappingDataconvert.xml,Rule-Obj-Activity,TreatyIn.ProportionType,"""NonProportional"""
Activity/Property-Set,TreatyInMappingDataconvert.xml,Rule-Obj-Activity,TreatyIn.RNMShare,.NusantaraReShare
Activity/Property-Set,TreatyInMappingDataconvert.xml,Rule-Obj-Activity,TreatyIn.Retention(<APPEND>).TreatyGroup,.TreatyGroup.TreatyGroupName
Activity/Property-Set,TreatyInMappingDataconvert.xml,Rule-Obj-Activity,TreatyIn.Retention(<LAST>).Amount,.AmountRetention
Activity/Property-Set,TreatyInMappingDataconvert.xml,Rule-Obj-Activity,TreatyIn.Retention(<LAST>).Currency,.Currency.Currency
Activity/Property-Set,TreatyInMappingDataconvert.xml,Rule-Obj-Activity,TreatyIn.Retention(<LAST>).CurrencyID,TreatyOffer.Currency.ID
Activity/Property-Set,TreatyInMappingDataconvert.xml,Rule-Obj-Activity,TreatyIn.Retention(<LAST>).TreatyGroupID,.TreatyGroup.ID
Activity/Property-Set,TreatyInMappingDataconvert.xml,Rule-Obj-Activity,TreatyIn.SpecialConditions,"TreatyIn.SpecialConditions + ""\r\n \r\n"" + .Info"
Activity/Property-Set,TreatyInMappingDataconvert.xml,Rule-Obj-Activity,TreatyIn.TeritorialScope,TreatyOffer.OfferTreatyInList(1).TerritorialScope
Activity/Property-Set,TreatyInMappingDataconvert.xml,Rule-Obj-Activity,TreatyIn.Termination,TreatyOffer.EndDate
Activity/Property-Set,TreatyInMappingDataconvert.xml,Rule-Obj-Activity,TreatyIn.TreatyContractName,TreatyOffer.OfferTreatyInList(1).LimitBusinessList(1).Description
Activity/Property-Set,TreatyInMappingDataconvert.xml,Rule-Obj-Activity,TreatyIn.TreatyContractName,TreatyOffer.Subject
Activity/Property-Set,TreatyInMappingDataconvert.xml,Rule-Obj-Activity,TreatyIn.TreatyYear,TreatyOffer.TreatyYear
Activity/Property-Set,TreatyInMappingDataconvert.xml,Rule-Obj-Activity,local.flag,0
Activity/Property-Set,TreatyInMappingDataconvert.xml,Rule-Obj-Activity,local.flag,1
Activity/Property-Set,TreatyInMappingDataconvert.xml,Rule-Obj-Activity,local.idxegnpi,0
Activity/Property-Set,TreatyInMappingDataconvert.xml,Rule-Obj-Activity,local.idxegnpi,local.idxegnpi+1
Activity/Property-Set,TreatyInMappingDataconvert.xml,Rule-Obj-Activity,param.treatygroupid,.TreatyGroup.ID
Activity/Property-Set,TreatyInMappingDataconvert.xml,Rule-Obj-Activity,param.treatygroupname,.TreatyGroup.TreatyGroupName
Activity/Property-Set,TreatyInMappingDataconvertProp.xml,Rule-Obj-Activity,TreatyIn.Bordeaux,"""nonreporting"""
Activity/Property-Set,TreatyInMappingDataconvertProp.xml,Rule-Obj-Activity,TreatyIn.Bordeaux,"""reporting"""
Activity/Property-Set,TreatyInMappingDataconvertProp.xml,Rule-Obj-Activity,TreatyIn.BordereauxNote,.BORDEREAUX
Activity/Property-Set,TreatyInMappingDataconvertProp.xml,Rule-Obj-Activity,TreatyIn.Exclusions,"TreatyIn.Exclusions + ""\r\n \r\n"" + .Info"
Activity/Property-Set,TreatyInMappingDataconvertProp.xml,Rule-Obj-Activity,TreatyIn.ExclusionsP,"TreatyIn.ExclusionsP + ""\r\n \r\n"" + .Info"
Activity/Property-Set,TreatyInMappingDataconvertProp.xml,Rule-Obj-Activity,TreatyIn.Information,"TreatyIn.Information + ""\r\n \r\nAccount\r\n \r\n"" + .Account"
Activity/Property-Set,TreatyInMappingDataconvertProp.xml,Rule-Obj-Activity,TreatyIn.Limits(<APPEND>).TreatyType,"""2ND SURPLUS"""
Activity/Property-Set,TreatyInMappingDataconvertProp.xml,Rule-Obj-Activity,TreatyIn.Limits(<APPEND>).TreatyType,"""3RD SURPLUS"""
Activity/Property-Set,TreatyInMappingDataconvertProp.xml,Rule-Obj-Activity,TreatyIn.Limits(<APPEND>).TreatyType,"""QUOTA SHARE"""
Activity/Property-Set,TreatyInMappingDataconvertProp.xml,Rule-Obj-Activity,TreatyIn.Limits(<APPEND>).TreatyType,"""SURPLUS"""
Activity/Property-Set,TreatyInMappingDataconvertProp.xml,Rule-Obj-Activity,TreatyIn.Limits(<LAST>).Detail(<APPEND>).TreatyGroup,.TreatyGroup.TreatyGroupName
Activity/Property-Set,TreatyInMappingDataconvertProp.xml,Rule-Obj-Activity,TreatyIn.Limits(<LAST>).Detail(<LAST>).COBList(<APPEND>).ClassOfBusiness,.BIZNAME
Activity/Property-Set,TreatyInMappingDataconvertProp.xml,Rule-Obj-Activity,TreatyIn.Limits(<LAST>).Detail(<LAST>).COBList(<LAST>).ClassOfBusinessID,.BizCode
Activity/Property-Set,TreatyInMappingDataconvertProp.xml,Rule-Obj-Activity,TreatyIn.Limits(<LAST>).Detail(<LAST>).CashLossList(<APPEND>).Value,.Amount
Activity/Property-Set,TreatyInMappingDataconvertProp.xml,Rule-Obj-Activity,TreatyIn.Limits(<LAST>).Detail(<LAST>).CashLossList(<LAST>).Currency,.Currency.Currency
Activity/Property-Set,TreatyInMappingDataconvertProp.xml,Rule-Obj-Activity,TreatyIn.Limits(<LAST>).Detail(<LAST>).ClaimCoopList(<APPEND>).Value,.Amount
Activity/Property-Set,TreatyInMappingDataconvertProp.xml,Rule-Obj-Activity,TreatyIn.Limits(<LAST>).Detail(<LAST>).ClaimCoopList(<LAST>).Currency,.Currency.Currency
Activity/Property-Set,TreatyInMappingDataconvertProp.xml,Rule-Obj-Activity,TreatyIn.Limits(<LAST>).Detail(<LAST>).EPIList(<APPEND>).Value,.AmountEPI
Activity/Property-Set,TreatyInMappingDataconvertProp.xml,Rule-Obj-Activity,TreatyIn.Limits(<LAST>).Detail(<LAST>).EPIList(<LAST>).Currency,.CurrencyEPI.Currency
Activity/Property-Set,TreatyInMappingDataconvertProp.xml,Rule-Obj-Activity,TreatyIn.Limits(<LAST>).Detail(<LAST>).IOOLimitList(<APPEND>).Value,.Amount
Activity/Property-Set,TreatyInMappingDataconvertProp.xml,Rule-Obj-Activity,TreatyIn.Limits(<LAST>).Detail(<LAST>).IOOLimitList(<LAST>).Currency,.Currency.Currency
Activity/Property-Set,TreatyInMappingDataconvertProp.xml,Rule-Obj-Activity,TreatyIn.Limits(<LAST>).Detail(<LAST>).PLAList(<APPEND>).Value,.Amount
Activity/Property-Set,TreatyInMappingDataconvertProp.xml,Rule-Obj-Activity,TreatyIn.Limits(<LAST>).Detail(<LAST>).PLAList(<LAST>).Currency,.Currency.Currency
Activity/Property-Set,TreatyInMappingDataconvertProp.xml,Rule-Obj-Activity,TreatyIn.Limits(<LAST>).Detail(<LAST>).ProfitCommision,.ProfitCommisionList(1).ProfitComm
Activity/Property-Set,TreatyInMappingDataconvertProp.xml,Rule-Obj-Activity,TreatyIn.Limits(<LAST>).Detail(<LAST>).ProfitME,.ProfitCommisionList(1).ME
Activity/Property-Set,TreatyInMappingDataconvertProp.xml,Rule-Obj-Activity,TreatyIn.Limits(<LAST>).Detail(<LAST>).ProfitYDCF,.ProfitCommisionList(1).YDCF
Activity/Property-Set,TreatyInMappingDataconvertProp.xml,Rule-Obj-Activity,TreatyIn.Limits(<LAST>).Detail(<LAST>).QSPct,.Amount2
Activity/Property-Set,TreatyInMappingDataconvertProp.xml,Rule-Obj-Activity,TreatyIn.Limits(<LAST>).Detail(<LAST>).RIOGR,.Amount
Activity/Property-Set,TreatyInMappingDataconvertProp.xml,Rule-Obj-Activity,TreatyIn.Limits(<LAST>).Detail(<LAST>).RIONR,.Amount
Activity/Property-Set,TreatyInMappingDataconvertProp.xml,Rule-Obj-Activity,TreatyIn.Limits(<LAST>).Detail(<LAST>).RetentionList(<APPEND>).Value,.AmountRetention
Activity/Property-Set,TreatyInMappingDataconvertProp.xml,Rule-Obj-Activity,TreatyIn.Limits(<LAST>).Detail(<LAST>).RetentionList(<LAST>).Currency,.Currency.Currency
Activity/Property-Set,TreatyInMappingDataconvertProp.xml,Rule-Obj-Activity,TreatyIn.Limits(<LAST>).Detail(<LAST>).Surplus,.TreatyLimits(1).Line
Activity/Property-Set,TreatyInMappingDataconvertProp.xml,Rule-Obj-Activity,TreatyIn.Limits(<LAST>).Detail(<LAST>).TreatyGroupID,.TreatyGroup.ID
Activity/Property-Set,TreatyInMappingDataconvertProp.xml,Rule-Obj-Activity,TreatyIn.Limits(<LAST>).Detail(<LAST>).TreatyType,local.flag
Activity/Property-Set,TreatyInMappingDataconvertProp.xml,Rule-Obj-Activity,TreatyIn.Portfolio(<APPEND>).TypePortfolio,.TypePortfolio
Activity/Property-Set,TreatyInMappingDataconvertProp.xml,Rule-Obj-Activity,TreatyIn.Portfolio(<LAST>).Description,.Description
Activity/Property-Set,TreatyInMappingDataconvertProp.xml,Rule-Obj-Activity,TreatyIn.Portfolio(<LAST>).Type,.Type
Activity/Property-Set,TreatyInMappingDataconvertProp.xml,Rule-Obj-Activity,TreatyIn.ProportionType,"""Proportional"""
Activity/Property-Set,TreatyInMappingDataconvertProp.xml,Rule-Obj-Activity,TreatyIn.RNMShareP,.NusantaraReShare
Activity/Property-Set,TreatyInMappingDataconvertProp.xml,Rule-Obj-Activity,TreatyIn.SpecialConditions,"TreatyIn.SpecialConditions + ""\r\n \r\n"" + .Info"
Activity/Property-Set,TreatyInMappingDataconvertProp.xml,Rule-Obj-Activity,TreatyIn.SpecialConditionsP,"TreatyIn.SpecialConditionsP + ""\r\n \r\n"" + .Info"
Activity/Property-Set,TreatyInMappingDataconvertProp.xml,Rule-Obj-Activity,flag.CARI1,1
Activity/Property-Set,TreatyInMappingDataconvertProp.xml,Rule-Obj-Activity,flag.CARI2,"""1"""
Activity/Property-Set,TreatyInMappingDataconvertProp.xml,Rule-Obj-Activity,local.flag,"""2ND SURPLUS"""
Activity/Property-Set,TreatyInMappingDataconvertProp.xml,Rule-Obj-Activity,local.flag,"""3RD SURPLUS"""
Activity/Property-Set,TreatyInMappingDataconvertProp.xml,Rule-Obj-Activity,local.flag,"""QUOTA SHARE"""
Activity/Property-Set,TreatyInMappingDataconvertProp.xml,Rule-Obj-Activity,local.flag,"""SURPLUS"""
Activity/Property-Set,TreatyInNPSetTotal.xml,Rule-Obj-Activity,.Proportion,"@divide(.AmountIDR,TreatyIn.TotalEgnpiAmount,20)*100"
Activity/Property-Set,TreatyInNPSetTotal.xml,Rule-Obj-Activity,.Value,.Value + Local.Value
Activity/Property-Set,TreatyInNPSetTotal.xml,Rule-Obj-Activity,.Value,.Value + local.Value
Activity/Property-Set,TreatyInNPSetTotal.xml,Rule-Obj-Activity,.Value,.Value + local.ValueMin
Activity/Property-Set,TreatyInNPSetTotal.xml,Rule-Obj-Activity,.Value,.Value+ Local.Value
Activity/Property-Set,TreatyInNPSetTotal.xml,Rule-Obj-Activity,.Value,local.Value + .Value
Activity/Property-Set,TreatyInNPSetTotal.xml,Rule-Obj-Activity,Local.Currency,.Currency
Activity/Property-Set,TreatyInNPSetTotal.xml,Rule-Obj-Activity,Local.Currency,.Currency2
Activity/Property-Set,TreatyInNPSetTotal.xml,Rule-Obj-Activity,Local.Value,""""""
Activity/Property-Set,TreatyInNPSetTotal.xml,Rule-Obj-Activity,Local.Value,.Value
Activity/Property-Set,TreatyInNPSetTotal.xml,Rule-Obj-Activity,Local.Value2,""""""
Activity/Property-Set,TreatyInNPSetTotal.xml,Rule-Obj-Activity,Local.ValueMin,.Value
Activity/Property-Set,TreatyInNPSetTotal.xml,Rule-Obj-Activity,Local.deductiblevalue,0
Activity/Property-Set,TreatyInNPSetTotal.xml,Rule-Obj-Activity,Local.deductiblevalue,Local.deductiblevalue + .Deductible
Activity/Property-Set,TreatyInNPSetTotal.xml,Rule-Obj-Activity,Local.limitvalue,0
Activity/Property-Set,TreatyInNPSetTotal.xml,Rule-Obj-Activity,Local.limitvalue,Local.limitvalue + .Limit
Activity/Property-Set,TreatyInNPSetTotal.xml,Rule-Obj-Activity,Local.mdpminvalue,Local.mdpminvalue+ .Value
Activity/Property-Set,TreatyInNPSetTotal.xml,Rule-Obj-Activity,Local.mdpvalue,0
Activity/Property-Set,TreatyInNPSetTotal.xml,Rule-Obj-Activity,Local.mdpvalue,Local.mdpvalue + .MDPList(1).Value
Activity/Property-Set,TreatyInNPSetTotal.xml,Rule-Obj-Activity,Local.mdpvalue,Local.mdpvalue + .Value
Activity/Property-Set,TreatyInNPSetTotal.xml,Rule-Obj-Activity,Local.premiumearnvalue,0
Activity/Property-Set,TreatyInNPSetTotal.xml,Rule-Obj-Activity,Local.premiumearnvalue,Local.premiumearnvalue + .PremiumEarnedList(1).Value
Activity/Property-Set,TreatyInNPSetTotal.xml,Rule-Obj-Activity,Local.premiumearnvalue,Local.premiumearnvalue + .Value
Activity/Property-Set,TreatyInNPSetTotal.xml,Rule-Obj-Activity,Local.test,0
Activity/Property-Set,TreatyInNPSetTotal.xml,Rule-Obj-Activity,Local.test,1
Activity/Property-Set,TreatyInNPSetTotal.xml,Rule-Obj-Activity,Param.errmsg,"""Error Divide by Zero"""
Activity/Property-Set,TreatyInNPSetTotal.xml,Rule-Obj-Activity,Param.errmsg1,"""Error Amount is empty"""
Activity/Property-Set,TreatyInNPSetTotal.xml,Rule-Obj-Activity,TempCurrGrandTotalLimit.pxResults(<APPEND>).Currency,.Currency
Activity/Property-Set,TreatyInNPSetTotal.xml,Rule-Obj-Activity,TempCurrGrandTotalLimit.pxResults(<APPEND>).Currency,.Currency2
Activity/Property-Set,TreatyInNPSetTotal.xml,Rule-Obj-Activity,TempCurrGrandTotalPremium.pxResults(<APPEND>).Currency,.Currency
Activity/Property-Set,TreatyInNPSetTotal.xml,Rule-Obj-Activity,TreatyIn.TotalEgnpiAmount,.AmountIDR + TreatyIn.TotalEgnpiAmount
Activity/Property-Set,TreatyInNPSetTotal.xml,Rule-Obj-Activity,TreatyIn.TotalEgnpiAmountNP(<APPEND>).ID,""""""
Activity/Property-Set,TreatyInNPSetTotal.xml,Rule-Obj-Activity,TreatyIn.TotalEgnpiAmountNP(<LAST>).AltValue,local.Altvalue
Activity/Property-Set,TreatyInNPSetTotal.xml,Rule-Obj-Activity,TreatyIn.TotalEgnpiAmountNP(<LAST>).Currency,local.Currency
Activity/Property-Set,TreatyInNPSetTotal.xml,Rule-Obj-Activity,TreatyIn.TotalEgnpiAmountNP(<LAST>).Value,local.Value
Activity/Property-Set,TreatyInNPSetTotal.xml,Rule-Obj-Activity,TreatyIn.TotalEgnpiProportion,.Proportion + TreatyIn.TotalEgnpiProportion
Activity/Property-Set,TreatyInNPSetTotal.xml,Rule-Obj-Activity,TreatyIn.TotalFacShareDeductionNP(<APPEND>).Currency,.Currency
Activity/Property-Set,TreatyInNPSetTotal.xml,Rule-Obj-Activity,TreatyIn.TotalFacShareDeductionNP(<LAST>).Value,.Value
Activity/Property-Set,TreatyInNPSetTotal.xml,Rule-Obj-Activity,TreatyIn.TotalFacShareGrossNP(<APPEND>).Currency,.Currency
Activity/Property-Set,TreatyInNPSetTotal.xml,Rule-Obj-Activity,TreatyIn.TotalFacShareGrossNP(<LAST>).Value,.Value
Activity/Property-Set,TreatyInNPSetTotal.xml,Rule-Obj-Activity,TreatyIn.TotalFacShareNetNP(<APPEND>).Currency,.Currency
Activity/Property-Set,TreatyInNPSetTotal.xml,Rule-Obj-Activity,TreatyIn.TotalFacShareNetNP(<LAST>).Value,.Value
Activity/Property-Set,TreatyInNPSetTotal.xml,Rule-Obj-Activity,TreatyIn.TotalFacShareRnmNP(<APPEND>).Currency,.Currency
Activity/Property-Set,TreatyInNPSetTotal.xml,Rule-Obj-Activity,TreatyIn.TotalFacShareRnmNP(<LAST>).Value,.Value
Activity/Property-Set,TreatyInNPSetTotal.xml,Rule-Obj-Activity,TreatyIn.TotalInstallmentNP(<APPEND>).Currency,.Currency
Activity/Property-Set,TreatyInNPSetTotal.xml,Rule-Obj-Activity,TreatyIn.TotalInstallmentNP(<LAST>).Value,.AmountTotal
Activity/Property-Set,TreatyInNPSetTotal.xml,Rule-Obj-Activity,TreatyIn.TotalLimitDeductblNP(<APPEND>).Currency,.Currency
Activity/Property-Set,TreatyInNPSetTotal.xml,Rule-Obj-Activity,TreatyIn.TotalLimitDeductblNP(<APPEND>).Currency,TreatyIn.Limits(1).Currency
Activity/Property-Set,TreatyInNPSetTotal.xml,Rule-Obj-Activity,TreatyIn.TotalLimitDeductblNP(<APPEND>).Currency,TreatyIn.Limits(1).Currency2
Activity/Property-Set,TreatyInNPSetTotal.xml,Rule-Obj-Activity,TreatyIn.TotalLimitDeductblNP(<CURRENT>).Value,Local.deductiblevalue
Activity/Property-Set,TreatyInNPSetTotal.xml,Rule-Obj-Activity,TreatyIn.TotalLimitDeductblNP(<LAST>).Value,local.Value
Activity/Property-Set,TreatyInNPSetTotal.xml,Rule-Obj-Activity,TreatyIn.TotalLimitDeductblNP(<LAST>).Value,local.Value2
Activity/Property-Set,TreatyInNPSetTotal.xml,Rule-Obj-Activity,TreatyIn.TotalLimitIOONP(<APPEND>).Currency,.Currency
Activity/Property-Set,TreatyInNPSetTotal.xml,Rule-Obj-Activity,TreatyIn.TotalLimitIOONP(<APPEND>).Currency,TreatyIn.Limits(1).Currency
Activity/Property-Set,TreatyInNPSetTotal.xml,Rule-Obj-Activity,TreatyIn.TotalLimitIOONP(<APPEND>).Currency,TreatyIn.Limits(1).Currency2
Activity/Property-Set,TreatyInNPSetTotal.xml,Rule-Obj-Activity,TreatyIn.TotalLimitIOONP(<CURRENT>).Value,Local.limitvalue
Activity/Property-Set,TreatyInNPSetTotal.xml,Rule-Obj-Activity,TreatyIn.TotalLimitIOONP(<LAST>).Value,local.Value
Activity/Property-Set,TreatyInNPSetTotal.xml,Rule-Obj-Activity,TreatyIn.TotalLimitIOONP(<LAST>).Value,local.Value2
Activity/Property-Set,TreatyInNPSetTotal.xml,Rule-Obj-Activity,TreatyIn.TotalLimitMDPMinNP(<APPEND>).Currency,.Currency
Activity/Property-Set,TreatyInNPSetTotal.xml,Rule-Obj-Activity,TreatyIn.TotalLimitMDPMinNP(<CURRENT>).Value,Local.mdpminvalue
Activity/Property-Set,TreatyInNPSetTotal.xml,Rule-Obj-Activity,TreatyIn.TotalLimitMDPNP(<APPEND>).Currency,.Currency
Activity/Property-Set,TreatyInNPSetTotal.xml,Rule-Obj-Activity,TreatyIn.TotalLimitMDPNP(<CURRENT>).Value,Local.mdpvalue
Activity/Property-Set,TreatyInNPSetTotal.xml,Rule-Obj-Activity,TreatyIn.TotalLimitPremiEarnNP(<APPEND>).Currency,.Currency
Activity/Property-Set,TreatyInNPSetTotal.xml,Rule-Obj-Activity,TreatyIn.TotalLimitPremiEarnNP(<CURRENT>).Value,Local.premiumearnvalue
Activity/Property-Set,TreatyInNPSetTotal.xml,Rule-Obj-Activity,TreatyIn.TotalLimitsROL,TreatyIn.TotalLimitsROL + .ROLPct
Activity/Property-Set,TreatyInNPSetTotal.xml,Rule-Obj-Activity,TreatyIn.TotalRetentionAmountNP(<APPEND>).ID,""""""
Activity/Property-Set,TreatyInNPSetTotal.xml,Rule-Obj-Activity,TreatyIn.TotalRetentionAmountNP(<LAST>).Currency,local.Currency
Activity/Property-Set,TreatyInNPSetTotal.xml,Rule-Obj-Activity,TreatyIn.TotalRetentionAmountNP(<LAST>).Value,local.Value
Activity/Property-Set,TreatyInNPSetTotal.xml,Rule-Obj-Activity,TreatyIn.TotalShareDeductionNP(<APPEND>).Currency,.Currency
Activity/Property-Set,TreatyInNPSetTotal.xml,Rule-Obj-Activity,TreatyIn.TotalShareDeductionNP(<LAST>).Value,.Value
Activity/Property-Set,TreatyInNPSetTotal.xml,Rule-Obj-Activity,TreatyIn.TotalShareGrossMinNP(<APPEND>).Currency,.Currency
Activity/Property-Set,TreatyInNPSetTotal.xml,Rule-Obj-Activity,TreatyIn.TotalShareGrossMinNP(<LAST>).Value,.Value
Activity/Property-Set,TreatyInNPSetTotal.xml,Rule-Obj-Activity,TreatyIn.TotalShareGrossNP(<APPEND>).Currency,.Currency
Activity/Property-Set,TreatyInNPSetTotal.xml,Rule-Obj-Activity,TreatyIn.TotalShareGrossNP(<LAST>).Value,.Value
Activity/Property-Set,TreatyInNPSetTotal.xml,Rule-Obj-Activity,TreatyIn.TotalShareNetNP(<APPEND>).Currency,.Currency
Activity/Property-Set,TreatyInNPSetTotal.xml,Rule-Obj-Activity,TreatyIn.TotalShareNetNP(<LAST>).Value,.Value
Activity/Property-Set,TreatyInNPSetTotal.xml,Rule-Obj-Activity,TreatyIn.TotalShareRnmNP(<APPEND>).Currency,.Currency
Activity/Property-Set,TreatyInNPSetTotal.xml,Rule-Obj-Activity,TreatyIn.TotalShareRnmNP(<LAST>).Value,.Value
Activity/Property-Set,TreatyInNPSetTotal.xml,Rule-Obj-Activity,local.Appendflag,0
Activity/Property-Set,TreatyInNPSetTotal.xml,Rule-Obj-Activity,local.Appendflag,1
Activity/Property-Set,TreatyInNPSetTotal.xml,Rule-Obj-Activity,local.Currency,.Currency
Activity/Property-Set,TreatyInNPSetTotal.xml,Rule-Obj-Activity,local.Value,.Amount
Activity/Property-Set,TreatyInNPSetTotal.xml,Rule-Obj-Activity,local.Value,local.Value + .Deductible
Activity/Property-Set,TreatyInNPSetTotal.xml,Rule-Obj-Activity,local.Value,local.Value + .Limit
Activity/Property-Set,TreatyInNPSetTotal.xml,Rule-Obj-Activity,local.Value2,local.Value2 + .Limit2
Activity/Property-Set,TreatyInNPSetTotal.xml,Rule-Obj-Activity,local.Value2,local.Value2 + @toDecimal(.Deductible2)
Activity/Property-Set,TreatyInNPSetTotal.xml,Rule-Obj-Activity,param.deductiblecurrency,.LayerList(1).Currency
Activity/Property-Set,TreatyInNPSetTotal.xml,Rule-Obj-Activity,param.deductiblevalue,.LayerList(1).Deductible + @toDecimal(param.deductiblevalue)
Activity/Property-Set,TreatyInNPSetTotal.xml,Rule-Obj-Activity,param.limitcurrency,.LayerList(1).Currency
Activity/Property-Set,TreatyInNPSetTotal.xml,Rule-Obj-Activity,param.limitvalue,.LayerList(1).IOOLimit + @toDecimal(param.limitvalue)
Activity/Property-Set,TreatyInNPSetTotalActualLimits.xml,Rule-Obj-Activity,Local.Currency,.Currency
Activity/Property-Set,TreatyInNPSetTotalActualLimits.xml,Rule-Obj-Activity,Local.Value,""""""
Activity/Property-Set,TreatyInNPSetTotalActualLimits.xml,Rule-Obj-Activity,Local.Value2,""""""
Activity/Property-Set,TreatyInNPSetTotalActualLimits.xml,Rule-Obj-Activity,Local.mdpvalue,0
Activity/Property-Set,TreatyInNPSetTotalActualLimits.xml,Rule-Obj-Activity,Local.mdpvalue,Local.mdpvalue + .MDPList(1).Value
Activity/Property-Set,TreatyInNPSetTotalActualLimits.xml,Rule-Obj-Activity,Local.mdpvalue,Local.mdpvalue + .Value
Activity/Property-Set,TreatyInNPSetTotalActualLimits.xml,Rule-Obj-Activity,Local.premiumearnvalue,0
Activity/Property-Set,TreatyInNPSetTotalActualLimits.xml,Rule-Obj-Activity,Local.premiumearnvalue,Local.premiumearnvalue + .PremiumEarnedList(1).Value
Activity/Property-Set,TreatyInNPSetTotalActualLimits.xml,Rule-Obj-Activity,Local.premiumearnvalue,Local.premiumearnvalue + .Value
Activity/Property-Set,TreatyInNPSetTotalActualLimits.xml,Rule-Obj-Activity,Local.test,0
Activity/Property-Set,TreatyInNPSetTotalActualLimits.xml,Rule-Obj-Activity,Local.test,1
Activity/Property-Set,TreatyInNPSetTotalActualLimits.xml,Rule-Obj-Activity,TempCurrGrandTotalPremium.pxResults(<APPEND>).Currency,.Currency
Activity/Property-Set,TreatyInNPSetTotalActualLimits.xml,Rule-Obj-Activity,TreatyIn.ActualValue.TotalLimitDeductblNP(<APPEND>).Currency,TreatyIn.ActualValue.Limits(1).Currency
Activity/Property-Set,TreatyInNPSetTotalActualLimits.xml,Rule-Obj-Activity,TreatyIn.ActualValue.TotalLimitDeductblNP(<APPEND>).Currency,TreatyIn.ActualValue.Limits(1).Currency2
Activity/Property-Set,TreatyInNPSetTotalActualLimits.xml,Rule-Obj-Activity,TreatyIn.ActualValue.TotalLimitDeductblNP(<LAST>).Value,local.Value
Activity/Property-Set,TreatyInNPSetTotalActualLimits.xml,Rule-Obj-Activity,TreatyIn.ActualValue.TotalLimitDeductblNP(<LAST>).Value,local.Value2
Activity/Property-Set,TreatyInNPSetTotalActualLimits.xml,Rule-Obj-Activity,TreatyIn.ActualValue.TotalLimitIOONP(<APPEND>).Currency,TreatyIn.ActualValue.Limits(1).Currency
Activity/Property-Set,TreatyInNPSetTotalActualLimits.xml,Rule-Obj-Activity,TreatyIn.ActualValue.TotalLimitIOONP(<APPEND>).Currency,TreatyIn.ActualValue.Limits(1).Currency2
Activity/Property-Set,TreatyInNPSetTotalActualLimits.xml,Rule-Obj-Activity,TreatyIn.ActualValue.TotalLimitIOONP(<LAST>).Value,local.Value
Activity/Property-Set,TreatyInNPSetTotalActualLimits.xml,Rule-Obj-Activity,TreatyIn.ActualValue.TotalLimitIOONP(<LAST>).Value,local.Value2
Activity/Property-Set,TreatyInNPSetTotalActualLimits.xml,Rule-Obj-Activity,TreatyIn.ActualValue.TotalLimitMDPNP(<CURRENT>).Currency,local.Currency
Activity/Property-Set,TreatyInNPSetTotalActualLimits.xml,Rule-Obj-Activity,TreatyIn.ActualValue.TotalLimitMDPNP(<CURRENT>).Value,Local.mdpvalue
Activity/Property-Set,TreatyInNPSetTotalActualLimits.xml,Rule-Obj-Activity,TreatyIn.ActualValue.TotalLimitPremiEarnNP(<CURRENT>).Currency,local.Currency
Activity/Property-Set,TreatyInNPSetTotalActualLimits.xml,Rule-Obj-Activity,TreatyIn.ActualValue.TotalLimitPremiEarnNP(<CURRENT>).Value,Local.premiumearnvalue
Activity/Property-Set,TreatyInNPSetTotalActualLimits.xml,Rule-Obj-Activity,TreatyIn.ActualValue.TotalLimitsROL,TreatyIn.ActualValue.TotalLimitsROL + .ROLPct
Activity/Property-Set,TreatyInNPSetTotalActualLimits.xml,Rule-Obj-Activity,TreatyIn.TotalLimitDeductblNP(<APPEND>).Currency,.Currency
Activity/Property-Set,TreatyInNPSetTotalActualLimits.xml,Rule-Obj-Activity,TreatyIn.TotalLimitIOONP(<APPEND>).Currency,.Currency
Activity/Property-Set,TreatyInNPSetTotalActualLimits.xml,Rule-Obj-Activity,TreatyIn.TotalLimitMDPNP(<APPEND>).Currency,.Currency
Activity/Property-Set,TreatyInNPSetTotalActualLimits.xml,Rule-Obj-Activity,TreatyIn.TotalLimitPremiEarnNP(<APPEND>).Currency,.Currency
Activity/Property-Set,TreatyInNPSetTotalActualLimits.xml,Rule-Obj-Activity,local.Value,local.Value + .Deductible
Activity/Property-Set,TreatyInNPSetTotalActualLimits.xml,Rule-Obj-Activity,local.Value,local.Value + .Limit
Activity/Property-Set,TreatyInNPSetTotalActualLimits.xml,Rule-Obj-Activity,local.Value2,local.Value2 + .Limit2
Activity/Property-Set,TreatyInNPSetTotalActualLimits.xml,Rule-Obj-Activity,local.Value2,local.Value2 + @toDecimal(.Deductible2)
Activity/Property-Set,TreatyInNPSetTotalActualLimits.xml,Rule-Obj-Activity,param.deductiblecurrency,.LayerList(1).Currency
Activity/Property-Set,TreatyInNPSetTotalActualLimits.xml,Rule-Obj-Activity,param.deductiblevalue,.LayerList(1).Deductible + @toDecimal(param.deductiblevalue)
Activity/Property-Set,TreatyInNPSetTotalActualLimits.xml,Rule-Obj-Activity,param.limitcurrency,.LayerList(1).Currency
Activity/Property-Set,TreatyInNPSetTotalActualLimits.xml,Rule-Obj-Activity,param.limitvalue,.LayerList(1).IOOLimit + @toDecimal(param.limitvalue)
Activity/Property-Set,TreatyInNPSetTotalActualShare.xml,Rule-Obj-Activity,.Value,.Value + Local.Value
Activity/Property-Set,TreatyInNPSetTotalActualShare.xml,Rule-Obj-Activity,.Value,.Value + local.Value
Activity/Property-Set,TreatyInNPSetTotalActualShare.xml,Rule-Obj-Activity,.Value,.Value+ Local.Value
Activity/Property-Set,TreatyInNPSetTotalActualShare.xml,Rule-Obj-Activity,Local.Currency,.Currency
Activity/Property-Set,TreatyInNPSetTotalActualShare.xml,Rule-Obj-Activity,Local.Value,.Value
Activity/Property-Set,TreatyInNPSetTotalActualShare.xml,Rule-Obj-Activity,Local.test,0
Activity/Property-Set,TreatyInNPSetTotalActualShare.xml,Rule-Obj-Activity,Local.test,1
Activity/Property-Set,TreatyInNPSetTotalActualShare.xml,Rule-Obj-Activity,TempCurrGrandTotalLimit.pxResults(<APPEND>).Currency,.Currency
Activity/Property-Set,TreatyInNPSetTotalActualShare.xml,Rule-Obj-Activity,TreatyIn.ActualValue.TotalFacShareDeductionNP(<APPEND>).Currency,.Currency
Activity/Property-Set,TreatyInNPSetTotalActualShare.xml,Rule-Obj-Activity,TreatyIn.ActualValue.TotalFacShareDeductionNP(<LAST>).Value,.Value
Activity/Property-Set,TreatyInNPSetTotalActualShare.xml,Rule-Obj-Activity,TreatyIn.ActualValue.TotalFacShareGrossNP(<APPEND>).Currency,.Currency
Activity/Property-Set,TreatyInNPSetTotalActualShare.xml,Rule-Obj-Activity,TreatyIn.ActualValue.TotalFacShareGrossNP(<LAST>).Value,.Value
Activity/Property-Set,TreatyInNPSetTotalActualShare.xml,Rule-Obj-Activity,TreatyIn.ActualValue.TotalFacShareNetNP(<APPEND>).Currency,.Currency
Activity/Property-Set,TreatyInNPSetTotalActualShare.xml,Rule-Obj-Activity,TreatyIn.ActualValue.TotalFacShareNetNP(<LAST>).Value,.Value
Activity/Property-Set,TreatyInNPSetTotalActualShare.xml,Rule-Obj-Activity,TreatyIn.ActualValue.TotalFacShareRnmNP(<APPEND>).Currency,.Currency
Activity/Property-Set,TreatyInNPSetTotalActualShare.xml,Rule-Obj-Activity,TreatyIn.ActualValue.TotalFacShareRnmNP(<LAST>).Value,.Value
Activity/Property-Set,TreatyInNPSetTotalActualShare.xml,Rule-Obj-Activity,TreatyIn.ActualValue.TotalShareDeductionNP(<APPEND>).Currency,.Currency
Activity/Property-Set,TreatyInNPSetTotalActualShare.xml,Rule-Obj-Activity,TreatyIn.ActualValue.TotalShareDeductionNP(<LAST>).Value,.Value
Activity/Property-Set,TreatyInNPSetTotalActualShare.xml,Rule-Obj-Activity,TreatyIn.ActualValue.TotalShareGrossNP(<APPEND>).Currency,.Currency
Activity/Property-Set,TreatyInNPSetTotalActualShare.xml,Rule-Obj-Activity,TreatyIn.ActualValue.TotalShareGrossNP(<LAST>).Value,.Value
Activity/Property-Set,TreatyInNPSetTotalActualShare.xml,Rule-Obj-Activity,TreatyIn.ActualValue.TotalShareNetNP(<APPEND>).Currency,.Currency
Activity/Property-Set,TreatyInNPSetTotalActualShare.xml,Rule-Obj-Activity,TreatyIn.ActualValue.TotalShareNetNP(<LAST>).Value,.Value
Activity/Property-Set,TreatyInNPSetTotalActualShare.xml,Rule-Obj-Activity,TreatyIn.ActualValue.TotalShareRnmNP(<APPEND>).Currency,.Currency
Activity/Property-Set,TreatyInNPSetTotalActualShare.xml,Rule-Obj-Activity,TreatyIn.ActualValue.TotalShareRnmNP(<LAST>).Value,.Value
Activity/Property-Set,TreatyInNPSetTotalActualShare.xml,Rule-Obj-Activity,param.deductiblecurrency,.LayerList(1).Currency
Activity/Property-Set,TreatyInNPSetTotalActualShare.xml,Rule-Obj-Activity,param.deductiblevalue,.LayerList(1).Deductible + @toDecimal(param.deductiblevalue)
Activity/Property-Set,TreatyInNPSetTotalActualShare.xml,Rule-Obj-Activity,param.limitcurrency,.LayerList(1).Currency
Activity/Property-Set,TreatyInNPSetTotalActualShare.xml,Rule-Obj-Activity,param.limitvalue,.LayerList(1).IOOLimit + @toDecimal(param.limitvalue)
Activity/Property-Set,TreatyInNonAddItem.xml,Rule-Obj-Activity,.Amount,"Local.Limit * @divide(.SharePct,100,2)"
Activity/Property-Set,TreatyInNonAddItem.xml,Rule-Obj-Activity,.Amount2,"Local.Limit2 * @divide(.SharePct,100,2)"
Activity/Property-Set,TreatyInNonAddItem.xml,Rule-Obj-Activity,.EGNPI(<APPEND>).ID,""""""
Activity/Property-Set,TreatyInNonAddItem.xml,Rule-Obj-Activity,.EGNPI(<LAST>).Currency,TreatyIn.Retention(1).Currency
Activity/Property-Set,TreatyInNonAddItem.xml,Rule-Obj-Activity,.EGNPI(<LAST>).CurrencyID,TreatyIn.Retention(1).CurrencyID
Activity/Property-Set,TreatyInNonAddItem.xml,Rule-Obj-Activity,.RNMShare,TreatyIn.RNMShare
Activity/Property-Set,TreatyInNonAddItem.xml,Rule-Obj-Activity,.RnmGrossPremiDisplay,.GrossPremiumList
Activity/Property-Set,TreatyInNonAddItem.xml,Rule-Obj-Activity,.RnmLimitListDisplay,.RnmLimitList
Activity/Property-Set,TreatyInNonAddItem.xml,Rule-Obj-Activity,.ShareFacultativeReinsurers,TreatyIn.ShareFacultativeReinsurers
Activity/Property-Set,TreatyInNonAddItem.xml,Rule-Obj-Activity,.Value,TreatyIn.FacultativeShareList(Local.index).GrossPremiumList(.pxListSubscript).Value
Activity/Property-Set,TreatyInNonAddItem.xml,Rule-Obj-Activity,.Value,TreatyIn.Share(Local.index).GrossPremiumList(.pxListSubscript).Value
Activity/Property-Set,TreatyInNonAddItem.xml,Rule-Obj-Activity,Local.Index2,
Activity/Property-Set,TreatyInNonAddItem.xml,Rule-Obj-Activity,Local.Limit,.Limit
Activity/Property-Set,TreatyInNonAddItem.xml,Rule-Obj-Activity,Local.Limit,0
Activity/Property-Set,TreatyInNonAddItem.xml,Rule-Obj-Activity,Local.Limit2,.Limit2
Activity/Property-Set,TreatyInNonAddItem.xml,Rule-Obj-Activity,Local.Limit2,0
Activity/Property-Set,TreatyInNonAddItem.xml,Rule-Obj-Activity,Local.ShareCalc,TreatyIn.RNMShare
Activity/Property-Set,TreatyInNonAddItem.xml,Rule-Obj-Activity,Local.ShareCalc,TreatyIn.RNMShare - TreatyIn.FacultativeShare
Activity/Property-Set,TreatyInNonAddItem.xml,Rule-Obj-Activity,Local.index,.pxListSubscript
Activity/Property-Set,TreatyInNonAddItem.xml,Rule-Obj-Activity,Param.errmsg,"""Value Cannot Be Empty"""
Activity/Property-Set,TreatyInNonAddItem.xml,Rule-Obj-Activity,TreatyIn.EGNPI(<APPEND>).ID,""""""
Activity/Property-Set,TreatyInNonAddItem.xml,Rule-Obj-Activity,TreatyIn.EGNPI(<LAST>).Currency,TreatyIn.Retention(1).Currency
Activity/Property-Set,TreatyInNonAddItem.xml,Rule-Obj-Activity,TreatyIn.EGNPI(<LAST>).CurrencyID,TreatyIn.Retention(1).CurrencyID
Activity/Property-Set,TreatyInNonAddItem.xml,Rule-Obj-Activity,TreatyIn.FacultativeShareList(<APPEND>).LayerType,.LayerType
Activity/Property-Set,TreatyInNonAddItem.xml,Rule-Obj-Activity,TreatyIn.FacultativeShareList(<LAST>).ClassofBusinessList,.LayerList
Activity/Property-Set,TreatyInNonAddItem.xml,Rule-Obj-Activity,TreatyIn.FacultativeShareList(<LAST>).Cover,.Cover
Activity/Property-Set,TreatyInNonAddItem.xml,Rule-Obj-Activity,TreatyIn.FacultativeShareList(<LAST>).GrossPremiumList(<APPEND>).Currency,.Currency
Activity/Property-Set,TreatyInNonAddItem.xml,Rule-Obj-Activity,TreatyIn.FacultativeShareList(<LAST>).GrossPremiumList(<LAST>).Value,".Value * @divide(TreatyIn.FacultativeShare,100,4)"
Activity/Property-Set,TreatyInNonAddItem.xml,Rule-Obj-Activity,TreatyIn.FacultativeShareList(<LAST>).Layer,.Layer
Activity/Property-Set,TreatyInNonAddItem.xml,Rule-Obj-Activity,TreatyIn.FacultativeShareList(<LAST>).LayerPart,.LayerPart
Activity/Property-Set,TreatyInNonAddItem.xml,Rule-Obj-Activity,TreatyIn.FacultativeShareList(<LAST>).LayerPartType,.LayerPartType
Activity/Property-Set,TreatyInNonAddItem.xml,Rule-Obj-Activity,TreatyIn.FacultativeShareList(<LAST>).Limit,.Limit
Activity/Property-Set,TreatyInNonAddItem.xml,Rule-Obj-Activity,TreatyIn.FacultativeShareList(<LAST>).Limit2,.Limit2
Activity/Property-Set,TreatyInNonAddItem.xml,Rule-Obj-Activity,TreatyIn.FacultativeShareList(<LAST>).NetPremiumList,TreatyIn.FacultativeShareList(<LAST>).GrossPremiumList
Activity/Property-Set,TreatyInNonAddItem.xml,Rule-Obj-Activity,TreatyIn.FacultativeShareList(<LAST>).RnmLimitList(<APPEND>).Currency,.Currency
Activity/Property-Set,TreatyInNonAddItem.xml,Rule-Obj-Activity,TreatyIn.FacultativeShareList(<LAST>).RnmLimitList(<APPEND>).Currency,.Currency2
Activity/Property-Set,TreatyInNonAddItem.xml,Rule-Obj-Activity,TreatyIn.FacultativeShareList(<LAST>).RnmLimitList(<LAST>).Value,".Limit * @divide(TreatyIn.FacultativeShare,100,4)"
Activity/Property-Set,TreatyInNonAddItem.xml,Rule-Obj-Activity,TreatyIn.FacultativeShareList(<LAST>).RnmLimitList(<LAST>).Value,".Limit2 * @divide(TreatyIn.FacultativeShare,100,4)"
Activity/Property-Set,TreatyInNonAddItem.xml,Rule-Obj-Activity,TreatyIn.FacultativeShareList(<LAST>).TreatyGroupList,.TreatyGroupList
Activity/Property-Set,TreatyInNonAddItem.xml,Rule-Obj-Activity,TreatyIn.Installment(<APPEND>).ID,""""""
Activity/Property-Set,TreatyInNonAddItem.xml,Rule-Obj-Activity,TreatyIn.Installment(<LAST>).Currency,.Currency
Activity/Property-Set,TreatyInNonAddItem.xml,Rule-Obj-Activity,TreatyIn.Limits(<APPEND>).ID,@SizeOfPropertyList(TreatyIn.Limits)
Activity/Property-Set,TreatyInNonAddItem.xml,Rule-Obj-Activity,TreatyIn.Retention(<APPEND>).ID,""""""
Activity/Property-Set,TreatyInNonAddItem.xml,Rule-Obj-Activity,TreatyIn.RnmShareDeducted,local.ShareCalc
Activity/Property-Set,TreatyInNonAddItem.xml,Rule-Obj-Activity,TreatyIn.Share(<APPEND>).LayerType,.LayerType
Activity/Property-Set,TreatyInNonAddItem.xml,Rule-Obj-Activity,TreatyIn.Share(<LAST>).ClassofBusinessList,.LayerList
Activity/Property-Set,TreatyInNonAddItem.xml,Rule-Obj-Activity,TreatyIn.Share(<LAST>).Cover,.Cover
Activity/Property-Set,TreatyInNonAddItem.xml,Rule-Obj-Activity,TreatyIn.Share(<LAST>).GrossPremiumList(<APPEND>).Currency,.Currency
Activity/Property-Set,TreatyInNonAddItem.xml,Rule-Obj-Activity,TreatyIn.Share(<LAST>).GrossPremiumList(<LAST>).Value,".Value * @divide(Local.ShareCalc,100,4)"
Activity/Property-Set,TreatyInNonAddItem.xml,Rule-Obj-Activity,TreatyIn.Share(<LAST>).GrossPremiumList(<LAST>).Value,".Value * @divide(Local.ShareCalc,100,4) * @divide(TreatyIn.ProRatePercent,100,4)"
Activity/Property-Set,TreatyInNonAddItem.xml,Rule-Obj-Activity,TreatyIn.Share(<LAST>).GrossPremiumMinList(<APPEND>).Currency,.Currency
Activity/Property-Set,TreatyInNonAddItem.xml,Rule-Obj-Activity,TreatyIn.Share(<LAST>).GrossPremiumMinList(<LAST>).Value,".Value * @divide(Local.ShareCalc,100,4)"
Activity/Property-Set,TreatyInNonAddItem.xml,Rule-Obj-Activity,TreatyIn.Share(<LAST>).Layer,.Layer
Activity/Property-Set,TreatyInNonAddItem.xml,Rule-Obj-Activity,TreatyIn.Share(<LAST>).LayerPart,.LayerPart
Activity/Property-Set,TreatyInNonAddItem.xml,Rule-Obj-Activity,TreatyIn.Share(<LAST>).LayerPartType,.LayerPartType
Activity/Property-Set,TreatyInNonAddItem.xml,Rule-Obj-Activity,TreatyIn.Share(<LAST>).NetPremiumList,TreatyIn.Share(<LAST>).GrossPremiumList
Activity/Property-Set,TreatyInNonAddItem.xml,Rule-Obj-Activity,TreatyIn.Share(<LAST>).RnmLimitList(<APPEND>).Currency,.Currency
Activity/Property-Set,TreatyInNonAddItem.xml,Rule-Obj-Activity,TreatyIn.Share(<LAST>).RnmLimitList(<APPEND>).Currency,.Currency2
Activity/Property-Set,TreatyInNonAddItem.xml,Rule-Obj-Activity,TreatyIn.Share(<LAST>).RnmLimitList(<LAST>).Value,".Limit * @divide(Local.ShareCalc,100,4)"
Activity/Property-Set,TreatyInNonAddItem.xml,Rule-Obj-Activity,TreatyIn.Share(<LAST>).RnmLimitList(<LAST>).Value,".Limit2 * @divide(Local.ShareCalc,100,4)"
Activity/Property-Set,TreatyInNonAddItem.xml,Rule-Obj-Activity,TreatyIn.Share(<LAST>).TreatyGroupList,.TreatyGroupList
Activity/Property-Set,TreatyInNonAddItem.xml,Rule-Obj-Activity,TreatyIn.ShareFacultativeReinsurers(<APPEND>).ID,""""""
Activity/Property-Set,TreatyInNonAddItem.xml,Rule-Obj-Activity,TreatyIn.ShareReins(<APPEND>).ID,""""""
Activity/Property-Set,TreatyInNonAddItem.xml,Rule-Obj-Activity,local.shareidx,.pxListSubscript
Activity/Property-Set,TreatyInNonSetTotal.xml,Rule-Obj-Activity,.Proportion,(.AmountIDR / TreatyIn.TotalEgnpiAmount) * 100
Activity/Property-Set,TreatyInNonSetTotal.xml,Rule-Obj-Activity,TreatyIn.Currency,TreatyIn.Retention(1).Currency
Activity/Property-Set,TreatyInNonSetTotal.xml,Rule-Obj-Activity,TreatyIn.CurrencyEgnpiAmount,"""IDR"""
Activity/Property-Set,TreatyInNonSetTotal.xml,Rule-Obj-Activity,TreatyIn.TotalEgnpiAmount,TreatyIn.TotalEgnpiAmount + .AmountIDR
Activity/Property-Set,TreatyInNonSetTotal.xml,Rule-Obj-Activity,TreatyIn.TotalEgnpiProportion,TreatyIn.TotalEgnpiProportion + .Proportion
Activity/Property-Set,TreatyInNonSetTotal.xml,Rule-Obj-Activity,TreatyIn.TotalInstallmentAmount,TreatyIn.TotalInstallmentAmount + .Amount
Activity/Property-Set,TreatyInNonSetTotal.xml,Rule-Obj-Activity,TreatyIn.TotalInstallmentPct,TreatyIn.TotalInstallmentPct + .InstallmentPct
Activity/Property-Set,TreatyInNonSetTotal.xml,Rule-Obj-Activity,TreatyIn.TotalLimitsAdjPct,TreatyIn.TotalLimitsAdjPct + .AdjRate
Activity/Property-Set,TreatyInNonSetTotal.xml,Rule-Obj-Activity,TreatyIn.TotalLimitsDeductible,TreatyIn.TotalLimitsDeductible + .Deductible
Activity/Property-Set,TreatyInNonSetTotal.xml,Rule-Obj-Activity,TreatyIn.TotalLimitsIOOLimit,TreatyIn.TotalLimitsIOOLimit + .Limit
Activity/Property-Set,TreatyInNonSetTotal.xml,Rule-Obj-Activity,TreatyIn.TotalLimitsMdp,TreatyIn.TotalLimitsMdp + .MDP
Activity/Property-Set,TreatyInNonSetTotal.xml,Rule-Obj-Activity,TreatyIn.TotalLimitsPremiumEarned,TreatyIn.TotalLimitsPremiumEarned + .PremiumEarned
Activity/Property-Set,TreatyInNonSetTotal.xml,Rule-Obj-Activity,TreatyIn.TotalLimitsROL,(TreatyIn.TotalLimitsPremiumEarned / TreatyIn.TotalLimitsIOOLimit) * 100
Activity/Property-Set,TreatyInNonSetTotal.xml,Rule-Obj-Activity,TreatyIn.TotalRetentionAmount,TreatyIn.TotalRetentionAmount + .Amount
Activity/Property-Set,TreatyInNonSetTotal.xml,Rule-Obj-Activity,TreatyIn.TotalShareGross,TreatyIn.TotalShareGross + .GrossPremium
Activity/Property-Set,TreatyInNonSetTotal.xml,Rule-Obj-Activity,TreatyIn.TotalShareNet,TreatyIn.TotalShareNet + .NetPremium
Activity/Property-Set,TreatyInNonSetTotal.xml,Rule-Obj-Activity,TreatyIn.TotalShareRnmLimit,TreatyIn.TotalShareRnmLimit + .NusareLimit
Activity/Property-Set,TreatyInPopulateDetail.xml,Rule-Obj-Activity,test.pxResults(<APPEND>).CARI1,TreatyIn.Ceding
Activity/Property-Set,TreatyInPropAdd.xml,Rule-Obj-Activity,TreatyIn.Limits(<APPEND>).ID,""""""
Activity/Property-Set,TreatyInPropAdd.xml,Rule-Obj-Activity,TreatyIn.Portfolio(<APPEND>).Description,""""""
Activity/Property-Set,TreatyInPropshare.xml,Rule-Obj-Activity,.Brokerage,TreatyIn.BrokeragePercentP
Activity/Property-Set,TreatyInPropshare.xml,Rule-Obj-Activity,.Currency,.CurrencyIOOLimit
Activity/Property-Set,TreatyInPropshare.xml,Rule-Obj-Activity,.NusaReLimit,".Cession * @divide( TreatyIn.RNMShareP, 100, 4)"
Activity/Property-Set,TreatyInPropshare.xml,Rule-Obj-Activity,.RNMShare,TreatyIn.RNMShareP
Activity/Property-Set,TreatyInPropshare.xml,Rule-Obj-Activity,.Value,Local.Value + .Value
Activity/Property-Set,TreatyInPropshare.xml,Rule-Obj-Activity,Local.Currency,.Currency
Activity/Property-Set,TreatyInPropshare.xml,Rule-Obj-Activity,Local.ErrorFlag,""""""
Activity/Property-Set,TreatyInPropshare.xml,Rule-Obj-Activity,Local.ErrorFlag,1
Activity/Property-Set,TreatyInPropshare.xml,Rule-Obj-Activity,Local.Spreading,.SpreadingTypeID
Activity/Property-Set,TreatyInPropshare.xml,Rule-Obj-Activity,Local.TrtGroup,.TreatyGroup
Activity/Property-Set,TreatyInPropshare.xml,Rule-Obj-Activity,Local.TrtKind,.TreatyType
Activity/Property-Set,TreatyInPropshare.xml,Rule-Obj-Activity,Local.Value,.Value
Activity/Property-Set,TreatyInPropshare.xml,Rule-Obj-Activity,Local.test,0
Activity/Property-Set,TreatyInPropshare.xml,Rule-Obj-Activity,Local.test,1
Activity/Property-Set,TreatyInPropshare.xml,Rule-Obj-Activity,Param.ErrorSpreading,"""Spreading is incomplete at : "" + Local.TrtKind + "" ; "" + Local.TrtGroup"
Activity/Property-Set,TreatyInPropshare.xml,Rule-Obj-Activity,TreatyIn.TotalShareRnmProp(<APPEND>).Currency,.Currency
Activity/Property-Set,TreatyInPropshare.xml,Rule-Obj-Activity,TreatyIn.TotalShareRnmProp(<LAST>).Value,.Value
Activity/Property-Set,TreatyInPropshare.xml,Rule-Obj-Activity,TreatyIn.TotalSpreadedRnmProp(<APPEND>).Currency,.Currency
Activity/Property-Set,TreatyInPropshare.xml,Rule-Obj-Activity,TreatyIn.TotalSpreadedRnmProp(<LAST>).Value,.Value
Activity/Property-Set,TreatyInPropshare.xml,Rule-Obj-Activity,TreatyIn.TotalSpreadedRnmRIProp(<APPEND>).Currency,.Currency
Activity/Property-Set,TreatyInPropshare.xml,Rule-Obj-Activity,TreatyIn.TotalSpreadedRnmRIProp(<LAST>).Value,.Value
Activity/Property-Set,TreatyInPropshare.xml,Rule-Obj-Activity,param.TreatyType,.TreatyType
Activity/Property-Set,TreatyInPropshare.xml,Rule-Obj-Activity,param.type,"""calculate"""
Activity/Property-Set,TreatyInPropshareDetail.xml,Rule-Obj-Activity,.Value,Local.Value + .Value
Activity/Property-Set,TreatyInPropshareDetail.xml,Rule-Obj-Activity,Local.Currency,.Currency
Activity/Property-Set,TreatyInPropshareDetail.xml,Rule-Obj-Activity,Local.ErrorFlag,1
Activity/Property-Set,TreatyInPropshareDetail.xml,Rule-Obj-Activity,Local.TrtGroup,.TreatyGroup
Activity/Property-Set,TreatyInPropshareDetail.xml,Rule-Obj-Activity,Local.TrtKind,.TreatyType
Activity/Property-Set,TreatyInPropshareDetail.xml,Rule-Obj-Activity,Local.Value,.Value
Activity/Property-Set,TreatyInPropshareDetail.xml,Rule-Obj-Activity,Local.test,0
Activity/Property-Set,TreatyInPropshareDetail.xml,Rule-Obj-Activity,Local.test,1
Activity/Property-Set,TreatyInPropshareDetail.xml,Rule-Obj-Activity,TreatyIn.TotalShareRnmProp(<APPEND>).Currency,.Currency
Activity/Property-Set,TreatyInPropshareDetail.xml,Rule-Obj-Activity,TreatyIn.TotalShareRnmProp(<LAST>).Value,.Value
Activity/Property-Set,TreatyInPropshareDetail.xml,Rule-Obj-Activity,TreatyIn.TotalSpreadedRnmProp(<APPEND>).Currency,.Currency
Activity/Property-Set,TreatyInPropshareDetail.xml,Rule-Obj-Activity,TreatyIn.TotalSpreadedRnmProp(<LAST>).Value,.Value
Activity/Property-Set,TreatyInPropshareDetail.xml,Rule-Obj-Activity,TreatyIn.TotalSpreadedRnmRIProp(<APPEND>).Currency,.Currency
Activity/Property-Set,TreatyInPropshareDetail.xml,Rule-Obj-Activity,TreatyIn.TotalSpreadedRnmRIProp(<LAST>).Value,.Value
Activity/Property-Set,TreatyInPropshareDetail.xml,Rule-Obj-Activity,param.TreatyType,.TreatyType
Activity/Property-Set,TreatyInPropshareDetail.xml,Rule-Obj-Activity,param.type,"""calculate"""
Activity/Property-Set,TreatyInRevisi_post.xml,Rule-Obj-Activity,InputData.CARI1,"TreatyIn.ID + ""%"""
Activity/Property-Set,TreatyInRevisi_post.xml,Rule-Obj-Activity,TreatyIn.ID,"@If(@substring(TreatyIn.ID,10,12)<10,@substring(TreatyIn.ID,0,7)+""/R0""+(@toInt(@substring(TreatyIn.ID,10,12))+1),@substr"
Activity/Property-Set,TreatyInRevisi_post.xml,Rule-Obj-Activity,TreatyIn.ID,"TreatyIn.ID+""/R01"""
Activity/Property-Set,TreatyInRevisi_post.xml,Rule-Obj-Activity,TreatyIn.OLDID,TreatyIn.ID
Activity/Property-Set,TreatyInSaveROL.xml,Rule-Obj-Activity,.IsROLProfile,TempTreatyIn.Limits(local.idxlimit).TreatyGroupList(<CURRENT>).IsROLProfile
Activity/Property-Set,TreatyInSaveROL.xml,Rule-Obj-Activity,Local.TreatyInID,TreatyIn.ID
Activity/Property-Set,TreatyInSaveROL.xml,Rule-Obj-Activity,OutputParam.ERRMSG,""""""
Activity/Property-Set,TreatyInSaveROL.xml,Rule-Obj-Activity,local.error,""""""
Activity/Property-Set,TreatyInSaveROL.xml,Rule-Obj-Activity,local.error,"""There is a duplicate ROL Profile"""
Activity/Property-Set,TreatyInSaveROL.xml,Rule-Obj-Activity,local.flagdupe,0
Activity/Property-Set,TreatyInSaveROL.xml,Rule-Obj-Activity,local.flagdupe,local.flagdupe + 1
Activity/Property-Set,TreatyInSaveROL.xml,Rule-Obj-Activity,local.idxlimit,.pxListSubscript
Activity/Property-Set,TreatyInSetAccountReport.xml,Rule-Obj-Activity,TreatyIn.AccumulationList(<APPEND>).Period,local.periodsymbol + local.Loop
Activity/Property-Set,TreatyInSetAccountReport.xml,Rule-Obj-Activity,TreatyIn.AccumulationList(<LAST>).ReportDate,local.TempDate
Activity/Property-Set,TreatyInSetAccountReport.xml,Rule-Obj-Activity,TreatyIn.AccumulationList(<LAST>).ReportDate,local.startdate
Activity/Property-Set,TreatyInSetAccountReport.xml,Rule-Obj-Activity,local.Loop,0
Activity/Property-Set,TreatyInSetAccountReport.xml,Rule-Obj-Activity,local.Loop,local.Loop+1
Activity/Property-Set,TreatyInSetAccountReport.xml,Rule-Obj-Activity,local.TempDate,"@addCalendar(local.TempDate,'0',local.interval,'0','0','0','0','0')"
Activity/Property-Set,TreatyInSetAccountReport.xml,Rule-Obj-Activity,local.TempDate,"@addCalendar(local.startdate,'0',local.interval,'0','0','0','0','0')"
Activity/Property-Set,TreatyInSetAccountReport.xml,Rule-Obj-Activity,local.adddateconfirmation,TreatyIn.ReportingConfirmation
Activity/Property-Set,TreatyInSetAccountReport.xml,Rule-Obj-Activity,local.adddatesettlement,TreatyIn.ReportingSettlement
Activity/Property-Set,TreatyInSetAccountReport.xml,Rule-Obj-Activity,local.adddatesubmission,TreatyIn.ReportingSubmission
Activity/Property-Set,TreatyInSetAccountReport.xml,Rule-Obj-Activity,local.duration,"@DateTimeDifference(TreatyIn.ReportingStart , TreatyIn.ReportingEnd ,'M')"
Activity/Property-Set,TreatyInSetAccountReport.xml,Rule-Obj-Activity,local.duration,local.duration/local.interval + 1
Activity/Property-Set,TreatyInSetAccountReport.xml,Rule-Obj-Activity,local.interval,1
Activity/Property-Set,TreatyInSetAccountReport.xml,Rule-Obj-Activity,local.interval,3
Activity/Property-Set,TreatyInSetAccountReport.xml,Rule-Obj-Activity,local.interval,6
Activity/Property-Set,TreatyInSetAccountReport.xml,Rule-Obj-Activity,local.periodsymbol,"""H """
Activity/Property-Set,TreatyInSetAccountReport.xml,Rule-Obj-Activity,local.periodsymbol,"""M """
Activity/Property-Set,TreatyInSetAccountReport.xml,Rule-Obj-Activity,local.periodsymbol,"""Q """
Activity/Property-Set,TreatyInSetAccountReport.xml,Rule-Obj-Activity,local.startdate,TreatyIn.ReportingStart
Activity/Property-Set,TreatyInSetBrokerage.xml,Rule-Obj-Activity,.DeductionList(<APPEND>).Comment,"""Brokerage fee"""
Activity/Property-Set,TreatyInSetBrokerage.xml,Rule-Obj-Activity,.DeductionList(<APPEND>).Comment,"""Overiding Commision"""
Activity/Property-Set,TreatyInSetBrokerage.xml,Rule-Obj-Activity,.DeductionList(<LAST>).DeductionPct,TreatyIn.BrokeragePercent
Activity/Property-Set,TreatyInSetBrokerage.xml,Rule-Obj-Activity,.DeductionList(<LAST>).DeductionPct,TreatyIn.FacultativeShareBrokerage
Activity/Property-Set,TreatyInSetBrokerage.xml,Rule-Obj-Activity,.DeductionList(<LAST>).DeductionPctCalculate,true
Activity/Property-Set,TreatyInSetBrokerage.xml,Rule-Obj-Activity,.Value,Local.Value + .Value
Activity/Property-Set,TreatyInSetBrokerage.xml,Rule-Obj-Activity,Local.Currency,.Currency
Activity/Property-Set,TreatyInSetBrokerage.xml,Rule-Obj-Activity,Local.Value,.Value
Activity/Property-Set,TreatyInSetBrokerage.xml,Rule-Obj-Activity,Local.test,0
Activity/Property-Set,TreatyInSetBrokerage.xml,Rule-Obj-Activity,Local.test,1
Activity/Property-Set,TreatyInSetBrokerage.xml,Rule-Obj-Activity,TreatyIn.FacultativeShareList (local.index).RNMSpreadedListDeductRIXOL(<APPEND>).Value,((100-local.QSPCT)/100) * .Value
Activity/Property-Set,TreatyInSetBrokerage.xml,Rule-Obj-Activity,TreatyIn.FacultativeShareList (local.index).RNMSpreadedListDeductRIXOL(<LAST>).Currency,.Currency
Activity/Property-Set,TreatyInSetBrokerage.xml,Rule-Obj-Activity,TreatyIn.FacultativeShareList (local.index).RNMSpreadedListDeductXOL(<APPEND>).Value,(local.QSPCT/100) * .Value
Activity/Property-Set,TreatyInSetBrokerage.xml,Rule-Obj-Activity,TreatyIn.FacultativeShareList (local.index).RNMSpreadedListDeductXOL(<LAST>).Currency,.Currency
Activity/Property-Set,TreatyInSetBrokerage.xml,Rule-Obj-Activity,TreatyIn.FacultativeShareList (local.index).RNMSpreadedListNetRIXOL(<APPEND>).Value,((100-local.QSPCT)/100) * .Value
Activity/Property-Set,TreatyInSetBrokerage.xml,Rule-Obj-Activity,TreatyIn.FacultativeShareList (local.index).RNMSpreadedListNetRIXOL(<LAST>).Currency,.Currency
Activity/Property-Set,TreatyInSetBrokerage.xml,Rule-Obj-Activity,TreatyIn.FacultativeShareList (local.index).RNMSpreadedListNetXOL(<APPEND>).Value,(local.QSPCT/100) * .Value
Activity/Property-Set,TreatyInSetBrokerage.xml,Rule-Obj-Activity,TreatyIn.FacultativeShareList (local.index).RNMSpreadedListNetXOL(<LAST>).Currency,.Currency
Activity/Property-Set,TreatyInSetBrokerage.xml,Rule-Obj-Activity,TreatyIn.Share(local.index).RNMSpreadedListDeductRIXOL(<APPEND>).Value,((100-local.QSPCT)/100) * .Value
Activity/Property-Set,TreatyInSetBrokerage.xml,Rule-Obj-Activity,TreatyIn.Share(local.index).RNMSpreadedListDeductRIXOL(<LAST>).Currency,.Currency
Activity/Property-Set,TreatyInSetBrokerage.xml,Rule-Obj-Activity,TreatyIn.Share(local.index).RNMSpreadedListDeductRIXOL(<LAST>).Value,"((100-local.QSPCT)/100) *  (@divide(85,100,8)*.Value)"
Activity/Property-Set,TreatyInSetBrokerage.xml,Rule-Obj-Activity,TreatyIn.Share(local.index).RNMSpreadedListDeductXOL(<APPEND>).Value,(local.QSPCT/100) * .Value
Activity/Property-Set,TreatyInSetBrokerage.xml,Rule-Obj-Activity,TreatyIn.Share(local.index).RNMSpreadedListDeductXOL(<LAST>).Currency,.Currency
Activity/Property-Set,TreatyInSetBrokerage.xml,Rule-Obj-Activity,TreatyIn.Share(local.index).RNMSpreadedListDeductXOL(<LAST>).Value,"(local.QSPCT/100) *  (@divide(85,100,8)*.Value)"
Activity/Property-Set,TreatyInSetBrokerage.xml,Rule-Obj-Activity,TreatyIn.Share(local.index).RNMSpreadedListNetRIXOL(<APPEND>).Value,((100-local.QSPCT)/100) * .Value
Activity/Property-Set,TreatyInSetBrokerage.xml,Rule-Obj-Activity,TreatyIn.Share(local.index).RNMSpreadedListNetRIXOL(<LAST>).Currency,.Currency
Activity/Property-Set,TreatyInSetBrokerage.xml,Rule-Obj-Activity,TreatyIn.Share(local.index).RNMSpreadedListNetRIXOL(<LAST>).Value,"((100-local.QSPCT)/100) *  (@divide(85,100,8)*.Value)"
Activity/Property-Set,TreatyInSetBrokerage.xml,Rule-Obj-Activity,TreatyIn.Share(local.index).RNMSpreadedListNetXOL(<APPEND>).Value,(local.QSPCT/100) * .Value
Activity/Property-Set,TreatyInSetBrokerage.xml,Rule-Obj-Activity,TreatyIn.Share(local.index).RNMSpreadedListNetXOL(<LAST>).Currency,.Currency
Activity/Property-Set,TreatyInSetBrokerage.xml,Rule-Obj-Activity,TreatyIn.Share(local.index).RNMSpreadedListNetXOL(<LAST>).Value,"(local.QSPCT/100) *  (@divide(85,100,8)*.Value)"
Activity/Property-Set,TreatyInSetBrokerage.xml,Rule-Obj-Activity,TreatyIn.TotalSpreadedNetPremi(<APPEND>).Currency,.Currency
Activity/Property-Set,TreatyInSetBrokerage.xml,Rule-Obj-Activity,TreatyIn.TotalSpreadedNetPremi(<LAST>).Value,.Value
Activity/Property-Set,TreatyInSetBrokerage.xml,Rule-Obj-Activity,TreatyIn.TotalSpreadedNetPremiRI (<APPEND>).Currency,.Currency
Activity/Property-Set,TreatyInSetBrokerage.xml,Rule-Obj-Activity,TreatyIn.TotalSpreadedNetPremiRI (<LAST>).Value,.Value
Activity/Property-Set,TreatyInSetBrokerage.xml,Rule-Obj-Activity,TreatyIn.TotalSpreadedRnmProp(<APPEND>).Currency,.Currency
Activity/Property-Set,TreatyInSetBrokerage.xml,Rule-Obj-Activity,TreatyIn.TotalSpreadedRnmProp(<LAST>).Value,.Value
Activity/Property-Set,TreatyInSetBrokerage.xml,Rule-Obj-Activity,TreatyIn.TotalSpreadedRnmRIProp(<APPEND>).Currency,.Currency
Activity/Property-Set,TreatyInSetBrokerage.xml,Rule-Obj-Activity,TreatyIn.TotalSpreadedRnmRIProp(<LAST>).Value,.Value
Activity/Property-Set,TreatyInSetBrokerage.xml,Rule-Obj-Activity,local.QSPCT,.Pct
Activity/Property-Set,TreatyInSetBrokerage.xml,Rule-Obj-Activity,local.deleteflag,0
Activity/Property-Set,TreatyInSetBrokerage.xml,Rule-Obj-Activity,local.deleteflag,1
Activity/Property-Set,TreatyInSetBrokerage.xml,Rule-Obj-Activity,local.index,.pxListSubscript
Activity/Property-Set,TreatyInSetBrokerage.xml,Rule-Obj-Activity,local.subscriptdelete,.pxListSubscript
Activity/Property-Set,TreatyInSetBrokerageActual.xml,Rule-Obj-Activity,.DeductionList(<APPEND>).Comment,"""Brokerage fee"""
Activity/Property-Set,TreatyInSetBrokerageActual.xml,Rule-Obj-Activity,.DeductionList(<APPEND>).Comment,"""Facultative Brokerage fee"""
Activity/Property-Set,TreatyInSetBrokerageActual.xml,Rule-Obj-Activity,.DeductionList(<LAST>).DeductionPct,TreatyIn.ActualValue.BrokeragePercent
Activity/Property-Set,TreatyInSetBrokerageActual.xml,Rule-Obj-Activity,.DeductionList(<LAST>).DeductionPct,TreatyIn.ActualValue.FacultativeShareBrokerage
Activity/Property-Set,TreatyInSetBrokerageActual.xml,Rule-Obj-Activity,.DeductionList(<LAST>).DeductionPctCalculate,true
Activity/Property-Set,TreatyInSetBrokerageActual.xml,Rule-Obj-Activity,TreatyIn.ActualValue.Share(local.index).RNMSpreadedListDeductRIXOL(<APPEND>).Value,((100-local.QSPCT)/100) * .Value
Activity/Property-Set,TreatyInSetBrokerageActual.xml,Rule-Obj-Activity,TreatyIn.ActualValue.Share(local.index).RNMSpreadedListDeductRIXOL(<LAST>).Currency,.Currency
Activity/Property-Set,TreatyInSetBrokerageActual.xml,Rule-Obj-Activity,TreatyIn.ActualValue.Share(local.index).RNMSpreadedListDeductXOL(<APPEND>).Value,(local.QSPCT/100) * .Value
Activity/Property-Set,TreatyInSetBrokerageActual.xml,Rule-Obj-Activity,TreatyIn.ActualValue.Share(local.index).RNMSpreadedListDeductXOL(<LAST>).Currency,.Currency
Activity/Property-Set,TreatyInSetBrokerageActual.xml,Rule-Obj-Activity,TreatyIn.ActualValue.Share(local.index).RNMSpreadedListGrossRIXOL(<APPEND>).Value,((100-local.QSPCT)/100) * .Value
Activity/Property-Set,TreatyInSetBrokerageActual.xml,Rule-Obj-Activity,TreatyIn.ActualValue.Share(local.index).RNMSpreadedListGrossRIXOL(<LAST>).Currency,.Currency
Activity/Property-Set,TreatyInSetBrokerageActual.xml,Rule-Obj-Activity,TreatyIn.ActualValue.Share(local.index).RNMSpreadedListGrossXOL(<APPEND>).Value,(local.QSPCT/100) * .Value
Activity/Property-Set,TreatyInSetBrokerageActual.xml,Rule-Obj-Activity,TreatyIn.ActualValue.Share(local.index).RNMSpreadedListGrossXOL(<LAST>).Currency,.Currency
Activity/Property-Set,TreatyInSetBrokerageActual.xml,Rule-Obj-Activity,TreatyIn.ActualValue.Share(local.index).RNMSpreadedListNetRIXOL(<APPEND>).Value,((100-local.QSPCT)/100) * .Value
Activity/Property-Set,TreatyInSetBrokerageActual.xml,Rule-Obj-Activity,TreatyIn.ActualValue.Share(local.index).RNMSpreadedListNetRIXOL(<LAST>).Currency,.Currency
Activity/Property-Set,TreatyInSetBrokerageActual.xml,Rule-Obj-Activity,TreatyIn.ActualValue.Share(local.index).RNMSpreadedListNetXOL(<APPEND>).Value,(local.QSPCT/100) * .Value
Activity/Property-Set,TreatyInSetBrokerageActual.xml,Rule-Obj-Activity,TreatyIn.ActualValue.Share(local.index).RNMSpreadedListNetXOL(<LAST>).Currency,.Currency
Activity/Property-Set,TreatyInSetBrokerageActual.xml,Rule-Obj-Activity,TreatyIn.ActualValue.Share(local.index).RNMSpreadedListRIXOL(<APPEND>).Value,((100-local.QSPCT)/100) * .Value
Activity/Property-Set,TreatyInSetBrokerageActual.xml,Rule-Obj-Activity,TreatyIn.ActualValue.Share(local.index).RNMSpreadedListRIXOL(<LAST>).Currency,.Currency
Activity/Property-Set,TreatyInSetBrokerageActual.xml,Rule-Obj-Activity,TreatyIn.ActualValue.Share(local.index).RNMSpreadedListXOL(<APPEND>).Value,(local.QSPCT/100) * .Value
Activity/Property-Set,TreatyInSetBrokerageActual.xml,Rule-Obj-Activity,TreatyIn.ActualValue.Share(local.index).RNMSpreadedListXOL(<LAST>).Currency,.Currency
Activity/Property-Set,TreatyInSetBrokerageActual.xml,Rule-Obj-Activity,local.QSPCT,.Pct
Activity/Property-Set,TreatyInSetBrokerageActual.xml,Rule-Obj-Activity,local.deleteflag,0
Activity/Property-Set,TreatyInSetBrokerageActual.xml,Rule-Obj-Activity,local.deleteflag,1
Activity/Property-Set,TreatyInSetBrokerageActual.xml,Rule-Obj-Activity,local.index,.pxListSubscript
Activity/Property-Set,TreatyInSetBrokerageActual.xml,Rule-Obj-Activity,local.subscriptdelete,.pxListSubscript
Activity/Property-Set,TreatyInSetReport.xml,Rule-Obj-Activity,TreatyIn.ReportingPeriodList(<APPEND>).Period,local.periodsymbol + local.Loop
Activity/Property-Set,TreatyInSetReport.xml,Rule-Obj-Activity,TreatyIn.ReportingPeriodList(<LAST>).ConfirmationDue,"@addCalendar(local.TempDate,'0','0','0',local.adddatesubmission + local.adddateconfirmation,'0','0','0')"
Activity/Property-Set,TreatyInSetReport.xml,Rule-Obj-Activity,TreatyIn.ReportingPeriodList(<LAST>).InitialDate,local.TempDate
Activity/Property-Set,TreatyInSetReport.xml,Rule-Obj-Activity,TreatyIn.ReportingPeriodList(<LAST>).InitialDate,local.startdate
Activity/Property-Set,TreatyInSetReport.xml,Rule-Obj-Activity,TreatyIn.ReportingPeriodList(<LAST>).SettlementDue,"@addCalendar(local.TempDate,'0','0','0',local.adddatesubmission + local.adddateconfirmation + local.adddatesettlement,'0"
Activity/Property-Set,TreatyInSetReport.xml,Rule-Obj-Activity,TreatyIn.ReportingPeriodList(<LAST>).SubmissionDue,"@addCalendar(local.TempDate,'0','0','0',local.adddatesubmission,'0','0','0')"
Activity/Property-Set,TreatyInSetReport.xml,Rule-Obj-Activity,local.Loop,0
Activity/Property-Set,TreatyInSetReport.xml,Rule-Obj-Activity,local.Loop,local.Loop+1
Activity/Property-Set,TreatyInSetReport.xml,Rule-Obj-Activity,local.TempDate,"@addCalendar(local.TempDate,'0',local.interval,'0','0','0','0','0')"
Activity/Property-Set,TreatyInSetReport.xml,Rule-Obj-Activity,local.TempDate,"@addCalendar(local.startdate,'0',local.interval,'0','0','0','0','0')"
Activity/Property-Set,TreatyInSetReport.xml,Rule-Obj-Activity,local.adddateconfirmation,TreatyIn.ReportingConfirmation
Activity/Property-Set,TreatyInSetReport.xml,Rule-Obj-Activity,local.adddatesettlement,TreatyIn.ReportingSettlement
Activity/Property-Set,TreatyInSetReport.xml,Rule-Obj-Activity,local.adddatesubmission,TreatyIn.ReportingSubmission
Activity/Property-Set,TreatyInSetReport.xml,Rule-Obj-Activity,local.duration,"@DateTimeDifference(TreatyIn.ReportingStart , TreatyIn.ReportingEnd ,'M')"
Activity/Property-Set,TreatyInSetReport.xml,Rule-Obj-Activity,local.duration,local.duration/local.interval + 1
Activity/Property-Set,TreatyInSetReport.xml,Rule-Obj-Activity,local.errDueCon,"""Confirmation days must not be empty"""
Activity/Property-Set,TreatyInSetReport.xml,Rule-Obj-Activity,local.errDueSet,"""Settlement days must not be empty"""
Activity/Property-Set,TreatyInSetReport.xml,Rule-Obj-Activity,local.errDueSub,"""Submission days must not be empty"""
Activity/Property-Set,TreatyInSetReport.xml,Rule-Obj-Activity,local.errStartEnd,"""Start date and End date must not be empty"""
Activity/Property-Set,TreatyInSetReport.xml,Rule-Obj-Activity,local.interval,1
Activity/Property-Set,TreatyInSetReport.xml,Rule-Obj-Activity,local.interval,3
Activity/Property-Set,TreatyInSetReport.xml,Rule-Obj-Activity,local.interval,6
Activity/Property-Set,TreatyInSetReport.xml,Rule-Obj-Activity,local.interval,TreatyIn.ReportingInterval
Activity/Property-Set,TreatyInSetReport.xml,Rule-Obj-Activity,local.periodsymbol,"""H """
Activity/Property-Set,TreatyInSetReport.xml,Rule-Obj-Activity,local.periodsymbol,"""M """
Activity/Property-Set,TreatyInSetReport.xml,Rule-Obj-Activity,local.periodsymbol,"""Q """
Activity/Property-Set,TreatyInSetReport.xml,Rule-Obj-Activity,local.periodsymbol,"""T """
Activity/Property-Set,TreatyInSetReport.xml,Rule-Obj-Activity,local.startdate,param.startdate
Activity/Property-Set,TreatyInSetToDirector.xml,Rule-Obj-Activity,Local.CurrTime,Time.pxResults(1).CARI1
Activity/Property-Set,TreatyInSetToDirector.xml,Rule-Obj-Activity,TreatyIn.Position,ReasTreatyInDirector
Activity/Property-Set,TreatyInSetToDirector.xml,Rule-Obj-Activity,TreatyIn.PositionUsername,"""NANDINA"""
Activity/Property-Set,TreatyInSetToDirector.xml,Rule-Obj-Activity,local.Time,.Date
Activity/Property-Set,TreatyInSetValue.xml,Rule-Obj-Activity,TreatyIn.Position,""""""
Activity/Property-Set,TreatyInSetValue.xml,Rule-Obj-Activity,TreatyIn.PositionUsername,""""""
Activity/Property-Set,TreatyInSetValue.xml,Rule-Obj-Activity,TreatyIn.PositionUsername,"""BERNARD"""
Activity/Property-Set,TreatyInSetValue.xml,Rule-Obj-Activity,TreatyIn.PositionUsername,"""NANDINA"""
Activity/Property-Set,TreatyInSetValue.xml,Rule-Obj-Activity,TreatyIn.PositionUsername,TreatyIn.CommentList(1).OperatorName
Activity/Property-Set,TreatyInSetValue.xml,Rule-Obj-Activity,TreatyIn.StatusAkseptasi,"""test"""
Activity/Property-Set,TreatyInSetValueDifferenceInstallment.xml,Rule-Obj-Activity,.Amount,"@divide(local.value * .InstallmentPct, 100, 4)"
Activity/Property-Set,TreatyInSetValueDifferenceInstallment.xml,Rule-Obj-Activity,Param.currency,.Currency
Activity/Property-Set,TreatyInSetValueDifferenceInstallment.xml,Rule-Obj-Activity,Param.subscript,.pxListSubscript
Activity/Property-Set,TreatyInSetValueDifferenceInstallment.xml,Rule-Obj-Activity,TreatyIn.ValueDifference.Installment(<APPEND>).Currency,.Currency
Activity/Property-Set,TreatyInSetValueDifferenceInstallment.xml,Rule-Obj-Activity,TreatyIn.ValueDifference.Installment(Param.subscript).InstallmentList(.pxListSubscript).Currency,.Currency
Activity/Property-Set,TreatyInSetValueDifferenceInstallment.xml,Rule-Obj-Activity,TreatyIn.ValueDifference.Installment(Param.subscript).InstallmentList(.pxListSubscript).CurrencyID,.CurrencyID
Activity/Property-Set,TreatyInSetValueDifferenceInstallment.xml,Rule-Obj-Activity,TreatyIn.ValueDifference.Installment(Param.subscript).InstallmentList(.pxListSubscript).DueDate,.DueDate
Activity/Property-Set,TreatyInSetValueDifferenceInstallment.xml,Rule-Obj-Activity,TreatyIn.ValueDifference.Installment(Param.subscript).InstallmentList(.pxListSubscript).Installment,.Installment
Activity/Property-Set,TreatyInSetValueDifferenceInstallment.xml,Rule-Obj-Activity,TreatyIn.ValueDifference.Installment(Param.subscript).InstallmentList(.pxListSubscript).InstallmentPct,.InstallmentPct
Activity/Property-Set,TreatyInSetValueDifferenceInstallment.xml,Rule-Obj-Activity,TreatyIn.ValueDifference.Installment(Param.subscript).InstallmentList(.pxListSubscript).PaymentDate,.PaymentDate
Activity/Property-Set,TreatyInSetValueDifferenceInstallment.xml,Rule-Obj-Activity,TreatyIn.ValueDifference.Installment(Param.subscript).InstallmentList(.pxListSubscript).WPC,.WPC
Activity/Property-Set,TreatyInSetValueDifferenceInstallment.xml,Rule-Obj-Activity,TreatyIn.ValueDifference.TotalInstallmentNP(<APPEND>).Currency,.Currency
Activity/Property-Set,TreatyInSetValueDifferenceInstallment.xml,Rule-Obj-Activity,TreatyIn.ValueDifference.TotalInstallmentNP(<LAST>).Value,.AmountTotal
Activity/Property-Set,TreatyInSetValueDifferenceInstallment.xml,Rule-Obj-Activity,local.currency,.Currency
Activity/Property-Set,TreatyInSetValueDifferenceInstallment.xml,Rule-Obj-Activity,local.value,.Value
Activity/Property-Set,TreatyInSetValueInstallment.xml,Rule-Obj-Activity,.DueDate,TempDate.Installment(local.idx).InstallmentList(<CURRENT>).DueDate
Activity/Property-Set,TreatyInSetValueInstallment.xml,Rule-Obj-Activity,.DueDate,TreatyIn.OLDDATA.Installment(local.idx).InstallmentList(<CURRENT>).DueDate
Activity/Property-Set,TreatyInSetValueInstallment.xml,Rule-Obj-Activity,.InstallmentList(<APPEND>).Installment,Local.InstallmentNo
Activity/Property-Set,TreatyInSetValueInstallment.xml,Rule-Obj-Activity,.InstallmentList(<LAST>).Amount,"@divide(Local.PctForCount,100,4) * Local.value"
Activity/Property-Set,TreatyInSetValueInstallment.xml,Rule-Obj-Activity,.InstallmentList(<LAST>).Currency,local.currency
Activity/Property-Set,TreatyInSetValueInstallment.xml,Rule-Obj-Activity,.InstallmentList(<LAST>).DueDate,"@CurrentDate(""dd/MM/yyyy"",""Asia/Jakarta"")"
Activity/Property-Set,TreatyInSetValueInstallment.xml,Rule-Obj-Activity,.InstallmentList(<LAST>).InstallmentPct,Local.Percentage
Activity/Property-Set,TreatyInSetValueInstallment.xml,Rule-Obj-Activity,.InstallmentList(<LAST>).InstallmentPct,Local.Percentage + (100 - Local.InstallmentPercentage)
Activity/Property-Set,TreatyInSetValueInstallment.xml,Rule-Obj-Activity,.InstallmentPct,TempDate.Installment(local.idx).InstallmentList(<CURRENT>).InstallmentPct
Activity/Property-Set,TreatyInSetValueInstallment.xml,Rule-Obj-Activity,.InstallmentPct,TreatyIn.OLDDATA.Installment(local.idx).InstallmentList(<CURRENT>).InstallmentPct
Activity/Property-Set,TreatyInSetValueInstallment.xml,Rule-Obj-Activity,.PaymentDate,TempDate.Installment(local.idx).InstallmentList(<CURRENT>).PaymentDate
Activity/Property-Set,TreatyInSetValueInstallment.xml,Rule-Obj-Activity,.PaymentDate,TreatyIn.OLDDATA.Installment(local.idx).InstallmentList(<CURRENT>).PaymentDate
Activity/Property-Set,TreatyInSetValueInstallment.xml,Rule-Obj-Activity,.WPC,TempDate.Installment(local.idx).InstallmentList(<CURRENT>).WPC
Activity/Property-Set,TreatyInSetValueInstallment.xml,Rule-Obj-Activity,.WPC,TreatyIn.OLDDATA.Installment(local.idx).InstallmentList(<CURRENT>).WPC
Activity/Property-Set,TreatyInSetValueInstallment.xml,Rule-Obj-Activity,Local.InstallmentNo,0
Activity/Property-Set,TreatyInSetValueInstallment.xml,Rule-Obj-Activity,Local.InstallmentNo,Local.InstallmentNo + 1
Activity/Property-Set,TreatyInSetValueInstallment.xml,Rule-Obj-Activity,Local.InstallmentPercentage,0
Activity/Property-Set,TreatyInSetValueInstallment.xml,Rule-Obj-Activity,Local.InstallmentPercentage,Local.InstallmentPercentage + Local.Percentage
Activity/Property-Set,TreatyInSetValueInstallment.xml,Rule-Obj-Activity,Local.PctForCount,Local.Percentage
Activity/Property-Set,TreatyInSetValueInstallment.xml,Rule-Obj-Activity,Local.PctForCount,Local.Percentage + (100 - Local.InstallmentPercentage)
Activity/Property-Set,TreatyInSetValueInstallment.xml,Rule-Obj-Activity,Local.Percentage,"@Math.divide(100, TreatyIn.InstallmentNo, 2)"
Activity/Property-Set,TreatyInSetValueInstallment.xml,Rule-Obj-Activity,Local.currency,.Currency
Activity/Property-Set,TreatyInSetValueInstallment.xml,Rule-Obj-Activity,Local.errorMsg,"""Please update Total Net Premium!"""
Activity/Property-Set,TreatyInSetValueInstallment.xml,Rule-Obj-Activity,Local.value,.Value
Activity/Property-Set,TreatyInSetValueInstallment.xml,Rule-Obj-Activity,Local.value,0
Activity/Property-Set,TreatyInSetValueInstallment.xml,Rule-Obj-Activity,TempDate.Installment,TreatyIn.Installment
Activity/Property-Set,TreatyInSetValueInstallment.xml,Rule-Obj-Activity,TreatyIn.Installment(<APPEND>).Currency,.Currency
Activity/Property-Set,TreatyInSetValueInstallment.xml,Rule-Obj-Activity,TreatyIn.InstallmentNo,Param.Installment
Activity/Property-Set,TreatyInSetValueInstallment.xml,Rule-Obj-Activity,TreatyIn.TotalInstallmentNP(<APPEND>).Currency,.Currency
Activity/Property-Set,TreatyInSetValueInstallment.xml,Rule-Obj-Activity,TreatyIn.TotalInstallmentNP(<LAST>).Value,.AmountTotal
Activity/Property-Set,TreatyInSetValueInstallment.xml,Rule-Obj-Activity,local.errorMsg1,"""Installment Value cannot be less than 1"""
Activity/Property-Set,TreatyInSetValueInstallment.xml,Rule-Obj-Activity,local.idx,.pxListSubscript
Activity/Property-Set,TreatyInShareActualSetTotal.xml,Rule-Obj-Activity,.Value,.Value + Local.Value
Activity/Property-Set,TreatyInShareActualSetTotal.xml,Rule-Obj-Activity,.Value,.Value + local.Value
Activity/Property-Set,TreatyInShareActualSetTotal.xml,Rule-Obj-Activity,.Value,.Value+ Local.Value
Activity/Property-Set,TreatyInShareActualSetTotal.xml,Rule-Obj-Activity,.Value,Local.Value + .Value
Activity/Property-Set,TreatyInShareActualSetTotal.xml,Rule-Obj-Activity,Local.Currency,.Currency
Activity/Property-Set,TreatyInShareActualSetTotal.xml,Rule-Obj-Activity,Local.Value,.Value
Activity/Property-Set,TreatyInShareActualSetTotal.xml,Rule-Obj-Activity,Local.test,0
Activity/Property-Set,TreatyInShareActualSetTotal.xml,Rule-Obj-Activity,Local.test,1
Activity/Property-Set,TreatyInShareActualSetTotal.xml,Rule-Obj-Activity,TempCurrGrandTotalLimit.pxResults(<APPEND>).Currency,.Currency
Activity/Property-Set,TreatyInShareActualSetTotal.xml,Rule-Obj-Activity,TreatyIn.ActualValue.TotalFacShareDeductionNP(<APPEND>).Currency,.Currency
Activity/Property-Set,TreatyInShareActualSetTotal.xml,Rule-Obj-Activity,TreatyIn.ActualValue.TotalFacShareDeductionNP(<LAST>).Value,.Value
Activity/Property-Set,TreatyInShareActualSetTotal.xml,Rule-Obj-Activity,TreatyIn.ActualValue.TotalFacShareGrossNP(<APPEND>).Currency,.Currency
Activity/Property-Set,TreatyInShareActualSetTotal.xml,Rule-Obj-Activity,TreatyIn.ActualValue.TotalFacShareGrossNP(<LAST>).Value,.Value
Activity/Property-Set,TreatyInShareActualSetTotal.xml,Rule-Obj-Activity,TreatyIn.ActualValue.TotalFacShareNetNP(<APPEND>).Currency,.Currency
Activity/Property-Set,TreatyInShareActualSetTotal.xml,Rule-Obj-Activity,TreatyIn.ActualValue.TotalFacShareNetNP(<LAST>).Value,.Value
Activity/Property-Set,TreatyInShareActualSetTotal.xml,Rule-Obj-Activity,TreatyIn.ActualValue.TotalFacShareRnmNP(<APPEND>).Currency,.Currency
Activity/Property-Set,TreatyInShareActualSetTotal.xml,Rule-Obj-Activity,TreatyIn.ActualValue.TotalFacShareRnmNP(<LAST>).Value,.Value
Activity/Property-Set,TreatyInShareActualSetTotal.xml,Rule-Obj-Activity,TreatyIn.ActualValue.TotalShareDeductionNP(<APPEND>).Currency,.Currency
Activity/Property-Set,TreatyInShareActualSetTotal.xml,Rule-Obj-Activity,TreatyIn.ActualValue.TotalShareDeductionNP(<LAST>).Value,.Value
Activity/Property-Set,TreatyInShareActualSetTotal.xml,Rule-Obj-Activity,TreatyIn.ActualValue.TotalShareGrossNP(<APPEND>).Currency,.Currency
Activity/Property-Set,TreatyInShareActualSetTotal.xml,Rule-Obj-Activity,TreatyIn.ActualValue.TotalShareGrossNP(<LAST>).Value,.Value
Activity/Property-Set,TreatyInShareActualSetTotal.xml,Rule-Obj-Activity,TreatyIn.ActualValue.TotalShareNetNP(<APPEND>).Currency,.Currency
Activity/Property-Set,TreatyInShareActualSetTotal.xml,Rule-Obj-Activity,TreatyIn.ActualValue.TotalShareNetNP(<LAST>).Value,.Value
Activity/Property-Set,TreatyInShareActualSetTotal.xml,Rule-Obj-Activity,TreatyIn.ActualValue.TotalShareRnmNP(<APPEND>).Currency,.Currency
Activity/Property-Set,TreatyInShareActualSetTotal.xml,Rule-Obj-Activity,TreatyIn.ActualValue.TotalShareRnmNP(<LAST>).Value,.Value
Activity/Property-Set,TreatyInShareActualSetTotal.xml,Rule-Obj-Activity,TreatyIn.ActualValue.TotalSpreadedNetPremi(<APPEND>).Currency,.Currency
Activity/Property-Set,TreatyInShareActualSetTotal.xml,Rule-Obj-Activity,TreatyIn.ActualValue.TotalSpreadedNetPremi(<LAST>).Value,.Value
Activity/Property-Set,TreatyInShareActualSetTotal.xml,Rule-Obj-Activity,TreatyIn.ActualValue.TotalSpreadedNetPremiRI(<APPEND>).Currency,.Currency
Activity/Property-Set,TreatyInShareActualSetTotal.xml,Rule-Obj-Activity,TreatyIn.ActualValue.TotalSpreadedNetPremiRI(<LAST>).Value,.Value
Activity/Property-Set,TreatyInShareActualSetTotal.xml,Rule-Obj-Activity,TreatyIn.ActualValue.TotalSpreadedRnmProp(<APPEND>).Currency,.Currency
Activity/Property-Set,TreatyInShareActualSetTotal.xml,Rule-Obj-Activity,TreatyIn.ActualValue.TotalSpreadedRnmProp(<LAST>).Value,.Value
Activity/Property-Set,TreatyInShareActualSetTotal.xml,Rule-Obj-Activity,TreatyIn.ActualValue.TotalSpreadedRnmRIProp(<APPEND>).Currency,.Currency
Activity/Property-Set,TreatyInShareActualSetTotal.xml,Rule-Obj-Activity,TreatyIn.ActualValue.TotalSpreadedRnmRIProp(<LAST>).Value,.Value
Activity/Property-Set,TreatyInShareActualSetTotal.xml,Rule-Obj-Activity,param.deductiblecurrency,.LayerList(1).Currency
Activity/Property-Set,TreatyInShareActualSetTotal.xml,Rule-Obj-Activity,param.deductiblevalue,.LayerList(1).Deductible + @toDecimal(param.deductiblevalue)
Activity/Property-Set,TreatyInShareActualSetTotal.xml,Rule-Obj-Activity,param.limitcurrency,.LayerList(1).Currency
Activity/Property-Set,TreatyInShareActualSetTotal.xml,Rule-Obj-Activity,param.limitvalue,.LayerList(1).IOOLimit + @toDecimal(param.limitvalue)
Activity/Property-Set,TreatyInSubmit.xml,Rule-Obj-Activity,OutputParam.ERRMSG,""""""
Activity/Property-Set,TreatyInSubmit.xml,Rule-Obj-Activity,OutputParam.ERRMSG,"""ID error: Found one or more empty field/ ID value"""
Activity/Property-Set,TreatyInSubmitEDM.xml,Rule-Obj-Activity,OutputParam.ERRMSG,""""""
Activity/Property-Set,TreatyInSubmitEDM.xml,Rule-Obj-Activity,OutputParam.ERRMSG,"""ID error: Found one or more empty field/ ID value"""
Activity/Property-Set,TreatyInSubmitEDM.xml,Rule-Obj-Activity,param.comment,TreatyIn.Comment
Activity/Property-Set,TreatyInSubmitEDM.xml,Rule-Obj-Activity,param.info,TreatyIn.Information
Activity/Property-Set,TreatyInSummaryLimit.xml,Rule-Obj-Activity,.AggregateLimit,.AggregateLimit+local.aggregatelimit
Activity/Property-Set,TreatyInSummaryLimit.xml,Rule-Obj-Activity,.AggregateLimit2,.AggregateLimit2+local.aggregatelimit2
Activity/Property-Set,TreatyInSummaryLimit.xml,Rule-Obj-Activity,.Deductible,.Deductible+local.deductible
Activity/Property-Set,TreatyInSummaryLimit.xml,Rule-Obj-Activity,.Deductible2,.Deductible2+local.deductible2
Activity/Property-Set,TreatyInSummaryLimit.xml,Rule-Obj-Activity,.Limit,.Limit+local.limit
Activity/Property-Set,TreatyInSummaryLimit.xml,Rule-Obj-Activity,.Limit2,.Limit2+local.limit2
Activity/Property-Set,TreatyInSummaryLimit.xml,Rule-Obj-Activity,.MDP,"@If(local.currency==""IDR"",.MDP+local.value,.MDP)"
Activity/Property-Set,TreatyInSummaryLimit.xml,Rule-Obj-Activity,.MDP2,"@If(local.currency==""USD"",.MDP2+local.value,.MDP2)"
Activity/Property-Set,TreatyInSummaryLimit.xml,Rule-Obj-Activity,.Note,".LayerType+ .Layer+"" of ""+ .LayerPartType+ .LayerPart"
Activity/Property-Set,TreatyInSummaryLimit.xml,Rule-Obj-Activity,TempLimit.pxResults(<APPEND>).LayerType,local.layertype
Activity/Property-Set,TreatyInSummaryLimit.xml,Rule-Obj-Activity,TempLimit.pxResults(<LAST>).AggregateLimit,local.aggregatelimit
Activity/Property-Set,TreatyInSummaryLimit.xml,Rule-Obj-Activity,TempLimit.pxResults(<LAST>).AggregateLimit2,local.aggregatelimit2
Activity/Property-Set,TreatyInSummaryLimit.xml,Rule-Obj-Activity,TempLimit.pxResults(<LAST>).Currency,local.currency
Activity/Property-Set,TreatyInSummaryLimit.xml,Rule-Obj-Activity,TempLimit.pxResults(<LAST>).Currency2,local.currency2
Activity/Property-Set,TreatyInSummaryLimit.xml,Rule-Obj-Activity,TempLimit.pxResults(<LAST>).Deductible,local.deductible
Activity/Property-Set,TreatyInSummaryLimit.xml,Rule-Obj-Activity,TempLimit.pxResults(<LAST>).Deductible2,local.deductible2
Activity/Property-Set,TreatyInSummaryLimit.xml,Rule-Obj-Activity,TempLimit.pxResults(<LAST>).Layer,local.layer
Activity/Property-Set,TreatyInSummaryLimit.xml,Rule-Obj-Activity,TempLimit.pxResults(<LAST>).LayerPart,local.layerpart
Activity/Property-Set,TreatyInSummaryLimit.xml,Rule-Obj-Activity,TempLimit.pxResults(<LAST>).LayerPartType,local.layerparttype
Activity/Property-Set,TreatyInSummaryLimit.xml,Rule-Obj-Activity,TempLimit.pxResults(<LAST>).Limit,local.limit
Activity/Property-Set,TreatyInSummaryLimit.xml,Rule-Obj-Activity,TempLimit.pxResults(<LAST>).Limit2,local.limit2
Activity/Property-Set,TreatyInSummaryLimit.xml,Rule-Obj-Activity,local.aggregatelimit,"@If(.AgregateLimit=="""",0,.AgregateLimit)"
Activity/Property-Set,TreatyInSummaryLimit.xml,Rule-Obj-Activity,local.aggregatelimit2,"@If(.AgregateLimit2=="""",0,.AgregateLimit2)"
Activity/Property-Set,TreatyInSummaryLimit.xml,Rule-Obj-Activity,local.currency,.Currency
Activity/Property-Set,TreatyInSummaryLimit.xml,Rule-Obj-Activity,local.currency2,.Currency2
Activity/Property-Set,TreatyInSummaryLimit.xml,Rule-Obj-Activity,local.deductible,"@If(.Deductible=="""",0,.Deductible)"
Activity/Property-Set,TreatyInSummaryLimit.xml,Rule-Obj-Activity,local.deductible2,"@If(.Deductible2=="""",0,@toDecimal(.Deductible2))"
Activity/Property-Set,TreatyInSummaryLimit.xml,Rule-Obj-Activity,local.flag,0
Activity/Property-Set,TreatyInSummaryLimit.xml,Rule-Obj-Activity,local.flag,1
Activity/Property-Set,TreatyInSummaryLimit.xml,Rule-Obj-Activity,local.layer,.Layer
Activity/Property-Set,TreatyInSummaryLimit.xml,Rule-Obj-Activity,local.layerpart,.LayerPart
Activity/Property-Set,TreatyInSummaryLimit.xml,Rule-Obj-Activity,local.layerparttype,.LayerPartType
Activity/Property-Set,TreatyInSummaryLimit.xml,Rule-Obj-Activity,local.layertype,.LayerType
Activity/Property-Set,TreatyInSummaryLimit.xml,Rule-Obj-Activity,local.limit,"@If(.Limit=="""",0,.Limit)"
Activity/Property-Set,TreatyInSummaryLimit.xml,Rule-Obj-Activity,local.limit2,"@If(.Limit2=="""",0,.Limit2)"
Activity/Property-Set,TreatyInSummaryLimit.xml,Rule-Obj-Activity,local.value,.Value
Activity/Property-Set,TreatyInSummaryLimitActual.xml,Rule-Obj-Activity,.AggregateLimit,.AggregateLimit+local.aggregatelimit
Activity/Property-Set,TreatyInSummaryLimitActual.xml,Rule-Obj-Activity,.AggregateLimit2,.AggregateLimit2+local.aggregatelimit2
Activity/Property-Set,TreatyInSummaryLimitActual.xml,Rule-Obj-Activity,.Deductible,.Deductible+local.deductible
Activity/Property-Set,TreatyInSummaryLimitActual.xml,Rule-Obj-Activity,.Deductible2,.Deductible2+local.deductible2
Activity/Property-Set,TreatyInSummaryLimitActual.xml,Rule-Obj-Activity,.Limit,.Limit+local.limit
Activity/Property-Set,TreatyInSummaryLimitActual.xml,Rule-Obj-Activity,.Limit2,.Limit2+local.limit2
Activity/Property-Set,TreatyInSummaryLimitActual.xml,Rule-Obj-Activity,.MDP,"@If(local.currency==""IDR"",.MDP+local.value,.MDP)"
Activity/Property-Set,TreatyInSummaryLimitActual.xml,Rule-Obj-Activity,.MDP2,"@If(local.currency==""USD"",.MDP2+local.value,.MDP2)"
Activity/Property-Set,TreatyInSummaryLimitActual.xml,Rule-Obj-Activity,.Note,".LayerType+ .Layer+"" of ""+ .LayerPartType+ .LayerPart"
Activity/Property-Set,TreatyInSummaryLimitActual.xml,Rule-Obj-Activity,TempLimit.pxResults(<APPEND>).LayerType,local.layertype
Activity/Property-Set,TreatyInSummaryLimitActual.xml,Rule-Obj-Activity,TempLimit.pxResults(<LAST>).AggregateLimit,local.aggregatelimit
Activity/Property-Set,TreatyInSummaryLimitActual.xml,Rule-Obj-Activity,TempLimit.pxResults(<LAST>).AggregateLimit2,local.aggregatelimit2
Activity/Property-Set,TreatyInSummaryLimitActual.xml,Rule-Obj-Activity,TempLimit.pxResults(<LAST>).Currency,local.currency
Activity/Property-Set,TreatyInSummaryLimitActual.xml,Rule-Obj-Activity,TempLimit.pxResults(<LAST>).Currency2,local.currency2
Activity/Property-Set,TreatyInSummaryLimitActual.xml,Rule-Obj-Activity,TempLimit.pxResults(<LAST>).Deductible,local.deductible
Activity/Property-Set,TreatyInSummaryLimitActual.xml,Rule-Obj-Activity,TempLimit.pxResults(<LAST>).Deductible2,local.deductible2
Activity/Property-Set,TreatyInSummaryLimitActual.xml,Rule-Obj-Activity,TempLimit.pxResults(<LAST>).Layer,local.layer
Activity/Property-Set,TreatyInSummaryLimitActual.xml,Rule-Obj-Activity,TempLimit.pxResults(<LAST>).LayerPart,local.layerpart
Activity/Property-Set,TreatyInSummaryLimitActual.xml,Rule-Obj-Activity,TempLimit.pxResults(<LAST>).LayerPartType,local.layerparttype
Activity/Property-Set,TreatyInSummaryLimitActual.xml,Rule-Obj-Activity,TempLimit.pxResults(<LAST>).Limit,local.limit
Activity/Property-Set,TreatyInSummaryLimitActual.xml,Rule-Obj-Activity,TempLimit.pxResults(<LAST>).Limit2,local.limit2
Activity/Property-Set,TreatyInSummaryLimitActual.xml,Rule-Obj-Activity,local.aggregatelimit,"@If(.AgregateLimit=="""",0,.AgregateLimit)"
Activity/Property-Set,TreatyInSummaryLimitActual.xml,Rule-Obj-Activity,local.aggregatelimit2,"@If(.AgregateLimit2=="""",0,.AgregateLimit2)"
Activity/Property-Set,TreatyInSummaryLimitActual.xml,Rule-Obj-Activity,local.currency,.Currency
Activity/Property-Set,TreatyInSummaryLimitActual.xml,Rule-Obj-Activity,local.currency2,.Currency2
Activity/Property-Set,TreatyInSummaryLimitActual.xml,Rule-Obj-Activity,local.deductible,"@If(.Deductible=="""",0,.Deductible)"
Activity/Property-Set,TreatyInSummaryLimitActual.xml,Rule-Obj-Activity,local.deductible2,"@If(.Deductible2=="""",0,@toDecimal(.Deductible2))"
Activity/Property-Set,TreatyInSummaryLimitActual.xml,Rule-Obj-Activity,local.flag,0
Activity/Property-Set,TreatyInSummaryLimitActual.xml,Rule-Obj-Activity,local.flag,1
Activity/Property-Set,TreatyInSummaryLimitActual.xml,Rule-Obj-Activity,local.layer,.Layer
Activity/Property-Set,TreatyInSummaryLimitActual.xml,Rule-Obj-Activity,local.layerpart,.LayerPart
Activity/Property-Set,TreatyInSummaryLimitActual.xml,Rule-Obj-Activity,local.layerparttype,.LayerPartType
Activity/Property-Set,TreatyInSummaryLimitActual.xml,Rule-Obj-Activity,local.layertype,.LayerType
Activity/Property-Set,TreatyInSummaryLimitActual.xml,Rule-Obj-Activity,local.limit,"@If(.Limit=="""",0,.Limit)"
Activity/Property-Set,TreatyInSummaryLimitActual.xml,Rule-Obj-Activity,local.limit2,"@If(.Limit2=="""",0,.Limit2)"
Activity/Property-Set,TreatyInSummaryLimitActual.xml,Rule-Obj-Activity,local.value,.Value
Activity/Property-Set,TreatyInSummaryLimitActualFacShare.xml,Rule-Obj-Activity,.Deductible,"@If(local.currency==""IDR"",.Deductible+local.deduction,.Deductible)"
Activity/Property-Set,TreatyInSummaryLimitActualFacShare.xml,Rule-Obj-Activity,.Deductible2,"@If(local.currency==""USD"",.Deductible2+local.deduction,.Deductible2)"
Activity/Property-Set,TreatyInSummaryLimitActualFacShare.xml,Rule-Obj-Activity,.Limit,"@If(local.currency==""IDR"",.Limit+local.value,.Limit)"
Activity/Property-Set,TreatyInSummaryLimitActualFacShare.xml,Rule-Obj-Activity,.Limit2,"@If(local.currency==""USD"",.Limit2+local.value,.Limit2)"
Activity/Property-Set,TreatyInSummaryLimitActualFacShare.xml,Rule-Obj-Activity,.MDP,"@If(local.currency==""IDR"",.MDP+local.value,.MDP)"
Activity/Property-Set,TreatyInSummaryLimitActualFacShare.xml,Rule-Obj-Activity,.MDP2,"@If(local.currency==""USD"",.MDP2+local.value,.MDP2)"
Activity/Property-Set,TreatyInSummaryLimitActualFacShare.xml,Rule-Obj-Activity,.NetPremi,"@If(local.currency==""IDR"",.NetPremi+local.value,.NetPremi)"
Activity/Property-Set,TreatyInSummaryLimitActualFacShare.xml,Rule-Obj-Activity,.NetPremi2,"@If(local.currency==""USD"",.NetPremi2+local.value,.NetPremi2)"
Activity/Property-Set,TreatyInSummaryLimitActualFacShare.xml,Rule-Obj-Activity,.Note,".LayerType+ .Layer+"" of ""+ .LayerPartType+ .LayerPart"
Activity/Property-Set,TreatyInSummaryLimitActualFacShare.xml,Rule-Obj-Activity,TE.CARI1,1
Activity/Property-Set,TreatyInSummaryLimitActualFacShare.xml,Rule-Obj-Activity,TempLimit.pxResults(<APPEND>).LayerType,local.layertype
Activity/Property-Set,TreatyInSummaryLimitActualFacShare.xml,Rule-Obj-Activity,TempLimit.pxResults(<LAST>).Layer,local.layer
Activity/Property-Set,TreatyInSummaryLimitActualFacShare.xml,Rule-Obj-Activity,TempLimit.pxResults(<LAST>).LayerPart,local.layerpart
Activity/Property-Set,TreatyInSummaryLimitActualFacShare.xml,Rule-Obj-Activity,TempLimit.pxResults(<LAST>).LayerPartType,local.layerparttype
Activity/Property-Set,TreatyInSummaryLimitActualFacShare.xml,Rule-Obj-Activity,TempLimit.pxResults(<LAST>).Limit,"@If(local.currency==""IDR"",local.value,0)"
Activity/Property-Set,TreatyInSummaryLimitActualFacShare.xml,Rule-Obj-Activity,TempLimit.pxResults(<LAST>).Limit2,"@If(local.currency==""USD"",local.value,0)"
Activity/Property-Set,TreatyInSummaryLimitActualFacShare.xml,Rule-Obj-Activity,local.count,0
Activity/Property-Set,TreatyInSummaryLimitActualFacShare.xml,Rule-Obj-Activity,local.currency,.Currency
Activity/Property-Set,TreatyInSummaryLimitActualFacShare.xml,Rule-Obj-Activity,local.deduction,.Deduction
Activity/Property-Set,TreatyInSummaryLimitActualFacShare.xml,Rule-Obj-Activity,local.flag,0
Activity/Property-Set,TreatyInSummaryLimitActualFacShare.xml,Rule-Obj-Activity,local.flag,1
Activity/Property-Set,TreatyInSummaryLimitActualFacShare.xml,Rule-Obj-Activity,local.layer,.Layer
Activity/Property-Set,TreatyInSummaryLimitActualFacShare.xml,Rule-Obj-Activity,local.layerpart,.LayerPart
Activity/Property-Set,TreatyInSummaryLimitActualFacShare.xml,Rule-Obj-Activity,local.layerparttype,.LayerPartType
Activity/Property-Set,TreatyInSummaryLimitActualFacShare.xml,Rule-Obj-Activity,local.layertype,.LayerType
Activity/Property-Set,TreatyInSummaryLimitActualFacShare.xml,Rule-Obj-Activity,local.value,.Value
Activity/Property-Set,TreatyInSummaryLimitFacShare.xml,Rule-Obj-Activity,.Deductible,"@If(local.currency==""IDR"",.Deductible+local.deduction,.Deductible)"
Activity/Property-Set,TreatyInSummaryLimitFacShare.xml,Rule-Obj-Activity,.Deductible2,"@If(local.currency==""USD"",.Deductible2+local.deduction,.Deductible2)"
Activity/Property-Set,TreatyInSummaryLimitFacShare.xml,Rule-Obj-Activity,.Limit,"@If(local.currency==""IDR"",.Limit+local.value,.Limit)"
Activity/Property-Set,TreatyInSummaryLimitFacShare.xml,Rule-Obj-Activity,.Limit2,"@If(local.currency==""USD"",.Limit2+local.value,.Limit2)"
Activity/Property-Set,TreatyInSummaryLimitFacShare.xml,Rule-Obj-Activity,.MDP,"@If(local.currency==""IDR"",.MDP+local.value,.MDP)"
Activity/Property-Set,TreatyInSummaryLimitFacShare.xml,Rule-Obj-Activity,.MDP2,"@If(local.currency==""USD"",.MDP2+local.value,.MDP2)"
Activity/Property-Set,TreatyInSummaryLimitFacShare.xml,Rule-Obj-Activity,.NetPremi,"@If(local.currency==""IDR"",.NetPremi+local.value,.NetPremi)"
Activity/Property-Set,TreatyInSummaryLimitFacShare.xml,Rule-Obj-Activity,.NetPremi2,"@If(local.currency==""USD"",.NetPremi2+local.value,.NetPremi2)"
Activity/Property-Set,TreatyInSummaryLimitFacShare.xml,Rule-Obj-Activity,.Note,".LayerType+ .Layer+"" of ""+ .LayerPartType+ .LayerPart"
Activity/Property-Set,TreatyInSummaryLimitFacShare.xml,Rule-Obj-Activity,TempLimit.pxResults(<APPEND>).LayerType,local.layertype
Activity/Property-Set,TreatyInSummaryLimitFacShare.xml,Rule-Obj-Activity,TempLimit.pxResults(<LAST>).Layer,local.layer
Activity/Property-Set,TreatyInSummaryLimitFacShare.xml,Rule-Obj-Activity,TempLimit.pxResults(<LAST>).LayerPart,local.layerpart
Activity/Property-Set,TreatyInSummaryLimitFacShare.xml,Rule-Obj-Activity,TempLimit.pxResults(<LAST>).LayerPartType,local.layerparttype
Activity/Property-Set,TreatyInSummaryLimitFacShare.xml,Rule-Obj-Activity,TempLimit.pxResults(<LAST>).Limit,"@If(local.currency==""IDR"",local.value,0)"
Activity/Property-Set,TreatyInSummaryLimitFacShare.xml,Rule-Obj-Activity,TempLimit.pxResults(<LAST>).Limit2,"@If(local.currency==""USD"",local.value,0)"
Activity/Property-Set,TreatyInSummaryLimitFacShare.xml,Rule-Obj-Activity,local.count,0
Activity/Property-Set,TreatyInSummaryLimitFacShare.xml,Rule-Obj-Activity,local.currency,.Currency
Activity/Property-Set,TreatyInSummaryLimitFacShare.xml,Rule-Obj-Activity,local.deduction,.Deduction
Activity/Property-Set,TreatyInSummaryLimitFacShare.xml,Rule-Obj-Activity,local.flag,0
Activity/Property-Set,TreatyInSummaryLimitFacShare.xml,Rule-Obj-Activity,local.flag,1
Activity/Property-Set,TreatyInSummaryLimitFacShare.xml,Rule-Obj-Activity,local.layer,.Layer
Activity/Property-Set,TreatyInSummaryLimitFacShare.xml,Rule-Obj-Activity,local.layerpart,.LayerPart
Activity/Property-Set,TreatyInSummaryLimitFacShare.xml,Rule-Obj-Activity,local.layerparttype,.LayerPartType
Activity/Property-Set,TreatyInSummaryLimitFacShare.xml,Rule-Obj-Activity,local.layertype,.LayerType
Activity/Property-Set,TreatyInSummaryLimitFacShare.xml,Rule-Obj-Activity,local.value,.Value
Activity/Property-Set,TreatyInSummaryLimitShare.xml,Rule-Obj-Activity,.Deductible,"@If(local.currency==""IDR"",.Deductible+local.deduction,.Deductible)"
Activity/Property-Set,TreatyInSummaryLimitShare.xml,Rule-Obj-Activity,.Deductible2,"@If(local.currency==""USD"",.Deductible2+local.deduction,.Deductible2)"
Activity/Property-Set,TreatyInSummaryLimitShare.xml,Rule-Obj-Activity,.Limit,"@If(local.currency==""IDR"",.Limit+local.value,.Limit)"
Activity/Property-Set,TreatyInSummaryLimitShare.xml,Rule-Obj-Activity,.Limit2,"@If(local.currency==""USD"",.Limit2+local.value,.Limit2)"
Activity/Property-Set,TreatyInSummaryLimitShare.xml,Rule-Obj-Activity,.MDP,"@If(local.currency==""IDR"",.MDP+local.value,.MDP)"
Activity/Property-Set,TreatyInSummaryLimitShare.xml,Rule-Obj-Activity,.MDP2,"@If(local.currency==""USD"",.MDP2+local.value,.MDP2)"
Activity/Property-Set,TreatyInSummaryLimitShare.xml,Rule-Obj-Activity,.NetPremi,"@If(local.currency==""IDR"",.NetPremi+local.value,.NetPremi)"
Activity/Property-Set,TreatyInSummaryLimitShare.xml,Rule-Obj-Activity,.NetPremi2,"@If(local.currency==""USD"",.NetPremi2+local.value,.NetPremi2)"
Activity/Property-Set,TreatyInSummaryLimitShare.xml,Rule-Obj-Activity,.Note,".LayerType+ .Layer+"" of ""+ .LayerPartType+ .LayerPart"
Activity/Property-Set,TreatyInSummaryLimitShare.xml,Rule-Obj-Activity,TempLimit.pxResults(<APPEND>).LayerType,local.layertype
Activity/Property-Set,TreatyInSummaryLimitShare.xml,Rule-Obj-Activity,TempLimit.pxResults(<LAST>).Layer,local.layer
Activity/Property-Set,TreatyInSummaryLimitShare.xml,Rule-Obj-Activity,TempLimit.pxResults(<LAST>).LayerPart,local.layerpart
Activity/Property-Set,TreatyInSummaryLimitShare.xml,Rule-Obj-Activity,TempLimit.pxResults(<LAST>).LayerPartType,local.layerparttype
Activity/Property-Set,TreatyInSummaryLimitShare.xml,Rule-Obj-Activity,TempLimit.pxResults(<LAST>).Limit,"@If(local.currency==""IDR"",local.value,0)"
Activity/Property-Set,TreatyInSummaryLimitShare.xml,Rule-Obj-Activity,TempLimit.pxResults(<LAST>).Limit2,"@If(local.currency==""USD"",local.value,0)"
Activity/Property-Set,TreatyInSummaryLimitShare.xml,Rule-Obj-Activity,local.count,0
Activity/Property-Set,TreatyInSummaryLimitShare.xml,Rule-Obj-Activity,local.currency,.Currency
Activity/Property-Set,TreatyInSummaryLimitShare.xml,Rule-Obj-Activity,local.deduction,.Deduction
Activity/Property-Set,TreatyInSummaryLimitShare.xml,Rule-Obj-Activity,local.flag,0
Activity/Property-Set,TreatyInSummaryLimitShare.xml,Rule-Obj-Activity,local.flag,1
Activity/Property-Set,TreatyInSummaryLimitShare.xml,Rule-Obj-Activity,local.layer,.Layer
Activity/Property-Set,TreatyInSummaryLimitShare.xml,Rule-Obj-Activity,local.layerpart,.LayerPart
Activity/Property-Set,TreatyInSummaryLimitShare.xml,Rule-Obj-Activity,local.layerparttype,.LayerPartType
Activity/Property-Set,TreatyInSummaryLimitShare.xml,Rule-Obj-Activity,local.layertype,.LayerType
Activity/Property-Set,TreatyInSummaryLimitShare.xml,Rule-Obj-Activity,local.value,.Value
Activity/Property-Set,TreatyInSummaryLimitShareActual.xml,Rule-Obj-Activity,.Deductible,"@If(local.currency==""IDR"",.Deductible+local.deduction,.Deductible)"
Activity/Property-Set,TreatyInSummaryLimitShareActual.xml,Rule-Obj-Activity,.Deductible2,"@If(local.currency==""USD"",.Deductible2+local.deduction,.Deductible2)"
Activity/Property-Set,TreatyInSummaryLimitShareActual.xml,Rule-Obj-Activity,.Limit,"@If(local.currency==""IDR"",.Limit+local.value,.Limit)"
Activity/Property-Set,TreatyInSummaryLimitShareActual.xml,Rule-Obj-Activity,.Limit2,"@If(local.currency==""USD"",.Limit2+local.value,.Limit2)"
Activity/Property-Set,TreatyInSummaryLimitShareActual.xml,Rule-Obj-Activity,.MDP,"@If(local.currency==""IDR"",.MDP+local.value,.MDP)"
Activity/Property-Set,TreatyInSummaryLimitShareActual.xml,Rule-Obj-Activity,.MDP2,"@If(local.currency==""USD"",.MDP2+local.value,.MDP2)"
Activity/Property-Set,TreatyInSummaryLimitShareActual.xml,Rule-Obj-Activity,.NetPremi,"@If(local.currency==""IDR"",.NetPremi+local.value,.NetPremi)"
Activity/Property-Set,TreatyInSummaryLimitShareActual.xml,Rule-Obj-Activity,.NetPremi2,"@If(local.currency==""USD"",.NetPremi2+local.value,.NetPremi2)"
Activity/Property-Set,TreatyInSummaryLimitShareActual.xml,Rule-Obj-Activity,.Note,".LayerType+ .Layer+"" of ""+ .LayerPartType+ .LayerPart"
Activity/Property-Set,TreatyInSummaryLimitShareActual.xml,Rule-Obj-Activity,TempLimit.pxResults(<APPEND>).LayerType,local.layertype
Activity/Property-Set,TreatyInSummaryLimitShareActual.xml,Rule-Obj-Activity,TempLimit.pxResults(<LAST>).Layer,local.layer
Activity/Property-Set,TreatyInSummaryLimitShareActual.xml,Rule-Obj-Activity,TempLimit.pxResults(<LAST>).LayerPart,local.layerpart
Activity/Property-Set,TreatyInSummaryLimitShareActual.xml,Rule-Obj-Activity,TempLimit.pxResults(<LAST>).LayerPartType,local.layerparttype
Activity/Property-Set,TreatyInSummaryLimitShareActual.xml,Rule-Obj-Activity,TempLimit.pxResults(<LAST>).Limit,"@If(local.currency==""IDR"",local.value,0)"
Activity/Property-Set,TreatyInSummaryLimitShareActual.xml,Rule-Obj-Activity,TempLimit.pxResults(<LAST>).Limit2,"@If(local.currency==""USD"",local.value,0)"
Activity/Property-Set,TreatyInSummaryLimitShareActual.xml,Rule-Obj-Activity,local.count,0
Activity/Property-Set,TreatyInSummaryLimitShareActual.xml,Rule-Obj-Activity,local.currency,.Currency
Activity/Property-Set,TreatyInSummaryLimitShareActual.xml,Rule-Obj-Activity,local.deduction,.Deduction
Activity/Property-Set,TreatyInSummaryLimitShareActual.xml,Rule-Obj-Activity,local.flag,0
Activity/Property-Set,TreatyInSummaryLimitShareActual.xml,Rule-Obj-Activity,local.flag,1
Activity/Property-Set,TreatyInSummaryLimitShareActual.xml,Rule-Obj-Activity,local.layer,.Layer
Activity/Property-Set,TreatyInSummaryLimitShareActual.xml,Rule-Obj-Activity,local.layerpart,.LayerPart
Activity/Property-Set,TreatyInSummaryLimitShareActual.xml,Rule-Obj-Activity,local.layerparttype,.LayerPartType
Activity/Property-Set,TreatyInSummaryLimitShareActual.xml,Rule-Obj-Activity,local.layertype,.LayerType
Activity/Property-Set,TreatyInSummaryLimitShareActual.xml,Rule-Obj-Activity,local.value,.Value
Activity/Property-Set,TreatyInSummaryMDP.xml,Rule-Obj-Activity,.IDR,"@If(local.currency==""IDR"",.IDR+local.value,.IDR)"
Activity/Property-Set,TreatyInSummaryMDP.xml,Rule-Obj-Activity,.Note,".LayerType+ .Layer+"" of ""+ .LayerPartType+ .LayerPart"
Activity/Property-Set,TreatyInSummaryMDP.xml,Rule-Obj-Activity,.USD,"@If(local.currency==""USD"",.USD+local.value,.USD)"
Activity/Property-Set,TreatyInSummaryMDP.xml,Rule-Obj-Activity,TempMDP.pxResults(<APPEND>).LayerType,local.layertype
Activity/Property-Set,TreatyInSummaryMDP.xml,Rule-Obj-Activity,TempMDP.pxResults(<LAST>).IDR,"@If(local.currency==""IDR"",local.value,0)"
Activity/Property-Set,TreatyInSummaryMDP.xml,Rule-Obj-Activity,TempMDP.pxResults(<LAST>).Layer,local.layer
Activity/Property-Set,TreatyInSummaryMDP.xml,Rule-Obj-Activity,TempMDP.pxResults(<LAST>).LayerPart,local.layerpart
Activity/Property-Set,TreatyInSummaryMDP.xml,Rule-Obj-Activity,TempMDP.pxResults(<LAST>).LayerPartType,local.layerparttype
Activity/Property-Set,TreatyInSummaryMDP.xml,Rule-Obj-Activity,TempMDP.pxResults(<LAST>).USD,"@If(local.currency==""USD"",local.value,0)"
Activity/Property-Set,TreatyInSummaryMDP.xml,Rule-Obj-Activity,local.count,0
Activity/Property-Set,TreatyInSummaryMDP.xml,Rule-Obj-Activity,local.currency,.Currency
Activity/Property-Set,TreatyInSummaryMDP.xml,Rule-Obj-Activity,local.flag,0
Activity/Property-Set,TreatyInSummaryMDP.xml,Rule-Obj-Activity,local.flag,1
Activity/Property-Set,TreatyInSummaryMDP.xml,Rule-Obj-Activity,local.layer,.Layer
Activity/Property-Set,TreatyInSummaryMDP.xml,Rule-Obj-Activity,local.layerpart,.LayerPart
Activity/Property-Set,TreatyInSummaryMDP.xml,Rule-Obj-Activity,local.layerparttype,.LayerPartType
Activity/Property-Set,TreatyInSummaryMDP.xml,Rule-Obj-Activity,local.layertype,.LayerType
Activity/Property-Set,TreatyInSummaryMDP.xml,Rule-Obj-Activity,local.value,.Value
Activity/Property-Set,TreatyInXOLAddSpreading.xml,Rule-Obj-Activity,.RNMSpreadedListRIXOL,""""""
Activity/Property-Set,TreatyInXOLAddSpreading.xml,Rule-Obj-Activity,.RNMSpreadedListXOL,""""""
Activity/Property-Set,TreatyInXOLAddSpreading.xml,Rule-Obj-Activity,.Value,Local.Value + .Value
Activity/Property-Set,TreatyInXOLAddSpreading.xml,Rule-Obj-Activity,Local.Currency,.Currency
Activity/Property-Set,TreatyInXOLAddSpreading.xml,Rule-Obj-Activity,Local.ParentReinsTypeID,.ReinsTypeName
Activity/Property-Set,TreatyInXOLAddSpreading.xml,Rule-Obj-Activity,Local.Value,.Value
Activity/Property-Set,TreatyInXOLAddSpreading.xml,Rule-Obj-Activity,Local.test,0
Activity/Property-Set,TreatyInXOLAddSpreading.xml,Rule-Obj-Activity,Local.test,1
Activity/Property-Set,TreatyInXOLAddSpreading.xml,Rule-Obj-Activity,Param.StartDate,TreatyIn.Commencement
Activity/Property-Set,TreatyInXOLAddSpreading.xml,Rule-Obj-Activity,Param.TreatyDescID,"""10001"""
Activity/Property-Set,TreatyInXOLAddSpreading.xml,Rule-Obj-Activity,Param.TreatyGroupID,TreatyIn.Share(1).TreatyGroupList(1).TreatyGroupID
Activity/Property-Set,TreatyInXOLAddSpreading.xml,Rule-Obj-Activity,Param.TreatyYear,TreatyIn.TreatyYear
Activity/Property-Set,TreatyInXOLAddSpreading.xml,Rule-Obj-Activity,Param.pyReportClass,"""ASM-FW-GISFW-Int-PROPORTIONALARRG"""
Activity/Property-Set,TreatyInXOLAddSpreading.xml,Rule-Obj-Activity,Param.pyReportName,"""BrowseTreatyArrangement_ParentReinsMasterTrt"""
Activity/Property-Set,TreatyInXOLAddSpreading.xml,Rule-Obj-Activity,TreatyIn.FacShare,TreatyIn.FacultativeShare
Activity/Property-Set,TreatyInXOLAddSpreading.xml,Rule-Obj-Activity,TreatyIn.FacShareBrokerage,TreatyIn.FacultativeShareBrokerage
Activity/Property-Set,TreatyInXOLAddSpreading.xml,Rule-Obj-Activity,TreatyIn.TotalSpreadedNetPremi(<APPEND>).Currency,.Currency
Activity/Property-Set,TreatyInXOLAddSpreading.xml,Rule-Obj-Activity,TreatyIn.TotalSpreadedNetPremi(<LAST>).Value,.Value
Activity/Property-Set,TreatyInXOLAddSpreading.xml,Rule-Obj-Activity,TreatyIn.TotalSpreadedRnmProp(<APPEND>).Currency,.Currency
Activity/Property-Set,TreatyInXOLAddSpreading.xml,Rule-Obj-Activity,TreatyIn.TotalSpreadedRnmProp(<LAST>).Value,.Value
Activity/Property-Set,TreatyInXOLAddSpreading.xml,Rule-Obj-Activity,TreatyIn.TotalSpreadedRnmRIProp(<APPEND>).Currency,.Currency
Activity/Property-Set,TreatyInXOLAddSpreading.xml,Rule-Obj-Activity,TreatyIn.TotalSpreadedRnmRIProp(<LAST>).Value,.Value
Activity/Property-Set,TreatyInXOLAddSpreading.xml,Rule-Obj-Activity,local.idx,.pxListSubscript
Activity/Property-Set,TreatyInXOLAddSpreading.xml,Rule-Obj-Activity,local.idxreport,.pxListSubscript
Activity/Property-Set,TreatyInXOLAddSpreadingDetail.xml,Rule-Obj-Activity,.RNMSpreadedListRIXOL,""""""
Activity/Property-Set,TreatyInXOLAddSpreadingDetail.xml,Rule-Obj-Activity,.RNMSpreadedListXOL,""""""
Activity/Property-Set,TreatyInXOLAddSpreadingDetail.xml,Rule-Obj-Activity,.RnmGrossPremiDisplay,.GrossPremiumList
Activity/Property-Set,TreatyInXOLAddSpreadingDetail.xml,Rule-Obj-Activity,.RnmLimitListDisplay,.RnmLimitList
Activity/Property-Set,TreatyInXOLAddSpreadingDetail.xml,Rule-Obj-Activity,.Value,Local.Value + .Value
Activity/Property-Set,TreatyInXOLAddSpreadingDetail.xml,Rule-Obj-Activity,.Value,TreatyIn.Share(Param.idx).GrossPremiumList(.pxListSubscript).Value
Activity/Property-Set,TreatyInXOLAddSpreadingDetail.xml,Rule-Obj-Activity,Local.Currency,.Currency
Activity/Property-Set,TreatyInXOLAddSpreadingDetail.xml,Rule-Obj-Activity,Local.Index2,
Activity/Property-Set,TreatyInXOLAddSpreadingDetail.xml,Rule-Obj-Activity,Local.Value,.Value
Activity/Property-Set,TreatyInXOLAddSpreadingDetail.xml,Rule-Obj-Activity,Local.Value,0
Activity/Property-Set,TreatyInXOLAddSpreadingDetail.xml,Rule-Obj-Activity,Local.test,0
Activity/Property-Set,TreatyInXOLAddSpreadingDetail.xml,Rule-Obj-Activity,Local.test,1
Activity/Property-Set,TreatyInXOLAddSpreadingDetail.xml,Rule-Obj-Activity,TreatyIn.Share(<LAST>).GrossPremiumList(<LAST>).Value,".Value * @divide(Local.ShareCalc,100,4) * @divide(TreatyIn.ProRatePercent,100,4)"
Activity/Property-Set,TreatyInXOLAddSpreadingDetail.xml,Rule-Obj-Activity,TreatyIn.Share(Param.idx).GrossPremiumList(<APPEND>).Currency,.Currency
Activity/Property-Set,TreatyInXOLAddSpreadingDetail.xml,Rule-Obj-Activity,TreatyIn.Share(Param.idx).GrossPremiumList(<LAST>).Value,".Value * @divide(TreatyIn.Share(Param.idx).RNMShare,100,4)"
Activity/Property-Set,TreatyInXOLAddSpreadingDetail.xml,Rule-Obj-Activity,TreatyIn.Share(Param.idx).NetPremiumList,TreatyIn.Share(Param.idx).GrossPremiumList
Activity/Property-Set,TreatyInXOLAddSpreadingDetail.xml,Rule-Obj-Activity,TreatyIn.Share(Param.idx).RNMSpreadedListDeductRIXOL(<APPEND>).Value,((100-local.QSPCT)/100) * .Value
Activity/Property-Set,TreatyInXOLAddSpreadingDetail.xml,Rule-Obj-Activity,TreatyIn.Share(Param.idx).RNMSpreadedListDeductRIXOL(<LAST>).Currency,.Currency
Activity/Property-Set,TreatyInXOLAddSpreadingDetail.xml,Rule-Obj-Activity,TreatyIn.Share(Param.idx).RNMSpreadedListDeductXOL(<APPEND>).Value,(Local.QSPCT/100) * .Value
Activity/Property-Set,TreatyInXOLAddSpreadingDetail.xml,Rule-Obj-Activity,TreatyIn.Share(Param.idx).RNMSpreadedListDeductXOL(<LAST>).Currency,.Currency
Activity/Property-Set,TreatyInXOLAddSpreadingDetail.xml,Rule-Obj-Activity,TreatyIn.Share(Param.idx).RNMSpreadedListNetRIXOL(<APPEND>).Value,((100-local.QSPCT)/100) * .Value
Activity/Property-Set,TreatyInXOLAddSpreadingDetail.xml,Rule-Obj-Activity,TreatyIn.Share(Param.idx).RNMSpreadedListNetRIXOL(<LAST>).Currency,.Currency
Activity/Property-Set,TreatyInXOLAddSpreadingDetail.xml,Rule-Obj-Activity,TreatyIn.Share(Param.idx).RNMSpreadedListNetXOL(<APPEND>).Value,(local.QSPCT/100) * .Value
Activity/Property-Set,TreatyInXOLAddSpreadingDetail.xml,Rule-Obj-Activity,TreatyIn.Share(Param.idx).RNMSpreadedListNetXOL(<LAST>).Currency,.Currency
Activity/Property-Set,TreatyInXOLAddSpreadingDetail.xml,Rule-Obj-Activity,TreatyIn.Share(Param.idx).RnmLimitList(<APPEND>).Currency,.Currency
Activity/Property-Set,TreatyInXOLAddSpreadingDetail.xml,Rule-Obj-Activity,TreatyIn.Share(Param.idx).RnmLimitList(<APPEND>).Currency,.Currency2
Activity/Property-Set,TreatyInXOLAddSpreadingDetail.xml,Rule-Obj-Activity,TreatyIn.Share(Param.idx).RnmLimitList(<LAST>).Value,".Limit* @divide(TreatyIn.Share(Param.idx).RNMShare,100,4)"
Activity/Property-Set,TreatyInXOLAddSpreadingDetail.xml,Rule-Obj-Activity,TreatyIn.Share(Param.idx).RnmLimitList(<LAST>).Value,".Limit2 * @divide(TreatyIn.Share(Param.idx).RNMShare,100,4)"
Activity/Property-Set,TreatyInXOLAddSpreadingDetail.xml,Rule-Obj-Activity,TreatyIn.TotalSpreadedNetPremi(<APPEND>).Currency,.Currency
Activity/Property-Set,TreatyInXOLAddSpreadingDetail.xml,Rule-Obj-Activity,TreatyIn.TotalSpreadedNetPremi(<LAST>).Value,.Value
Activity/Property-Set,TreatyInXOLAddSpreadingDetail.xml,Rule-Obj-Activity,TreatyIn.TotalSpreadedNetPremiRI (<APPEND>).Currency,.Currency
Activity/Property-Set,TreatyInXOLAddSpreadingDetail.xml,Rule-Obj-Activity,TreatyIn.TotalSpreadedNetPremiRI (<LAST>).Value,.Value
Activity/Property-Set,TreatyInXOLAddSpreadingDetail.xml,Rule-Obj-Activity,TreatyIn.TotalSpreadedRnmProp(<APPEND>).Currency,.Currency
Activity/Property-Set,TreatyInXOLAddSpreadingDetail.xml,Rule-Obj-Activity,TreatyIn.TotalSpreadedRnmProp(<LAST>).Value,.Value
Activity/Property-Set,TreatyInXOLAddSpreadingDetail.xml,Rule-Obj-Activity,TreatyIn.TotalSpreadedRnmRIProp(<APPEND>).Currency,.Currency
Activity/Property-Set,TreatyInXOLAddSpreadingDetail.xml,Rule-Obj-Activity,TreatyIn.TotalSpreadedRnmRIProp(<LAST>).Value,.Value
Activity/Property-Set,TreatyInXOLAddSpreadingDetail.xml,Rule-Obj-Activity,local.QSPCT,.Pct
Activity/Property-Set,TreatyInXOLAddSpreadingDetailActual.xml,Rule-Obj-Activity,.RNMSpreadedListRIXOL,""""""
Activity/Property-Set,TreatyInXOLAddSpreadingDetailActual.xml,Rule-Obj-Activity,.RNMSpreadedListXOL,""""""
Activity/Property-Set,TreatyInXOLAddSpreadingDetailActual.xml,Rule-Obj-Activity,.RnmGrossPremiDisplay,.GrossPremiumList
Activity/Property-Set,TreatyInXOLAddSpreadingDetailActual.xml,Rule-Obj-Activity,.RnmLimitListDisplay,.RnmLimitList
Activity/Property-Set,TreatyInXOLAddSpreadingDetailActual.xml,Rule-Obj-Activity,.Value,Local.Value + .Value
Activity/Property-Set,TreatyInXOLAddSpreadingDetailActual.xml,Rule-Obj-Activity,.Value,TreatyIn.Share(Param.idx).GrossPremiumList(.pxListSubscript).Value
Activity/Property-Set,TreatyInXOLAddSpreadingDetailActual.xml,Rule-Obj-Activity,Local.Currency,.Currency
Activity/Property-Set,TreatyInXOLAddSpreadingDetailActual.xml,Rule-Obj-Activity,Local.Index2,
Activity/Property-Set,TreatyInXOLAddSpreadingDetailActual.xml,Rule-Obj-Activity,Local.Value,.Value
Activity/Property-Set,TreatyInXOLAddSpreadingDetailActual.xml,Rule-Obj-Activity,Local.Value,0
Activity/Property-Set,TreatyInXOLAddSpreadingDetailActual.xml,Rule-Obj-Activity,Local.test,0
Activity/Property-Set,TreatyInXOLAddSpreadingDetailActual.xml,Rule-Obj-Activity,Local.test,1
Activity/Property-Set,TreatyInXOLAddSpreadingDetailActual.xml,Rule-Obj-Activity,TreatyIn.ActualValue.Share(Param.idx).GrossPremiumList(<APPEND>).Currency,.Currency
Activity/Property-Set,TreatyInXOLAddSpreadingDetailActual.xml,Rule-Obj-Activity,TreatyIn.ActualValue.Share(Param.idx).GrossPremiumList(<LAST>).Value,".Value * @divide(TreatyIn.ActualValue.Share(Param.idx).RNMShare,100,4)"
Activity/Property-Set,TreatyInXOLAddSpreadingDetailActual.xml,Rule-Obj-Activity,TreatyIn.ActualValue.Share(Param.idx).NetPremiumList,TreatyIn.ActualValue.Share(Param.idx).GrossPremiumList
Activity/Property-Set,TreatyInXOLAddSpreadingDetailActual.xml,Rule-Obj-Activity,TreatyIn.ActualValue.Share(Param.idx).RNMSpreadedListDeductRIXOL(<APPEND>).Value,((100-local.QSPCT)/100) * .Value
Activity/Property-Set,TreatyInXOLAddSpreadingDetailActual.xml,Rule-Obj-Activity,TreatyIn.ActualValue.Share(Param.idx).RNMSpreadedListDeductRIXOL(<LAST>).Currency,.Currency
Activity/Property-Set,TreatyInXOLAddSpreadingDetailActual.xml,Rule-Obj-Activity,TreatyIn.ActualValue.Share(Param.idx).RNMSpreadedListDeductXOL(<APPEND>).Value,(Local.QSPCT/100) * .Value
Activity/Property-Set,TreatyInXOLAddSpreadingDetailActual.xml,Rule-Obj-Activity,TreatyIn.ActualValue.Share(Param.idx).RNMSpreadedListDeductXOL(<LAST>).Currency,.Currency
Activity/Property-Set,TreatyInXOLAddSpreadingDetailActual.xml,Rule-Obj-Activity,TreatyIn.ActualValue.Share(Param.idx).RNMSpreadedListNetRIXOL(<APPEND>).Value,((100-local.QSPCT)/100) * .Value
Activity/Property-Set,TreatyInXOLAddSpreadingDetailActual.xml,Rule-Obj-Activity,TreatyIn.ActualValue.Share(Param.idx).RNMSpreadedListNetRIXOL(<LAST>).Currency,.Currency
Activity/Property-Set,TreatyInXOLAddSpreadingDetailActual.xml,Rule-Obj-Activity,TreatyIn.ActualValue.Share(Param.idx).RNMSpreadedListNetXOL(<APPEND>).Value,(local.QSPCT/100) * .Value
Activity/Property-Set,TreatyInXOLAddSpreadingDetailActual.xml,Rule-Obj-Activity,TreatyIn.ActualValue.Share(Param.idx).RNMSpreadedListNetXOL(<LAST>).Currency,.Currency
Activity/Property-Set,TreatyInXOLAddSpreadingDetailActual.xml,Rule-Obj-Activity,TreatyIn.ActualValue.Share(Param.idx).RnmLimitList(<APPEND>).Currency,.Currency
Activity/Property-Set,TreatyInXOLAddSpreadingDetailActual.xml,Rule-Obj-Activity,TreatyIn.ActualValue.Share(Param.idx).RnmLimitList(<APPEND>).Currency,.Currency2
Activity/Property-Set,TreatyInXOLAddSpreadingDetailActual.xml,Rule-Obj-Activity,TreatyIn.ActualValue.Share(Param.idx).RnmLimitList(<LAST>).Value,".Limit* @divide(TreatyIn.ActualValue.Share(Param.idx).RNMShare,100,4)"
Activity/Property-Set,TreatyInXOLAddSpreadingDetailActual.xml,Rule-Obj-Activity,TreatyIn.ActualValue.Share(Param.idx).RnmLimitList(<LAST>).Value,".Limit2 * @divide(TreatyIn.ActualValue.Share(Param.idx).RNMShare,100,4)"
Activity/Property-Set,TreatyInXOLAddSpreadingDetailActual.xml,Rule-Obj-Activity,TreatyIn.Share(<LAST>).GrossPremiumList(<LAST>).Value,".Value * @divide(Local.ShareCalc,100,4) * @divide(TreatyIn.ProRatePercent,100,4)"
Activity/Property-Set,TreatyInXOLAddSpreadingDetailActual.xml,Rule-Obj-Activity,TreatyIn.TotalSpreadedNetPremi(<APPEND>).Currency,.Currency
Activity/Property-Set,TreatyInXOLAddSpreadingDetailActual.xml,Rule-Obj-Activity,TreatyIn.TotalSpreadedNetPremi(<LAST>).Value,.Value
Activity/Property-Set,TreatyInXOLAddSpreadingDetailActual.xml,Rule-Obj-Activity,TreatyIn.TotalSpreadedNetPremiRI (<APPEND>).Currency,.Currency
Activity/Property-Set,TreatyInXOLAddSpreadingDetailActual.xml,Rule-Obj-Activity,TreatyIn.TotalSpreadedNetPremiRI (<LAST>).Value,.Value
Activity/Property-Set,TreatyInXOLAddSpreadingDetailActual.xml,Rule-Obj-Activity,TreatyIn.TotalSpreadedRnmProp(<APPEND>).Currency,.Currency
Activity/Property-Set,TreatyInXOLAddSpreadingDetailActual.xml,Rule-Obj-Activity,TreatyIn.TotalSpreadedRnmProp(<LAST>).Value,.Value
Activity/Property-Set,TreatyInXOLAddSpreadingDetailActual.xml,Rule-Obj-Activity,TreatyIn.TotalSpreadedRnmRIProp(<APPEND>).Currency,.Currency
Activity/Property-Set,TreatyInXOLAddSpreadingDetailActual.xml,Rule-Obj-Activity,TreatyIn.TotalSpreadedRnmRIProp(<LAST>).Value,.Value
Activity/Property-Set,TreatyInXOLAddSpreadingDetailActual.xml,Rule-Obj-Activity,local.QSPCT,.Pct
Activity/Property-Set,TreatyInitAttach.xml,Rule-Obj-Activity,pyAttachmentPage.pzSkipCreateCMISDocument,"""Web"""
Activity/Property-Set,TreatyRevisionCopyAttachment.xml,Rule-Obj-Activity,Datain.CARI51,""""""
Activity/Property-Set,TreatyRevisionCopyAttachment.xml,Rule-Obj-Activity,Datain.CARI52,""""""
Activity/Property-Set,TreatyRevisionCopyAttachment.xml,Rule-Obj-Activity,Datain.CARI53,""""""
Activity/Property-Set,TreatyRevisionCopyAttachment.xml,Rule-Obj-Activity,Datain.CARI53,Param.FileBase64
Activity/Property-Set,TreatyRevisionCopyAttachment.xml,Rule-Obj-Activity,Param.FileURL,Datain.CARI52
Activity/Property-Set,TreatyRevisionCopyAttachment.xml,Rule-Obj-Activity,StatusDoc.CARI40,.category
Activity/Property-Set,TreatySaveAttachment.xml,Rule-Obj-Activity,.pyCategory,StatusDoc.CARI41
Activity/Property-Set,TreatySaveAttachment.xml,Rule-Obj-Activity,Datain.CARI50,""""""
Activity/Property-Set,TreatySaveAttachment.xml,Rule-Obj-Activity,Datain.CARI51,""""""
Activity/Property-Set,TreatySaveAttachment.xml,Rule-Obj-Activity,Local.Index,.pxListSubscript
Activity/Property-Set,TreatySaveAttachment.xml,Rule-Obj-Activity,Param.WorkInskey,TempData.pxObjClass
Activity/Property-Set,TreatySaveAttachment.xml,Rule-Obj-Activity,StatusDoc.CARI10,@ASM.GetPageJSONString()
Activity/Property-Set,TreatySaveAttachment.xml,Rule-Obj-Activity,StatusDoc.CARI12,TreatyIn.ID
Activity/Property-Set,TreatySaveAttachment.xml,Rule-Obj-Activity,StatusDoc.CARI19,1
DataTransform,AddCob.xml,Rule-Obj-Model,.COBList(<APPEND>).TreatyGroup,.TreatyGroup
DataTransform,AddCob.xml,Rule-Obj-Model,.COBList(<LAST>).TreatyGroupID,.TreatyGroupID
DataTransform,AddLimitRetentionCession.xml,Rule-Obj-Model,.CessionList(<APPEND>).Note,.TreatyType
DataTransform,AddLimitRetentionCession.xml,Rule-Obj-Model,.IOOLimitList(<APPEND>).Note,.TreatyType
DataTransform,AddLimitRetentionCession.xml,Rule-Obj-Model,.RetentionList(<APPEND>).Note,.TreatyType
DataTransform,Akseptasi_DT.xml,Rule-Obj-Model,TreatyIn.Position,""""""
DataTransform,Akseptasi_DT.xml,Rule-Obj-Model,TreatyIn.Position,"""ReasTreatyInAdmin"""
DataTransform,Akseptasi_DT.xml,Rule-Obj-Model,TreatyIn.Position,"""ReasTreatyInDeptHead"""
DataTransform,Akseptasi_DT.xml,Rule-Obj-Model,TreatyIn.Position,"""ReasTreatyInDirector"""
DataTransform,Akseptasi_DT.xml,Rule-Obj-Model,TreatyIn.Position,"""ReasTreatyInSecHead"""
DataTransform,Akseptasi_DT.xml,Rule-Obj-Model,TreatyIn.PositionUsername,""""""
DataTransform,Akseptasi_DT.xml,Rule-Obj-Model,TreatyIn.PositionUsername,"""AGUNGPUTRAANDALAS"""
DataTransform,Akseptasi_DT.xml,Rule-Obj-Model,TreatyIn.PositionUsername,"""IRVANDY"""
DataTransform,Akseptasi_DT.xml,Rule-Obj-Model,TreatyIn.PositionUsername,"""NANDINA"""
DataTransform,Akseptasi_DT.xml,Rule-Obj-Model,TreatyIn.PositionUsername,"""YOHANESKRISTIAWAN"""
DataTransform,Akseptasi_DT.xml,Rule-Obj-Model,TreatyIn.PositionUsername,TreatyIn.CommentList(1).OperatorName
DataTransform,Akseptasi_DT.xml,Rule-Obj-Model,TreatyIn.PositionUsername,TreatyIn.CommentList(<LAST>).OperatorName
DataTransform,Akseptasi_DT.xml,Rule-Obj-Model,TreatyIn.RevisionState,""""""
DataTransform,Akseptasi_DT.xml,Rule-Obj-Model,TreatyIn.RevisionState,"""1"""
DataTransform,Akseptasi_DT.xml,Rule-Obj-Model,TreatyIn.StatusAkseptasi,"""Accept"""
DataTransform,Akseptasi_DT.xml,Rule-Obj-Model,TreatyIn.StatusAkseptasi,"""Decline"""
DataTransform,Akseptasi_DT.xml,Rule-Obj-Model,TreatyIn.StatusAkseptasi,"""Reject"""
DataTransform,Akseptasi_DT.xml,Rule-Obj-Model,TreatyIn.StatusAkseptasi,"""Resolve Complete"""
DataTransform,Akseptasi_DT.xml,Rule-Obj-Model,TreatyIn.ViewState,""""""
DataTransform,CalculateReinstatement.xml,Rule-Obj-Model,Param.ID,.ID
DataTransform,CalculateReinstatement.xml,Rule-Obj-Model,TreatyIn.Limits(@toInt(Param.ID)).Reinstatement_List(Param.Subscript).ReinstatementAmount1,"@divide(TreatyIn.Limits(@toInt(Param.ID)).Reinstatement_List(Param.Subscript).AdditionalPct,100,12) * TreatyIn.Limits(@t"
DataTransform,CalculateReinstatement.xml,Rule-Obj-Model,TreatyIn.Limits(@toInt(Param.ID)).Reinstatement_List(Param.Subscript).ReinstatementAmount2,"@divide(TreatyIn.Limits(@toInt(Param.ID)).Reinstatement_List(Param.Subscript).AdditionalPct,100,12) * TreatyIn.Limits(@t"
DataTransform,CalculateReinstatementPct.xml,Rule-Obj-Model,Param.ID,.ID
DataTransform,CalculateReinstatementPct.xml,Rule-Obj-Model,TreatyIn.Limits(@toInt(Param.ID)).Reinstatement_List(Param.Subscript).ReinstatementPct,"@divide(TreatyIn.Limits(@toInt(Param.ID)).Reinstatement_List(Param.Subscript).ReinstatementAmount1, TreatyIn.Limits(@toI"
DataTransform,CountTotalPctSpead.xml,Rule-Obj-Model,.SpreadingList,
DataTransform,CountTotalPctSpead.xml,Rule-Obj-Model,.SpreadingTotalPct,Param.TotalPct
DataTransform,CountTotalPctSpead.xml,Rule-Obj-Model,Param.TotalPct,0
DataTransform,CountTotalPctSpead.xml,Rule-Obj-Model,Param.TotalPct,@toDecimal(Param.TotalPct)+.Pct
DataTransform,CountTotalPctSpreadXOL.xml,Rule-Obj-Model,.SpreadingListXOL,
DataTransform,CountTotalPctSpreadXOL.xml,Rule-Obj-Model,.SpreadingTotalPctXOL,Param.TotalPct
DataTransform,CountTotalPctSpreadXOL.xml,Rule-Obj-Model,Param.TotalPct,0
DataTransform,CountTotalPctSpreadXOL.xml,Rule-Obj-Model,Param.TotalPct,@toDecimal(Param.TotalPct)+.Pct
DataTransform,DeleteCoB.xml,Rule-Obj-Model,.COBList(param.subscript),
DataTransform,ReCalculateReinstatement.xml,Rule-Obj-Model,@SizeOfPropertyList(TreatyIn.Limits(.pxListSubscript).MDPList)>1,
DataTransform,ReCalculateReinstatement.xml,Rule-Obj-Model,Param.ID,.ID
DataTransform,ReCalculateReinstatement.xml,Rule-Obj-Model,TreatyIn.Limits(.pxListSubscript).Reinstatement_List(Param.Subscript).AdditionalAmount1,"@if(TreatyIn.Limits(.pxListSubscript).MDPList(1).Currency==""IDR"",@divide(TreatyIn.Limits(.pxListSubscript).Reinstatement"
DataTransform,ReCalculateReinstatement.xml,Rule-Obj-Model,TreatyIn.Limits(.pxListSubscript).Reinstatement_List(Param.Subscript).AdditionalAmount2,"@if(TreatyIn.Limits(.pxListSubscript).MDPList(1).Currency==""USD"",@divide(TreatyIn.Limits(.pxListSubscript).Reinstatement"
DataTransform,ReCalculateReinstatement.xml,Rule-Obj-Model,TreatyIn.Limits(.pxListSubscript).Reinstatement_List(Param.Subscript).AdditionalAmount2,"@if(TreatyIn.Limits(.pxListSubscript).MDPList(2).Currency==""USD"",@divide(TreatyIn.Limits(.pxListSubscript).Reinstatement"
DataTransform,Reset_DT.xml,Rule-Obj-Model,SearchData.CARI2,""""""
DataTransform,SetCoB.xml,Rule-Obj-Model,.ClassOfBusiness,param.business
DataTransform,SetCoB.xml,Rule-Obj-Model,.ClassOfBusinessID,param.businessID
DataTransform,SetCoBID.xml,Rule-Obj-Model,.ClassOfBusinessID,param.id
DataTransform,SetCurrencyID.xml,Rule-Obj-Model,.Currency,param.Currency
DataTransform,SetCurrencyID.xml,Rule-Obj-Model,.CurrencyID,param.ID
DataTransform,SetDetailsID.xml,Rule-Obj-Model,.ID,.pxListSubscript
DataTransform,SetIndexLayer_DT.xml,Rule-Obj-Model,.Layer,Param.idxlimit
DataTransform,SetIndexLayer_DT.xml,Rule-Obj-Model,.LayerList,
DataTransform,SetIndexLayer_DT.xml,Rule-Obj-Model,Param.idxlimit,.pxListSubscript
DataTransform,SetIndexLayer_DT.xml,Rule-Obj-Model,TreatyIn.Limits,
DataTransform,SetParamRetro.xml,Rule-Obj-Model,Search.PNCSearch,Param.Type
DataTransform,SetTreatyGroupID.xml,Rule-Obj-Model,.TreatyGroup,param.treatygroup
DataTransform,SetTreatyGroupID.xml,Rule-Obj-Model,.TreatyGroupID,param.treatygroupid
DataTransform,ShareRetroFacultative_DT.xml,Rule-Obj-Model,TreatyIn.FacultativeShare,""""""
DataTransform,ShareRetroFacultative_DT.xml,Rule-Obj-Model,TreatyIn.FacultativeShareBrokerage,""""""
DataTransform,ShareRetroFacultative_DT.xml,Rule-Obj-Model,TreatyIn.ShareFacultativeReinsurers,
DataTransform,TreatyCalculateProratePct.xml,Rule-Obj-Model,Param.Commencement,"TreatyIn.Commencement + ""T150000.000 GMT"""
DataTransform,TreatyCalculateProratePct.xml,Rule-Obj-Model,Param.EDMEffective,"TreatyIn.EDMEffective + ""T150000.000 GMT"""
DataTransform,TreatyCalculateProratePct.xml,Rule-Obj-Model,Param.Termination,"TreatyIn.Termination + ""T150000.000 GMT"""
DataTransform,TreatyCalculateProratePct.xml,Rule-Obj-Model,TreatyIn.ProRateDays,0
DataTransform,TreatyCalculateProratePct.xml,Rule-Obj-Model,TreatyIn.ProRateDays,"@DateTimeDifference(Param.EDMEffective, Param.Termination , 'D')"
DataTransform,TreatyCalculateProratePct.xml,Rule-Obj-Model,TreatyIn.ProRatePercent,0
DataTransform,TreatyCalculateProratePct.xml,Rule-Obj-Model,TreatyIn.ProRatePercent,"@divide(TreatyIn.ProRateDays, TreatyIn.ProRateTotalDays)"
DataTransform,TreatyCalculateProratePct.xml,Rule-Obj-Model,TreatyIn.ProRatePercent,TreatyIn.ProRatePercent * 100
DataTransform,TreatyCalculateProratePct.xml,Rule-Obj-Model,TreatyIn.ProRateTotalDays,0
DataTransform,TreatyCalculateProratePct.xml,Rule-Obj-Model,TreatyIn.ProRateTotalDays,"@DateTimeDifference(Param.Commencement, Param.Termination, 'D')"
DataTransform,TreatyCreateEDM.xml,Rule-Obj-Model,TreatyIn,""""""
DataTransform,TreatyCreateEDM.xml,Rule-Obj-Model,TreatyIn.EDMState,"""1"""
DataTransform,TreatyCreateEDM.xml,Rule-Obj-Model,TreatyIn.EDMState,"""3"""
DataTransform,TreatyInAddAccumulation.xml,Rule-Obj-Model,Append,
DataTransform,TreatyInAddAccumulation.xml,Rule-Obj-Model,Count Existing period,
DataTransform,TreatyInAddAccumulation.xml,Rule-Obj-Model,Set keyword per period,
DataTransform,TreatyInAddAccumulation.xml,Rule-Obj-Model,TreatyIn.AccumulationList,
DataTransform,TreatyInAddAccumulation.xml,Rule-Obj-Model,TreatyIn.AccumulationList(<APPEND>).Period,param.keyword + (param.Count+1)
DataTransform,TreatyInAddAccumulation.xml,Rule-Obj-Model,param.Count,param.Count+1
DataTransform,TreatyInAddAccumulation.xml,Rule-Obj-Model,param.keyword,"""H """
DataTransform,TreatyInAddAccumulation.xml,Rule-Obj-Model,param.keyword,"""M """
DataTransform,TreatyInAddAccumulation.xml,Rule-Obj-Model,param.keyword,"""Q """
DataTransform,TreatyInAddAccumulation.xml,Rule-Obj-Model,param.keyword,"""T """
DataTransform,TreatyInAddNew.xml,Rule-Obj-Model,TreatyIn.Position,"""ReasTreatyInAdmin"""
DataTransform,TreatyInAddNew.xml,Rule-Obj-Model,TreatyIn.PositionUsername,OperatorID.pxInsName
DataTransform,TreatyInCedingSetToUppercase.xml,Rule-Obj-Model,InputData.CARI2,@toUpperCase(param.input)
DataTransform,TreatyInCopyConditions.xml,Rule-Obj-Model,TreatyIn.Exclusions,TreatyIn.ExclusionsP
DataTransform,TreatyInCopyConditions.xml,Rule-Obj-Model,TreatyIn.SpecialConditions,TreatyIn.SpecialConditionsP
DataTransform,TreatyInDeleteAccumulationLists.xml,Rule-Obj-Model,TreatyIn.AccumulationList,
DataTransform,TreatyInForceEdit.xml,Rule-Obj-Model,TreatyIn.ViewState,0
DataTransform,TreatyInForceResolveComplete.xml,Rule-Obj-Model,TreatyIn.Position,""""""
DataTransform,TreatyInForceResolveComplete.xml,Rule-Obj-Model,TreatyIn.PositionUsername,""""""
DataTransform,TreatyInForceResolveComplete.xml,Rule-Obj-Model,TreatyIn.StatusAkseptasi,"""Resolve Complete"""
DataTransform,TreatyInIDSetPyPortal.xml,Rule-Obj-Model,pyPortal.pyMemo,param.subscript
DataTransform,TreatyInIDSetPyPortal.xml,Rule-Obj-Model,pyPortal.pyNote,TreatyIn.ID
DataTransform,TreatyInRemoveLastComment.xml,Rule-Obj-Model,TreatyIn.CommentList(<LAST>),
DataTransform,TreatyInReturntoInputor.xml,Rule-Obj-Model,TreatyIn.Position,"""ReasTreatyInAdmin"""
DataTransform,TreatyInReturntoInputor.xml,Rule-Obj-Model,TreatyIn.PositionUsername,""""""
DataTransform,TreatyInReturntoInputor.xml,Rule-Obj-Model,TreatyIn.StatusAkseptasi,""""""
DataTransform,TreatyInSetEdit.xml,Rule-Obj-Model,TreatyIn.Comment,""""""
DataTransform,TreatyInSetEdit.xml,Rule-Obj-Model,TreatyIn.IsEditData,0
DataTransform,TreatyInSetEdit.xml,Rule-Obj-Model,TreatyIn.Position,"""ReasTreatyInAdmin"""
DataTransform,TreatyInSetEdit.xml,Rule-Obj-Model,TreatyIn.PositionUsername,OperatorID.pxInsName
DataTransform,TreatyInSetEdit.xml,Rule-Obj-Model,TreatyIn.StatusAkseptasi,""""""
DataTransform,TreatyInSetEdit.xml,Rule-Obj-Model,TreatyIn.ViewState,0
DataTransform,TreatyInSetEdit.xml,Rule-Obj-Model,TreatyIn.ViewState,1
DataTransform,TreatyInSetEditPre.xml,Rule-Obj-Model,TreatyIn.ActualValue.EGNPI,TreatyIn.EGNPI
DataTransform,TreatyInSetEditPre.xml,Rule-Obj-Model,TreatyIn.AddendumPremi,"""1"""
DataTransform,TreatyInSetEditPre.xml,Rule-Obj-Model,TreatyIn.CommentList(<APPEND>).IsApproved,""""""
DataTransform,TreatyInSetEditPre.xml,Rule-Obj-Model,TreatyIn.CommentList(<LAST>).Date,@CurrentDateTime()
DataTransform,TreatyInSetEditPre.xml,Rule-Obj-Model,TreatyIn.CommentList(<LAST>).OperatorName,OperatorID.pxInsName
DataTransform,TreatyInSetEditPre.xml,Rule-Obj-Model,TreatyIn.CommentList(<LAST>).Suggest,"OperatorID.pxInsName + ""  "" + ""Had Created Addendum Premium"""
DataTransform,TreatyInSetEditPre.xml,Rule-Obj-Model,TreatyIn.CommentList(<LAST>).Suggest,"OperatorID.pxInsName + ""  "" + ""Had Created External Addendum"""
DataTransform,TreatyInSetEditPre.xml,Rule-Obj-Model,TreatyIn.CommentList(<LAST>).Suggest,"OperatorID.pxInsName + ""  "" + ""Had Created Internal Edit"""
DataTransform,TreatyInSetEditPre.xml,Rule-Obj-Model,TreatyIn.EDMEffective,TreatyIn.Commencement
DataTransform,TreatyInSetPeriod.xml,Rule-Obj-Model,TreatyIn.ReportingPeriod,"""quarter"""
DataTransform,TreatyInSetReinsured.xml,Rule-Obj-Model,TreatyIn.Ceding,param.name
DataTransform,TreatyInSetReinsured.xml,Rule-Obj-Model,TreatyIn.CedingID,param.id
DataTransform,TreatyInSetReinsured.xml,Rule-Obj-Model,TreatyIn.LeadingReinsSource,param.name
DataTransform,TreatyInSetReinsured.xml,Rule-Obj-Model,TreatyIn.LeadingReinsSourceID,param.id
DataTransform,TreatyInSetTreatyYear.xml,Rule-Obj-Model,TreatyIn.Termination,"@addCalendar(TreatyIn.Commencement,""1"",""0"",""0"",""0"",""0"",""0"",""0"")"
DataTransform,TreatyInSetTreatyYear.xml,Rule-Obj-Model,TreatyIn.TreatyYear,"@substring(TreatyIn.Commencement,0,4)"
DataTransform,TreatyInShowHide.xml,Rule-Obj-Model,SearchFilter.CARI1,"""0"""
DataTransform,TreatyInShowHide.xml,Rule-Obj-Model,SearchFilter.CARI1,"""1"""
DataTransform,TreatyInShowHideFacShare.xml,Rule-Obj-Model,facsharedisp.CARI1,param.type
DataTransform,TreatyTypeSetIndex.xml,Rule-Obj-Model,.Detail,
DataTransform,TreatyTypeSetIndex.xml,Rule-Obj-Model,.ID,.pxListSubscript
DataTransform,TreatyTypeSetIndex.xml,Rule-Obj-Model,.TreatyType,.TreatyType
DataTransform,setCategoryAttachment_DT.xml,Rule-Obj-Model,Attachment.pxResults(1).NOTE,"""LIFE"""
Harness/Section-pemetaan,CoBList.xml,Rule-HTML-Section,.ClassOfBusinessID,.BizCode
Harness/Section-pemetaan,CoBList.xml,Rule-HTML-Section,.TreatyGroupID,.ID
Harness/Section-pemetaan,CoBList.xml,Rule-HTML-Section,Associated property,.BIZNAME
Harness/Section-pemetaan,CoBList.xml,Rule-HTML-Section,Associated property,.TreatyGroupName
Harness/Section-pemetaan,CoBListOldData.xml,Rule-HTML-Section,.ClassOfBusinessID,.BizCode
Harness/Section-pemetaan,CoBListOldData.xml,Rule-HTML-Section,.TreatyGroupID,.ID
Harness/Section-pemetaan,CoBListOldData.xml,Rule-HTML-Section,Associated property,.BIZNAME
Harness/Section-pemetaan,CoBListOldData.xml,Rule-HTML-Section,Associated property,.TreatyGroupName
Harness/Section-pemetaan,CoBListReadOnly.xml,Rule-HTML-Section,.ClassOfBusinessID,.BizCode
Harness/Section-pemetaan,CoBListReadOnly.xml,Rule-HTML-Section,.TreatyGroupID,.ID
Harness/Section-pemetaan,CoBListReadOnly.xml,Rule-HTML-Section,Associated property,.BIZNAME
Harness/Section-pemetaan,CoBListReadOnly.xml,Rule-HTML-Section,Associated property,.TreatyGroupName
Harness/Section-pemetaan,DetailEGNPI.xml,Rule-HTML-Section,.CurrencyID,.ID
Harness/Section-pemetaan,DetailEGNPI.xml,Rule-HTML-Section,.TreatyGroupID,.ID
Harness/Section-pemetaan,DetailEGNPI.xml,Rule-HTML-Section,Associated property,.Currency
Harness/Section-pemetaan,DetailEGNPI.xml,Rule-HTML-Section,Associated property,.TreatyGroupName
Harness/Section-pemetaan,DetailEGNPIOldData.xml,Rule-HTML-Section,.CurrencyID,.ID
Harness/Section-pemetaan,DetailEGNPIOldData.xml,Rule-HTML-Section,.TreatyGroupID,.ID
Harness/Section-pemetaan,DetailEGNPIOldData.xml,Rule-HTML-Section,Associated property,.Currency
Harness/Section-pemetaan,DetailEGNPIOldData.xml,Rule-HTML-Section,Associated property,.TreatyGroupName
Harness/Section-pemetaan,DetailLimits.xml,Rule-HTML-Section,.ClassOfBusinessID,.BizCode
Harness/Section-pemetaan,DetailLimits.xml,Rule-HTML-Section,.CurrencyID,.ID
Harness/Section-pemetaan,DetailLimits.xml,Rule-HTML-Section,Associated property,.BIZNAME
Harness/Section-pemetaan,DetailLimits.xml,Rule-HTML-Section,Associated property,.Currency
Harness/Section-pemetaan,DetailLimitsOldData.xml,Rule-HTML-Section,.ClassOfBusinessID,.BizCode
Harness/Section-pemetaan,DetailLimitsOldData.xml,Rule-HTML-Section,.CurrencyID,.ID
Harness/Section-pemetaan,DetailLimitsOldData.xml,Rule-HTML-Section,.TreatyGroupID,.ID
Harness/Section-pemetaan,DetailLimitsOldData.xml,Rule-HTML-Section,Associated property,.BIZNAME
Harness/Section-pemetaan,DetailLimitsOldData.xml,Rule-HTML-Section,Associated property,.Currency
Harness/Section-pemetaan,DetailLimitsOldData.xml,Rule-HTML-Section,Associated property,.TreatyGroupName
Harness/Section-pemetaan,InputTreatyInOffer.xml,Rule-HTML-Harness,.CurrencyID,.ID
Harness/Section-pemetaan,InputTreatyInOffer.xml,Rule-HTML-Harness,.ReinsID,.ID
Harness/Section-pemetaan,InputTreatyInOffer.xml,Rule-HTML-Harness,.TreatyGroupID,.ID
Harness/Section-pemetaan,InputTreatyInOffer.xml,Rule-HTML-Harness,.TreatyTypeID,.ID
Harness/Section-pemetaan,InputTreatyInOffer.xml,Rule-HTML-Harness,Associated property,.ClientName
Harness/Section-pemetaan,InputTreatyInOffer.xml,Rule-HTML-Harness,Associated property,.Currency
Harness/Section-pemetaan,InputTreatyInOffer.xml,Rule-HTML-Harness,Associated property,.Name
Harness/Section-pemetaan,InputTreatyInOffer.xml,Rule-HTML-Harness,Associated property,.Note
Harness/Section-pemetaan,InputTreatyInOffer.xml,Rule-HTML-Harness,Associated property,.TreatyGroupName
Harness/Section-pemetaan,InputTreatyInOffer.xml,Rule-HTML-Harness,TreatyIn.CedingID,.ID
Harness/Section-pemetaan,InputTreatyInOffer.xml,Rule-HTML-Harness,TreatyIn.CedingStatusActive,.StatusActive
Harness/Section-pemetaan,InputTreatyInOffer.xml,Rule-HTML-Harness,TreatyIn.LeadingReinsSourceID,.ID
Harness/Section-pemetaan,InputTreatyInOffer.xml,Rule-HTML-Harness,TreatyIn.SourceStatusActive,.StatusActive
Harness/Section-pemetaan,InputTreatyInOffer.xml,Rule-HTML-Section,.CurrencyID,.ID
Harness/Section-pemetaan,InputTreatyInOffer.xml,Rule-HTML-Section,.ReinsID,.ID
Harness/Section-pemetaan,InputTreatyInOffer.xml,Rule-HTML-Section,.TreatyGroupID,.ID
Harness/Section-pemetaan,InputTreatyInOffer.xml,Rule-HTML-Section,.TreatyTypeID,.ID
Harness/Section-pemetaan,InputTreatyInOffer.xml,Rule-HTML-Section,Associated property,.ClientName
Harness/Section-pemetaan,InputTreatyInOffer.xml,Rule-HTML-Section,Associated property,.Currency
Harness/Section-pemetaan,InputTreatyInOffer.xml,Rule-HTML-Section,Associated property,.Name
Harness/Section-pemetaan,InputTreatyInOffer.xml,Rule-HTML-Section,Associated property,.Note
Harness/Section-pemetaan,InputTreatyInOffer.xml,Rule-HTML-Section,Associated property,.TreatyGroupName
Harness/Section-pemetaan,InputTreatyInOffer.xml,Rule-HTML-Section,TreatyIn.CedingID,.ID
Harness/Section-pemetaan,InputTreatyInOffer.xml,Rule-HTML-Section,TreatyIn.CedingStatusActive,.StatusActive
Harness/Section-pemetaan,InputTreatyInOffer.xml,Rule-HTML-Section,TreatyIn.LeadingReinsSourceID,.ID
Harness/Section-pemetaan,InputTreatyInOffer.xml,Rule-HTML-Section,TreatyIn.SourceStatusActive,.StatusActive
Harness/Section-pemetaan,Layers.xml,Rule-HTML-Section,.CurrencyID,.ID
Harness/Section-pemetaan,Layers.xml,Rule-HTML-Section,.TreatyGroupID,.ID
Harness/Section-pemetaan,Layers.xml,Rule-HTML-Section,Associated property,.Currency
Harness/Section-pemetaan,Layers.xml,Rule-HTML-Section,Associated property,.TreatyGroupName
Harness/Section-pemetaan,LayersEDM.xml,Rule-HTML-Section,.CurrencyID,.ID
Harness/Section-pemetaan,LayersEDM.xml,Rule-HTML-Section,.TreatyGroupID,.ID
Harness/Section-pemetaan,LayersEDM.xml,Rule-HTML-Section,Associated property,.Currency
Harness/Section-pemetaan,LayersEDM.xml,Rule-HTML-Section,Associated property,.TreatyGroupName
Harness/Section-pemetaan,LayersOldData.xml,Rule-HTML-Section,.CurrencyID,.ID
Harness/Section-pemetaan,LayersOldData.xml,Rule-HTML-Section,.TreatyGroupID,.ID
Harness/Section-pemetaan,LayersOldData.xml,Rule-HTML-Section,Associated property,.Currency
Harness/Section-pemetaan,LayersOldData.xml,Rule-HTML-Section,Associated property,.TreatyGroupName
Harness/Section-pemetaan,LimitFacRetro_Sec.xml,Rule-HTML-Section,.TreatyTypeID,.ID
Harness/Section-pemetaan,LimitFacRetro_Sec.xml,Rule-HTML-Section,Associated property,.Note
Harness/Section-pemetaan,LimitProportional.xml,Rule-HTML-Section,.ClassOfBusinessID,.ID
Harness/Section-pemetaan,LimitProportional.xml,Rule-HTML-Section,Associated property,.Note
Harness/Section-pemetaan,LimitProportionalOldData.xml,Rule-HTML-Section,.ClassOfBusinessID,.ID
Harness/Section-pemetaan,LimitProportionalOldData.xml,Rule-HTML-Section,.TreatyTypeID,.ID
Harness/Section-pemetaan,LimitProportionalOldData.xml,Rule-HTML-Section,Associated property,.Note
Harness/Section-pemetaan,MaxRetention.xml,Rule-HTML-Section,.CurrencyID,.ID
Harness/Section-pemetaan,MaxRetention.xml,Rule-HTML-Section,.TreatyGroupID,.ID
Harness/Section-pemetaan,MaxRetention.xml,Rule-HTML-Section,Associated property,.Currency
Harness/Section-pemetaan,MaxRetention.xml,Rule-HTML-Section,Associated property,.TreatyGroupName
Harness/Section-pemetaan,MaxRetentionOldData.xml,Rule-HTML-Section,.CurrencyID,.ID
Harness/Section-pemetaan,MaxRetentionOldData.xml,Rule-HTML-Section,.TreatyGroupID,.ID
Harness/Section-pemetaan,MaxRetentionOldData.xml,Rule-HTML-Section,Associated property,.Currency
Harness/Section-pemetaan,MaxRetentionOldData.xml,Rule-HTML-Section,Associated property,.TreatyGroupName
Harness/Section-pemetaan,Share.xml,Rule-HTML-Section,.CurrencyID,.ID
Harness/Section-pemetaan,Share.xml,Rule-HTML-Section,.TreatyGroupID,.ID
Harness/Section-pemetaan,Share.xml,Rule-HTML-Section,Associated property,.Currency
Harness/Section-pemetaan,Share.xml,Rule-HTML-Section,Associated property,.TreatyGroupName
Harness/Section-pemetaan,ShareOldData.xml,Rule-HTML-Section,.CurrencyID,.ID
Harness/Section-pemetaan,ShareOldData.xml,Rule-HTML-Section,.TreatyGroupID,.ID
Harness/Section-pemetaan,ShareOldData.xml,Rule-HTML-Section,Associated property,.Currency
Harness/Section-pemetaan,ShareOldData.xml,Rule-HTML-Section,Associated property,.TreatyGroupName
Harness/Section-pemetaan,ShareRetro.xml,Rule-HTML-Section,.CurrencyID,.ID
Harness/Section-pemetaan,ShareRetro.xml,Rule-HTML-Section,.SpreadingTypeXOLRetroID,.ID
Harness/Section-pemetaan,ShareRetro.xml,Rule-HTML-Section,.TreatyGroupID,.ID
Harness/Section-pemetaan,ShareRetro.xml,Rule-HTML-Section,Associated property,.Currency
Harness/Section-pemetaan,ShareRetro.xml,Rule-HTML-Section,Associated property,.Note
Harness/Section-pemetaan,ShareRetro.xml,Rule-HTML-Section,Associated property,.TreatyGroupName
Harness/Section-pemetaan,ShareRetro.xml,Rule-HTML-Section,OutputParam.CARI1,.ID
Harness/Section-pemetaan,ShareRetro.xml,Rule-HTML-Section,OutputParam.CARI2,.Note
Harness/Section-pemetaan,TotalLimits.xml,Rule-HTML-Section,Associated property,.Note
Harness/Section-pemetaan,TotalLimitsOldData.xml,Rule-HTML-Section,Associated property,.Note
Harness/Section-pemetaan,TotalLimitsRetro.xml,Rule-HTML-Section,Associated property,.Note
Harness/Section-pemetaan,TreatyInActualShare.xml,Rule-HTML-Section,.ReinsID,.ID
Harness/Section-pemetaan,TreatyInActualShare.xml,Rule-HTML-Section,Associated property,.ClientName
Harness/Section-pemetaan,TreatyInFacultativeRetro.xml,Rule-HTML-Section,.ReinsID,.ID
Harness/Section-pemetaan,TreatyInFacultativeRetro.xml,Rule-HTML-Section,Associated property,.ClientName
Harness/Section-pemetaan,TreatyInNONProportional.xml,Rule-HTML-Section,.CurrencyID,.ID
Harness/Section-pemetaan,TreatyInNONProportional.xml,Rule-HTML-Section,.ReinsID,.ID
Harness/Section-pemetaan,TreatyInNONProportional.xml,Rule-HTML-Section,.TreatyGroupID,.ID
Harness/Section-pemetaan,TreatyInNONProportional.xml,Rule-HTML-Section,.TreatyTypeID,.ID
Harness/Section-pemetaan,TreatyInNONProportional.xml,Rule-HTML-Section,Associated property,.ClientName
Harness/Section-pemetaan,TreatyInNONProportional.xml,Rule-HTML-Section,Associated property,.Currency
Harness/Section-pemetaan,TreatyInNONProportional.xml,Rule-HTML-Section,Associated property,.Name
Harness/Section-pemetaan,TreatyInNONProportional.xml,Rule-HTML-Section,Associated property,.Note
Harness/Section-pemetaan,TreatyInNONProportional.xml,Rule-HTML-Section,Associated property,.TreatyGroupName
Harness/Section-pemetaan,TreatyInNONProportional.xml,Rule-HTML-Section,TreatyIn.CedingID,.ID
Harness/Section-pemetaan,TreatyInNONProportional.xml,Rule-HTML-Section,TreatyIn.CedingStatusActive,.StatusActive
Harness/Section-pemetaan,TreatyInNONProportional.xml,Rule-HTML-Section,TreatyIn.LeadingReinsSourceID,.ID
Harness/Section-pemetaan,TreatyInNONProportional.xml,Rule-HTML-Section,TreatyIn.SourceStatusActive,.StatusActive
Harness/Section-pemetaan,TreatyInNONProportionalOldData.xml,Rule-HTML-Section,.CurrencyID,.ID
Harness/Section-pemetaan,TreatyInNONProportionalOldData.xml,Rule-HTML-Section,.TreatyGroupID,.ID
Harness/Section-pemetaan,TreatyInNONProportionalOldData.xml,Rule-HTML-Section,.TreatyTypeID,.ID
Harness/Section-pemetaan,TreatyInNONProportionalOldData.xml,Rule-HTML-Section,Associated property,.Currency
Harness/Section-pemetaan,TreatyInNONProportionalOldData.xml,Rule-HTML-Section,Associated property,.Note
Harness/Section-pemetaan,TreatyInNONProportionalOldData.xml,Rule-HTML-Section,Associated property,.TreatyGroupName
Harness/Section-pemetaan,TreatyInShareProp.xml,Rule-HTML-Section,.TreatyTypeID,.ID
Harness/Section-pemetaan,TreatyInShareProp.xml,Rule-HTML-Section,Associated property,.Note
Harness/Section-pemetaan,TreatyInTabsNPValueDifferenceProRate.xml,Rule-HTML-Section,.ReinsID,.ID
Harness/Section-pemetaan,TreatyInTabsNPValueDifferenceProRate.xml,Rule-HTML-Section,Associated property,.ClientName
Harness/Section-pemetaan,TreatyInTabsNPValueDifference_NoProRate.xml,Rule-HTML-Section,.ReinsID,.ID
Harness/Section-pemetaan,TreatyInTabsNPValueDifference_NoProRate.xml,Rule-HTML-Section,Associated property,.ClientName
Harness/Section-pemetaan,TreatyInTabsNonProportional.xml,Rule-HTML-Section,.CurrencyID,.ID
Harness/Section-pemetaan,TreatyInTabsNonProportional.xml,Rule-HTML-Section,.ReinsID,.ID
Harness/Section-pemetaan,TreatyInTabsNonProportional.xml,Rule-HTML-Section,.TreatyGroupID,.ID
Harness/Section-pemetaan,TreatyInTabsNonProportional.xml,Rule-HTML-Section,Associated property,.ClientName
Harness/Section-pemetaan,TreatyInTabsNonProportional.xml,Rule-HTML-Section,Associated property,.Currency
Harness/Section-pemetaan,TreatyInTabsNonProportional.xml,Rule-HTML-Section,Associated property,.TreatyGroupName
Harness/Section-pemetaan,TreatyInTabsNonProportionalOldData.xml,Rule-HTML-Section,.TreatyGroupID,.ID
Harness/Section-pemetaan,TreatyInTabsNonProportionalOldData.xml,Rule-HTML-Section,Associated property,.TreatyGroupName
Harness/Section-pemetaan,TreatyInTabsNonProportionalOldDataShare.xml,Rule-HTML-Section,.ReinsID,.ID
Harness/Section-pemetaan,TreatyInTabsNonProportionalOldDataShare.xml,Rule-HTML-Section,Associated property,.ClientName
Harness/Section-pemetaan,TreatyInTabsProportional.xml,Rule-HTML-Section,.TreatyTypeID,.ID
Harness/Section-pemetaan,TreatyInTabsProportional.xml,Rule-HTML-Section,Associated property,.Note
Harness/Section-pemetaan,TreatyInTabsProportionalOldData.xml,Rule-HTML-Section,.TreatyTypeID,.ID
Harness/Section-pemetaan,TreatyInTabsProportionalOldData.xml,Rule-HTML-Section,Associated property,.Note
Harness/Section-pemetaan,TreatyRetroList.xml,Rule-HTML-Section,.RetroCoID,.ID
Harness/Section-pemetaan,TreatyRetroList.xml,Rule-HTML-Section,.RetroTypeID,.ReinsTypeID
Harness/Section-pemetaan,TreatyRetroList.xml,Rule-HTML-Section,Associated property,.ClientName
Harness/Section-pemetaan,TreatyRetroList.xml,Rule-HTML-Section,Associated property,.ReinsTypeName
Salin-halaman,CalculateRetroSumary.xml,Rule-Obj-Activity,Primary.ShareSumary(<CURRENT>),
Salin-halaman,CopyLastLimitNP.xml,Rule-Obj-Activity,TreatyIn.Limits(<LAST>).EgnpiTotalList(<CURRENT>),
Salin-halaman,CopyLastLimitNP.xml,Rule-Obj-Activity,TreatyIn.Limits(<LAST>).TreatyGroupList(<CURRENT>),
Salin-halaman,DetailCalculation.xml,Rule-Obj-Activity,TempTotalCurr,TempCurr
Salin-halaman,DownloadAll_Act.xml,Rule-Obj-Activity,DropFile,JSONDATA.pxResults(<CURRENT>)
Salin-halaman,DownloadAll_Act.xml,Rule-Obj-Activity,TempFile2.AttachmentList(<APPEND>),DropFile
Salin-halaman,FetchQSfromMaster.xml,Rule-Obj-Activity,SprdType,pyReportContentPage
Salin-halaman,FetchQSfromMasterXOL.xml,Rule-Obj-Activity,SprdType,pyReportContentPage
Salin-halaman,GetAchievement.xml,Rule-Obj-Activity,Achievement,templist
Salin-halaman,InputParamUploadReas_act.xml,Rule-Obj-Activity,AttachShowList.pxResults(<APPEND>),AttachmentList.pxResults(<CURRENT>)
Salin-halaman,SaveTreatyIn_EDM_Act.xml,Rule-Obj-Activity,TreatyIn.ActualValue,TreatyInTemp
Salin-halaman,SaveTreatyIn_EDM_Act.xml,Rule-Obj-Activity,TreatyInTemp,TreatyIn
Salin-halaman,TreatyInConvertCallData_act.xml,Rule-Obj-Activity,TempResult.pxResults(1),TempResult1.pxResults(<CURRENT>)
Salin-halaman,TreatyInDifferenceLimitsSumary.xml,Rule-Obj-Activity,TreatyIn.ValueDifference.LimitSummaryList(<CURRENT>),
Salin-halaman,TreatyInDifferenceShareSumary.xml,Rule-Obj-Activity,TreatyIn.ValueDifference.LimitShareSummaryList(<CURRENT>),
Salin-halaman,TreatyInDifferenceSummaryFacShare.xml,Rule-Obj-Activity,TreatyIn.ValueDifference.LimitFacShareSummaryList(<CURRENT>),
Salin-halaman,TreatyInPopulateDetail.xml,Rule-Obj-Activity,DataWork.pxResults(1),DataSelect.pxResults(<CURRENT>)
Salin-halaman,TreatyInSaveROL.xml,Rule-Obj-Activity,TempTreatyIn,TreatyIn
Salin-halaman,TreatyInSetAddendumToHistory.xml,Rule-Obj-Activity,TreatyIn.OLDDATA,TreatyIntemp
Salin-halaman,TreatyInSetAddendumToHistory.xml,Rule-Obj-Activity,TreatyIntemp,TreatyIn
Salin-halaman,TreatyInSetToDirector.xml,Rule-Obj-Activity,DataWork.pxResults(1),DataSelect.pxResults(<CURRENT>)
Salin-halaman,TreatyInSetValue.xml,Rule-Obj-Activity,DataWork.pxResults(1),DataSelect.pxResults(<CURRENT>)
Salin-halaman,TreatyInSummaryLimit.xml,Rule-Obj-Activity,TreatyIn.LimitSummaryList(<CURRENT>),
Salin-halaman,TreatyInSummaryLimitActual.xml,Rule-Obj-Activity,TreatyIn.ActualValue.LimitSummaryList(<CURRENT>),
Salin-halaman,TreatyInSummaryLimitActualFacShare.xml,Rule-Obj-Activity,TreatyIn.ActualValue.LimitFacShareSummaryList(<CURRENT>),
Salin-halaman,TreatyInSummaryLimitFacShare.xml,Rule-Obj-Activity,TreatyIn.LimitFacShareSummaryList(<CURRENT>),
Salin-halaman,TreatyInSummaryLimitShare.xml,Rule-Obj-Activity,TreatyIn.LimitShareSummaryList(<CURRENT>),
Salin-halaman,TreatyInSummaryLimitShareActual.xml,Rule-Obj-Activity,TreatyIn.ActualValue.LimitShareSummaryList(<CURRENT>),
Salin-halaman,TreatyInSummaryMDP.xml,Rule-Obj-Activity,TreatyIn.MDPSummaryList(<CURRENT>),
Salin-halaman,TreatyInitAttach.xml,Rule-Obj-Activity,newAssignPage,oldAssignPage
Salin-halaman,TreatyInitAttach.xml,Rule-Obj-Activity,newWorkPage,pyWorkPage
Salin-halaman,TreatyRevisionCopyAttachment.xml,Rule-Obj-Activity,DropFile,CopyDoc.pxResults(<CURRENT>)
Salin-halaman,TreatySaveAttachment.xml,Rule-Obj-Activity,DropFile,dragDropFileUpload.pxResults(Local.Index)
Salin-halaman,TreatySaveAttachment.xml,Rule-Obj-Activity,TempData.AttachmentList(<APPEND>),dragDropFileUpload.pxResults(Local.Index)
