nama_elemen,jumlah,jumlah_berkas,jenis_aturan
pxObjClass,427859,708,Rule-Admin-System-Settings | Rule-Connect-REST | Rule-Connect-SQL | Rule-Declare-DecisionTable | Rule-HTML-Harness | Rule-HTML-Section | Rule-Navigation | Rule-Obj-Activity | Rule-Obj-FlowAction | Rule-Obj-Model | Rule-Obj-Report-Definition | Rule-Obj-When
rowdata,269540,708,Rule-Admin-System-Settings | Rule-Connect-REST | Rule-Connect-SQL | Rule-Declare-DecisionTable | Rule-HTML-Harness | Rule-HTML-Section | Rule-Navigation | Rule-Obj-Activity | Rule-Obj-FlowAction | Rule-Obj-Model | Rule-Obj-Report-Definition | Rule-Obj-When
pyInlineStyle,69119,202,Rule-HTML-Harness | Rule-HTML-Section | Rule-Obj-FlowAction
pyCellHeader,57247,202,Rule-HTML-Harness | Rule-HTML-Section | Rule-Obj-FlowAction
pyCellId,57247,202,Rule-HTML-Harness | Rule-HTML-Section | Rule-Obj-FlowAction
pyReadOnly,52814,203,Rule-HTML-Harness | Rule-HTML-Section | Rule-Navigation | Rule-Obj-FlowAction
pyTempPlaceHolder,41661,541,Rule-HTML-Harness | Rule-HTML-Section | Rule-Obj-Activity | Rule-Obj-FlowAction | Rule-Obj-Report-Definition | Rule-Obj-When
pyRequired,41124,202,Rule-HTML-Harness | Rule-HTML-Section | Rule-Obj-FlowAction
pyHeaderStyle,38461,202,Rule-HTML-Harness | Rule-HTML-Section | Rule-Obj-FlowAction
pyRestrictedType,38461,202,Rule-HTML-Harness | Rule-HTML-Section | Rule-Obj-FlowAction
pyIsClientWhen,37641,202,Rule-HTML-Harness | Rule-HTML-Section | Rule-Obj-FlowAction
pxCreateDateTime,34806,708,Rule-Admin-System-Settings | Rule-Connect-REST | Rule-Connect-SQL | Rule-Declare-DecisionTable | Rule-HTML-Harness | Rule-HTML-Section | Rule-Navigation | Rule-Obj-Activity | Rule-Obj-FlowAction | Rule-Obj-Model | Rule-Obj-Report-Definition | Rule-Obj-When
pxCreateOpName,34782,708,Rule-Admin-System-Settings | Rule-Connect-REST | Rule-Connect-SQL | Rule-Declare-DecisionTable | Rule-HTML-Harness | Rule-HTML-Section | Rule-Navigation | Rule-Obj-Activity | Rule-Obj-FlowAction | Rule-Obj-Model | Rule-Obj-Report-Definition | Rule-Obj-When
pxCreateOperator,34782,708,Rule-Admin-System-Settings | Rule-Connect-REST | Rule-Connect-SQL | Rule-Declare-DecisionTable | Rule-HTML-Harness | Rule-HTML-Section | Rule-Navigation | Rule-Obj-Activity | Rule-Obj-FlowAction | Rule-Obj-Model | Rule-Obj-Report-Definition | Rule-Obj-When
pxCreateSystemID,34782,708,Rule-Admin-System-Settings | Rule-Connect-REST | Rule-Connect-SQL | Rule-Declare-DecisionTable | Rule-HTML-Harness | Rule-HTML-Section | Rule-Navigation | Rule-Obj-Activity | Rule-Obj-FlowAction | Rule-Obj-Model | Rule-Obj-Report-Definition | Rule-Obj-When
pyPassCurrentParameterPage,33140,506,Rule-HTML-Harness | Rule-HTML-Section | Rule-Obj-Activity | Rule-Obj-FlowAction
pyReadOnlyCondition,29469,202,Rule-HTML-Harness | Rule-HTML-Section | Rule-Obj-FlowAction
pyName,29295,207,Rule-HTML-Harness | Rule-HTML-Section | Rule-Navigation | Rule-Obj-FlowAction | Rule-Obj-When
pyCondition,29172,208,Rule-Declare-DecisionTable | Rule-HTML-Harness | Rule-HTML-Section | Rule-Obj-FlowAction | Rule-Obj-When
pyVisible,29026,203,Rule-HTML-Harness | Rule-HTML-Section | Rule-Navigation | Rule-Obj-FlowAction
pyWidth,29008,238,Rule-Declare-DecisionTable | Rule-HTML-Harness | Rule-HTML-Section | Rule-Obj-FlowAction | Rule-Obj-Report-Definition
pyHeight,28936,236,Rule-HTML-Harness | Rule-HTML-Section | Rule-Obj-FlowAction | Rule-Obj-Report-Definition
pyTemplateInputBox,28580,671,Rule-Admin-System-Settings | Rule-Connect-SQL | Rule-Declare-DecisionTable | Rule-HTML-Harness | Rule-HTML-Section | Rule-Obj-Activity | Rule-Obj-FlowAction | Rule-Obj-Model | Rule-Obj-When
pyPreDataTransform,28190,203,Rule-HTML-Harness | Rule-HTML-Section | Rule-Navigation | Rule-Obj-FlowAction
pzIndexOwnerKey,25695,622,Rule-Connect-REST | Rule-Declare-DecisionTable | Rule-HTML-Harness | Rule-HTML-Section | Rule-Navigation | Rule-Obj-Activity | Rule-Obj-FlowAction | Rule-Obj-Model | Rule-Obj-Report-Definition | Rule-Obj-When
pzIndexes,25695,622,Rule-Connect-REST | Rule-Declare-DecisionTable | Rule-HTML-Harness | Rule-HTML-Section | Rule-Navigation | Rule-Obj-Activity | Rule-Obj-FlowAction | Rule-Obj-Model | Rule-Obj-Report-Definition | Rule-Obj-When
pyValue,25691,708,Rule-Admin-System-Settings | Rule-Connect-REST | Rule-Connect-SQL | Rule-Declare-DecisionTable | Rule-HTML-Harness | Rule-HTML-Section | Rule-Navigation | Rule-Obj-Activity | Rule-Obj-FlowAction | Rule-Obj-Model | Rule-Obj-Report-Definition | Rule-Obj-When
pyDefaultValue,25578,202,Rule-HTML-Harness | Rule-HTML-Section | Rule-Obj-FlowAction
pyRefreshWhen,25576,202,Rule-HTML-Harness | Rule-HTML-Section | Rule-Obj-FlowAction
pyPreActivity,25345,202,Rule-HTML-Harness | Rule-HTML-Section | Rule-Obj-FlowAction
pzSectionParamPage,25345,202,Rule-HTML-Harness | Rule-HTML-Section | Rule-Obj-FlowAction
pyRuleName,24028,708,Rule-Admin-System-Settings | Rule-Connect-REST | Rule-Connect-SQL | Rule-Declare-DecisionTable | Rule-HTML-Harness | Rule-HTML-Section | Rule-Navigation | Rule-Obj-Activity | Rule-Obj-FlowAction | Rule-Obj-Model | Rule-Obj-Report-Definition | Rule-Obj-When
pyEditOptions,23721,202,Rule-HTML-Harness | Rule-HTML-Section | Rule-Obj-FlowAction
pyLabelFormat,23680,202,Rule-HTML-Harness | Rule-HTML-Section | Rule-Obj-FlowAction
pyIncludeLabel,23671,202,Rule-HTML-Harness | Rule-HTML-Section | Rule-Obj-FlowAction
pyLabelFieldValue,23671,202,Rule-HTML-Harness | Rule-HTML-Section | Rule-Obj-FlowAction
pyReadOnlyStyle,23637,202,Rule-HTML-Harness | Rule-HTML-Section | Rule-Obj-FlowAction
pyReadWriteStyle,23637,202,Rule-HTML-Harness | Rule-HTML-Section | Rule-Obj-FlowAction
pySectionBody,23630,202,Rule-HTML-Harness | Rule-HTML-Section | Rule-Obj-FlowAction
pyTourID,23561,202,Rule-HTML-Harness | Rule-HTML-Section | Rule-Obj-FlowAction
pyClientAction,23392,202,Rule-HTML-Harness | Rule-HTML-Section | Rule-Obj-FlowAction
pxRuleFamilyName,23284,622,Rule-Connect-REST | Rule-Declare-DecisionTable | Rule-HTML-Harness | Rule-HTML-Section | Rule-Navigation | Rule-Obj-Activity | Rule-Obj-FlowAction | Rule-Obj-Model | Rule-Obj-Report-Definition | Rule-Obj-When
pxRuleObjClass,23284,622,Rule-Connect-REST | Rule-Declare-DecisionTable | Rule-HTML-Harness | Rule-HTML-Section | Rule-Navigation | Rule-Obj-Activity | Rule-Obj-FlowAction | Rule-Obj-Model | Rule-Obj-Report-Definition | Rule-Obj-When
pxRuleClassName,23282,620,Rule-Declare-DecisionTable | Rule-HTML-Harness | Rule-HTML-Section | Rule-Navigation | Rule-Obj-Activity | Rule-Obj-FlowAction | Rule-Obj-Model | Rule-Obj-Report-Definition | Rule-Obj-When
pyMethodStatus,23150,672,Rule-Admin-System-Settings | Rule-Connect-SQL | Rule-Declare-DecisionTable | Rule-HTML-Harness | Rule-HTML-Section | Rule-Obj-Activity | Rule-Obj-FlowAction | Rule-Obj-Model | Rule-Obj-Report-Definition | Rule-Obj-When
pyAutomationID,23022,203,Rule-HTML-Harness | Rule-HTML-Section | Rule-Navigation | Rule-Obj-FlowAction
pyType,22206,237,Rule-HTML-Harness | Rule-HTML-Section | Rule-Navigation | Rule-Obj-FlowAction | Rule-Obj-Report-Definition
pySectionSource,21958,202,Rule-HTML-Harness | Rule-HTML-Section | Rule-Obj-FlowAction
pyTooltip,21865,202,Rule-HTML-Harness | Rule-HTML-Section | Rule-Obj-FlowAction
pxWarningsToDisplay,21510,708,Rule-Admin-System-Settings | Rule-Connect-REST | Rule-Connect-SQL | Rule-Declare-DecisionTable | Rule-HTML-Harness | Rule-HTML-Section | Rule-Navigation | Rule-Obj-Activity | Rule-Obj-FlowAction | Rule-Obj-Model | Rule-Obj-Report-Definition | Rule-Obj-When
pyUserData,20732,202,Rule-HTML-Harness | Rule-HTML-Section | Rule-Obj-FlowAction
pyIsClientROWhen,20505,202,Rule-HTML-Harness | Rule-HTML-Section | Rule-Obj-FlowAction
pyIsVisibleWhenActive,20505,202,Rule-HTML-Harness | Rule-HTML-Section | Rule-Obj-FlowAction
pyAutoHTML,20496,202,Rule-HTML-Harness | Rule-HTML-Section | Rule-Obj-FlowAction
pyFormat,20367,202,Rule-HTML-Harness | Rule-HTML-Section | Rule-Obj-FlowAction
pyBeforeMergeHeight,20265,202,Rule-HTML-Harness | Rule-HTML-Section | Rule-Obj-FlowAction
pyBeforeMergeWidth,20265,202,Rule-HTML-Harness | Rule-HTML-Section | Rule-Obj-FlowAction
pyClientEvent,20265,202,Rule-HTML-Harness | Rule-HTML-Section | Rule-Obj-FlowAction
pyColSpan,20265,202,Rule-HTML-Harness | Rule-HTML-Section | Rule-Obj-FlowAction
pyHTMLParams,20265,202,Rule-HTML-Harness | Rule-HTML-Section | Rule-Obj-FlowAction
pyHeightUse,20265,202,Rule-HTML-Harness | Rule-HTML-Section | Rule-Obj-FlowAction
pyInputFormat,20265,202,Rule-HTML-Harness | Rule-HTML-Section | Rule-Obj-FlowAction
pyLabelFor,20265,202,Rule-HTML-Harness | Rule-HTML-Section | Rule-Obj-FlowAction
pyLabelFormatOther,20265,202,Rule-HTML-Harness | Rule-HTML-Section | Rule-Obj-FlowAction
pyPreActivityParams,20265,202,Rule-HTML-Harness | Rule-HTML-Section | Rule-Obj-FlowAction
pyRestricted,20265,202,Rule-HTML-Harness | Rule-HTML-Section | Rule-Obj-FlowAction
pyRowSpan,20265,202,Rule-HTML-Harness | Rule-HTML-Section | Rule-Obj-FlowAction
pyWidthUse,20265,202,Rule-HTML-Harness | Rule-HTML-Section | Rule-Obj-FlowAction
pyWrap,20265,202,Rule-HTML-Harness | Rule-HTML-Section | Rule-Obj-FlowAction
pyUseLabelDesc,20256,202,Rule-HTML-Harness | Rule-HTML-Section | Rule-Obj-FlowAction
pyGridRDClass,20193,202,Rule-HTML-Harness | Rule-HTML-Section | Rule-Obj-FlowAction
pyGridRDName,20193,202,Rule-HTML-Harness | Rule-HTML-Section | Rule-Obj-FlowAction
pyLabelReserveSpace,20193,202,Rule-HTML-Harness | Rule-HTML-Section | Rule-Obj-FlowAction
pyReadOnlyStyleValue,20193,202,Rule-HTML-Harness | Rule-HTML-Section | Rule-Obj-FlowAction
pyReadWriteStyleValue,20193,202,Rule-HTML-Harness | Rule-HTML-Section | Rule-Obj-FlowAction
pzShowSelectOther,20193,202,Rule-HTML-Harness | Rule-HTML-Section | Rule-Obj-FlowAction
pyModes,20166,202,Rule-HTML-Harness | Rule-HTML-Section | Rule-Obj-FlowAction
pyAutomationIDWarning,20160,202,Rule-HTML-Harness | Rule-HTML-Section | Rule-Obj-FlowAction
pyHeaderTitle,20160,202,Rule-HTML-Harness | Rule-HTML-Section | Rule-Obj-FlowAction
pyCategorizeSortType,19704,202,Rule-HTML-Harness | Rule-HTML-Section | Rule-Obj-FlowAction
pyColumnCategorize,19704,202,Rule-HTML-Harness | Rule-HTML-Section | Rule-Obj-FlowAction
pyColumnFiltering,19704,202,Rule-HTML-Harness | Rule-HTML-Section | Rule-Obj-FlowAction
pyColumnFilteringDropDown,19704,202,Rule-HTML-Harness | Rule-HTML-Section | Rule-Obj-FlowAction
pyColumnSorting,19704,202,Rule-HTML-Harness | Rule-HTML-Section | Rule-Obj-FlowAction
pyRangeFiltering,19704,202,Rule-HTML-Harness | Rule-HTML-Section | Rule-Obj-FlowAction
pyShowFilterUIBy,19704,202,Rule-HTML-Harness | Rule-HTML-Section | Rule-Obj-FlowAction
pyHelperTextType,17425,202,Rule-HTML-Harness | Rule-HTML-Section | Rule-Obj-FlowAction
pyExpanded,17382,561,Rule-HTML-Harness | Rule-HTML-Section | Rule-Navigation | Rule-Obj-Activity | Rule-Obj-FlowAction | Rule-Obj-Model | Rule-Obj-When
pxSubscript,17369,708,Rule-Admin-System-Settings | Rule-Connect-REST | Rule-Connect-SQL | Rule-Declare-DecisionTable | Rule-HTML-Harness | Rule-HTML-Section | Rule-Navigation | Rule-Obj-Activity | Rule-Obj-FlowAction | Rule-Obj-Model | Rule-Obj-Report-Definition | Rule-Obj-When
pySections,16941,202,Rule-HTML-Harness | Rule-HTML-Section | Rule-Obj-FlowAction
pyDateFormat,16893,202,Rule-HTML-Harness | Rule-HTML-Section | Rule-Obj-FlowAction
pyDateTimeFormat,16853,236,Rule-HTML-Harness | Rule-HTML-Section | Rule-Obj-FlowAction | Rule-Obj-Report-Definition
pySortFilterProperty,16778,202,Rule-HTML-Harness | Rule-HTML-Section | Rule-Obj-FlowAction
pyCustDateTime,16775,202,Rule-HTML-Harness | Rule-HTML-Section | Rule-Obj-FlowAction
pyDateTimeSecondCutoff,16772,202,Rule-HTML-Harness | Rule-HTML-Section | Rule-Obj-FlowAction
pyParametersParamName,16621,588,Rule-Declare-DecisionTable | Rule-HTML-Harness | Rule-HTML-Section | Rule-Obj-Activity | Rule-Obj-FlowAction | Rule-Obj-Model | Rule-Obj-Report-Definition | Rule-Obj-When
pyDisplayFullScreen,16443,202,Rule-HTML-Harness | Rule-HTML-Section | Rule-Obj-FlowAction
pyDisplayAsComboBox,16411,202,Rule-HTML-Harness | Rule-HTML-Section | Rule-Obj-FlowAction
pyRows,15378,236,Rule-HTML-Harness | Rule-HTML-Section | Rule-Obj-FlowAction | Rule-Obj-Report-Definition
pyBehaviors,14779,142,Rule-HTML-Harness | Rule-HTML-Section | Rule-Navigation | Rule-Obj-FlowAction
pyRunOnClient,14121,126,Rule-HTML-Harness | Rule-HTML-Section
pyParametersParamType,13985,588,Rule-Declare-DecisionTable | Rule-HTML-Harness | Rule-HTML-Section | Rule-Obj-Activity | Rule-Obj-FlowAction | Rule-Obj-Model | Rule-Obj-Report-Definition | Rule-Obj-When
pyParametersParamDesc,13314,577,Rule-Declare-DecisionTable | Rule-HTML-Harness | Rule-HTML-Section | Rule-Obj-Activity | Rule-Obj-FlowAction | Rule-Obj-Model | Rule-Obj-Report-Definition | Rule-Obj-When
pyIncludeHeader,13187,202,Rule-HTML-Harness | Rule-HTML-Section | Rule-Obj-FlowAction
pyCanbeAutoGenerated,12905,202,Rule-HTML-Harness | Rule-HTML-Section | Rule-Obj-FlowAction
pySmartPromptClass,12046,129,Rule-HTML-Harness | Rule-HTML-Section | Rule-Navigation | Rule-Obj-When
pyTable,11884,202,Rule-HTML-Harness | Rule-HTML-Section | Rule-Obj-FlowAction
pyFieldValueParams,11035,124,Rule-HTML-Harness | Rule-HTML-Section
pyEditable,10825,394,Rule-Declare-DecisionTable | Rule-HTML-Harness | Rule-HTML-Section | Rule-Obj-Activity | Rule-Obj-Model | Rule-Obj-When
pyDeferLoadRetrievalActivity,10810,202,Rule-HTML-Harness | Rule-HTML-Section | Rule-Obj-FlowAction
pyActionSets,10685,127,Rule-HTML-Harness | Rule-HTML-Section | Rule-Navigation
pyExpressionGadget,10666,364,Rule-Declare-DecisionTable | Rule-Obj-Activity | Rule-Obj-Model
pyIsLaunchAsOverlay,10666,364,Rule-Declare-DecisionTable | Rule-Obj-Activity | Rule-Obj-Model
pyShowCustomPages,10666,364,Rule-Declare-DecisionTable | Rule-Obj-Activity | Rule-Obj-Model
pyShowLocalVariables,10666,364,Rule-Declare-DecisionTable | Rule-Obj-Activity | Rule-Obj-Model
pyShowParameters,10666,364,Rule-Declare-DecisionTable | Rule-Obj-Activity | Rule-Obj-Model
pySpecifyPreLoadActivity,10663,202,Rule-HTML-Harness | Rule-HTML-Section | Rule-Obj-FlowAction
pyExpressionMapNew,10524,358,Rule-Declare-DecisionTable | Rule-Obj-Activity | Rule-Obj-Model
pyContainerType,10251,202,Rule-HTML-Harness | Rule-HTML-Section | Rule-Obj-FlowAction
pyActionAPI,10061,137,Rule-HTML-Harness | Rule-HTML-Section | Rule-Navigation | Rule-Obj-FlowAction
pyCaption,9992,202,Rule-HTML-Harness | Rule-HTML-Section | Rule-Obj-FlowAction
pyAction,9970,708,Rule-Admin-System-Settings | Rule-Connect-REST | Rule-Connect-SQL | Rule-Declare-DecisionTable | Rule-HTML-Harness | Rule-HTML-Section | Rule-Navigation | Rule-Obj-Activity | Rule-Obj-FlowAction | Rule-Obj-Model | Rule-Obj-Report-Definition | Rule-Obj-When
pyUsingPage,9713,203,Rule-HTML-Harness | Rule-HTML-Section | Rule-Navigation | Rule-Obj-FlowAction
pyParametersParamInOut,9693,548,Rule-HTML-Harness | Rule-HTML-Section | Rule-Obj-Activity | Rule-Obj-FlowAction | Rule-Obj-Model
pyParametersParamReq,9693,548,Rule-HTML-Harness | Rule-HTML-Section | Rule-Obj-Activity | Rule-Obj-FlowAction | Rule-Obj-Model
pyCells,9486,202,Rule-HTML-Harness | Rule-HTML-Section | Rule-Obj-FlowAction
pyListDataSource,9295,124,Rule-HTML-Harness | Rule-HTML-Section
pyParametersParamSmartPrompt,8893,296,Rule-Obj-Activity
pyParametersParamSmartPromptRule,8893,296,Rule-Obj-Activity
pyPrompt,8570,124,Rule-HTML-Harness | Rule-HTML-Section
pyColumnCount,8531,202,Rule-HTML-Harness | Rule-HTML-Section | Rule-Obj-FlowAction
pyID,8531,202,Rule-HTML-Harness | Rule-HTML-Section | Rule-Obj-FlowAction
pyLayoutFormat,8531,202,Rule-HTML-Harness | Rule-HTML-Section | Rule-Obj-FlowAction
pyLayoutFormatType,8531,202,Rule-HTML-Harness | Rule-HTML-Section | Rule-Obj-FlowAction
pyLayoutOtherFormat,8531,202,Rule-HTML-Harness | Rule-HTML-Section | Rule-Obj-FlowAction
pyRowCount,8531,202,Rule-HTML-Harness | Rule-HTML-Section | Rule-Obj-FlowAction
pyUnit,8531,202,Rule-HTML-Harness | Rule-HTML-Section | Rule-Obj-FlowAction
pySectionId,8504,202,Rule-HTML-Harness | Rule-HTML-Section | Rule-Obj-FlowAction
pyField,8497,202,Rule-HTML-Harness | Rule-HTML-Section | Rule-Obj-FlowAction
pyOverridingStyle,8497,202,Rule-HTML-Harness | Rule-HTML-Section | Rule-Obj-FlowAction
pyListSource,8462,124,Rule-HTML-Harness | Rule-HTML-Section
pyIsInLayoutGroup,8300,124,Rule-HTML-Harness | Rule-HTML-Section
pySmartPromptParentClass,8161,124,Rule-HTML-Harness | Rule-HTML-Section
pyDataTransformParams,8057,126,Rule-HTML-Harness | Rule-HTML-Section | Rule-Navigation
pyEvent,7965,122,Rule-HTML-Harness | Rule-HTML-Section | Rule-Navigation
pyParametersParamIntelliBaseClass,7769,506,Rule-HTML-Harness | Rule-HTML-Section | Rule-Obj-Activity | Rule-Obj-FlowAction
pyActionLabel,7765,122,Rule-HTML-Harness | Rule-HTML-Section | Rule-Navigation
pyStepsParamUI,7750,298,Rule-Obj-Activity
pxListSubscript,7744,708,Rule-Admin-System-Settings | Rule-Connect-REST | Rule-Connect-SQL | Rule-Declare-DecisionTable | Rule-HTML-Harness | Rule-HTML-Section | Rule-Navigation | Rule-Obj-Activity | Rule-Obj-FlowAction | Rule-Obj-Model | Rule-Obj-Report-Definition | Rule-Obj-When
PropertiesName,7666,277,Rule-Obj-Activity
PropertiesValue,7666,277,Rule-Obj-Activity
pyInclude,7647,202,Rule-HTML-Harness | Rule-HTML-Section | Rule-Obj-FlowAction
pyUIElement,7625,115,Rule-HTML-Harness | Rule-HTML-Section | Rule-Navigation
pyParametersParamIntelliRule,7617,548,Rule-HTML-Harness | Rule-HTML-Section | Rule-Obj-Activity | Rule-Obj-FlowAction | Rule-Obj-Model
pyControlDisplayTitle,7487,124,Rule-HTML-Harness | Rule-HTML-Section
pyLabelForPromptClass,7487,124,Rule-HTML-Harness | Rule-HTML-Section
pyLegacyControl,7487,124,Rule-HTML-Harness | Rule-HTML-Section
pyLabelPreview,7337,122,Rule-HTML-Harness | Rule-HTML-Section
pyShowAttachment,6749,127,Rule-HTML-Harness | Rule-HTML-Section
pyTemplateName,6452,101,Rule-HTML-Harness | Rule-HTML-Section
pyParametersParamSize,6413,479,Rule-HTML-Harness | Rule-HTML-Section | Rule-Obj-Activity | Rule-Obj-FlowAction
pyStepPageReference,6252,708,Rule-Admin-System-Settings | Rule-Connect-REST | Rule-Connect-SQL | Rule-Declare-DecisionTable | Rule-HTML-Harness | Rule-HTML-Section | Rule-Navigation | Rule-Obj-Activity | Rule-Obj-FlowAction | Rule-Obj-Model | Rule-Obj-Report-Definition | Rule-Obj-When
pyClearFloatedLayouts,6152,202,Rule-HTML-Harness | Rule-HTML-Section | Rule-Obj-FlowAction
pyFloatLayout,6152,202,Rule-HTML-Harness | Rule-HTML-Section | Rule-Obj-FlowAction
pyLayoutAutoWidth,6152,202,Rule-HTML-Harness | Rule-HTML-Section | Rule-Obj-FlowAction
pyEditBehaviors,6141,141,Rule-HTML-Harness | Rule-HTML-Section | Rule-Obj-FlowAction
pyRowDefaults,6026,202,Rule-HTML-Harness | Rule-HTML-Section | Rule-Obj-FlowAction
pyLoadDeferred,5922,202,Rule-HTML-Harness | Rule-HTML-Section | Rule-Obj-FlowAction
pySourceType,5918,202,Rule-HTML-Harness | Rule-HTML-Section | Rule-Obj-FlowAction
pyDPName,5901,202,Rule-HTML-Harness | Rule-HTML-Section | Rule-Obj-FlowAction
pyDPParams,5901,202,Rule-HTML-Harness | Rule-HTML-Section | Rule-Obj-FlowAction
pyDPResultsClass,5901,202,Rule-HTML-Harness | Rule-HTML-Section | Rule-Obj-FlowAction
pyRDAppliesTo,5901,202,Rule-HTML-Harness | Rule-HTML-Section | Rule-Obj-FlowAction
pyRDName,5901,202,Rule-HTML-Harness | Rule-HTML-Section | Rule-Obj-FlowAction
pyRDParams,5901,202,Rule-HTML-Harness | Rule-HTML-Section | Rule-Obj-FlowAction
pyRDLDetailsFlowAction,5874,202,Rule-HTML-Harness | Rule-HTML-Section | Rule-Obj-FlowAction
pySteps,5848,304,Rule-Obj-Activity
pyStepsRepeatDef,5826,304,Rule-Obj-Activity
pyIsValidDataPage,5712,124,Rule-HTML-Harness | Rule-HTML-Section
pyValidPage,5712,124,Rule-HTML-Harness | Rule-HTML-Section
pyStepsPreCondParamsWhen,5675,304,Rule-Obj-Activity
pyStepsPreCondParamsWhenFalse,5675,304,Rule-Obj-Activity
pyStepsPreCondParamsWhenFalsePrms,5675,304,Rule-Obj-Activity
pyStepsPreCondParamsWhenTrue,5675,304,Rule-Obj-Activity
pyStepsPreCondParamsWhenTruePrms,5675,304,Rule-Obj-Activity
pxStepDefaultDescription,5544,304,Rule-Obj-Activity
pyForEachClass,5544,304,Rule-Obj-Activity
pyForEachProperty,5544,304,Rule-Obj-Activity
pyForEachValidClasses,5544,304,Rule-Obj-Activity
pyOnException,5544,304,Rule-Obj-Activity
pyParamArray,5544,304,Rule-Obj-Activity
pyStepActivityDescription,5544,304,Rule-Obj-Activity
pyStepsActivityName,5544,304,Rule-Obj-Activity
pyStepsBlockName,5544,304,Rule-Obj-Activity
pyStepsCallParams,5544,304,Rule-Obj-Activity
pyStepsClassName,5544,304,Rule-Obj-Activity
pyStepsDescription,5544,304,Rule-Obj-Activity
pyStepsJavaSource,5544,304,Rule-Obj-Activity
pyStepsObjectName,5544,304,Rule-Obj-Activity
pyStepsParentClass,5544,304,Rule-Obj-Activity
pyStepsPreCondParams,5544,304,Rule-Obj-Activity
pyStepsPreCondition,5544,304,Rule-Obj-Activity
pyStepsRepeatDefHasRepeat,5544,304,Rule-Obj-Activity
pyStepsRepeatDefIteration,5544,304,Rule-Obj-Activity
pyStepsRepeatDefLimit,5544,304,Rule-Obj-Activity
pyStepsRepeatDefStart,5544,304,Rule-Obj-Activity
pyStepsRepeatDefStop,5544,304,Rule-Obj-Activity
pyStepsTransParams,5544,304,Rule-Obj-Activity
pyStepsTransParamsWhen,5544,304,Rule-Obj-Activity
pyStepsTransParamsWhenFalse,5544,304,Rule-Obj-Activity
pyStepsTransParamsWhenFalsePrms,5544,304,Rule-Obj-Activity
pyStepsTransParamsWhenTrue,5544,304,Rule-Obj-Activity
pyStepsTransParamsWhenTruePrms,5544,304,Rule-Obj-Activity
pyStepsTransition,5544,304,Rule-Obj-Activity
pzStepExpanded,5544,304,Rule-Obj-Activity
pyRefreshWhenActive,5528,202,Rule-HTML-Harness | Rule-HTML-Section | Rule-Obj-FlowAction
pyStepsPageAliases,5528,304,Rule-Obj-Activity
pyDeclareParams,5434,202,Rule-HTML-Harness | Rule-HTML-Section | Rule-Obj-FlowAction
pyReqRunOnClient,5412,124,Rule-HTML-Harness | Rule-HTML-Section
pyAlignment,5366,236,Rule-HTML-Harness | Rule-HTML-Section | Rule-Obj-FlowAction | Rule-Obj-Report-Definition
pyMediaPreload,5275,116,Rule-HTML-Harness | Rule-HTML-Section
pyPreactivityParams,5132,202,Rule-HTML-Harness | Rule-HTML-Section | Rule-Obj-FlowAction
pyDisableAutoRefresh,5126,202,Rule-HTML-Harness | Rule-HTML-Section | Rule-Obj-FlowAction
pyUnitHeight,5116,202,Rule-HTML-Harness | Rule-HTML-Section | Rule-Obj-FlowAction
pyPrivilegeUpdate,5088,202,Rule-HTML-Harness | Rule-HTML-Section | Rule-Obj-FlowAction
pyPrivilegeView,5088,202,Rule-HTML-Harness | Rule-HTML-Section | Rule-Obj-FlowAction
pyDisplayWhen,5082,202,Rule-HTML-Harness | Rule-HTML-Section | Rule-Obj-FlowAction
pyRowPromptClass,5082,202,Rule-HTML-Harness | Rule-HTML-Section | Rule-Obj-FlowAction
pySectionParams,5080,202,Rule-HTML-Harness | Rule-HTML-Section | Rule-Obj-FlowAction
pyAllowRowUpdate,5073,202,Rule-HTML-Harness | Rule-HTML-Section | Rule-Obj-FlowAction
pyAppendActivity,5073,202,Rule-HTML-Harness | Rule-HTML-Section | Rule-Obj-FlowAction
pyColumnResizing,5073,202,Rule-HTML-Harness | Rule-HTML-Section | Rule-Obj-FlowAction
pyDCPreDataTransform,5073,202,Rule-HTML-Harness | Rule-HTML-Section | Rule-Obj-FlowAction
pyDecPassCurrentParamPage,5073,202,Rule-HTML-Harness | Rule-HTML-Section | Rule-Obj-FlowAction
pyDeleteActivity,5073,202,Rule-HTML-Harness | Rule-HTML-Section | Rule-Obj-FlowAction
pyDisplayActionArea,5073,202,Rule-HTML-Harness | Rule-HTML-Section | Rule-Obj-FlowAction
pyDragDrop,5073,202,Rule-HTML-Harness | Rule-HTML-Section | Rule-Obj-FlowAction
pyGridAppendActivityExists,5073,202,Rule-HTML-Harness | Rule-HTML-Section | Rule-Obj-FlowAction
pyGridDeleteActivityExists,5073,202,Rule-HTML-Harness | Rule-HTML-Section | Rule-Obj-FlowAction
pyNumberOfColumns,5073,202,Rule-HTML-Harness | Rule-HTML-Section | Rule-Obj-FlowAction
pyPageListProperty,5073,202,Rule-HTML-Harness | Rule-HTML-Section | Rule-Obj-FlowAction
pyPageListPropertyClass,5073,202,Rule-HTML-Harness | Rule-HTML-Section | Rule-Obj-FlowAction
pyRepeatDirection,5073,202,Rule-HTML-Harness | Rule-HTML-Section | Rule-Obj-FlowAction
pyRowResizing,5073,202,Rule-HTML-Harness | Rule-HTML-Section | Rule-Obj-FlowAction
pySectionBodyElements,5073,202,Rule-HTML-Harness | Rule-HTML-Section | Rule-Obj-FlowAction
pySummary,5073,202,Rule-HTML-Harness | Rule-HTML-Section | Rule-Obj-FlowAction
pyBodyType,5071,202,Rule-HTML-Harness | Rule-HTML-Section | Rule-Obj-FlowAction
pyColumnDefaults,5071,202,Rule-HTML-Harness | Rule-HTML-Section | Rule-Obj-FlowAction
pyRDLCategorization,5046,202,Rule-HTML-Harness | Rule-HTML-Section | Rule-Obj-FlowAction
pyRDLCategorizationScrubber,5046,202,Rule-HTML-Harness | Rule-HTML-Section | Rule-Obj-FlowAction
pyRDLCategorizeBy,5046,202,Rule-HTML-Harness | Rule-HTML-Section | Rule-Obj-FlowAction
pyRDLDetailsPrimarySection,5046,202,Rule-HTML-Harness | Rule-HTML-Section | Rule-Obj-FlowAction
pyRDLHeight,5046,202,Rule-HTML-Harness | Rule-HTML-Section | Rule-Obj-FlowAction
pyRDLPageMode,5046,202,Rule-HTML-Harness | Rule-HTML-Section | Rule-Obj-FlowAction
pyRDLPageSize,5046,202,Rule-HTML-Harness | Rule-HTML-Section | Rule-Obj-FlowAction
pyRDLPageSizeOther,5046,202,Rule-HTML-Harness | Rule-HTML-Section | Rule-Obj-FlowAction
pyRDLRowDetailsTemplate,5046,202,Rule-HTML-Harness | Rule-HTML-Section | Rule-Obj-FlowAction
pyRDLShowDetails,5046,202,Rule-HTML-Harness | Rule-HTML-Section | Rule-Obj-FlowAction
pyLabel,4990,708,Rule-Admin-System-Settings | Rule-Connect-REST | Rule-Connect-SQL | Rule-Declare-DecisionTable | Rule-HTML-Harness | Rule-HTML-Section | Rule-Navigation | Rule-Obj-Activity | Rule-Obj-FlowAction | Rule-Obj-Model | Rule-Obj-Report-Definition | Rule-Obj-When
pyImage,4930,236,Rule-HTML-Harness | Rule-HTML-Section | Rule-Obj-FlowAction | Rule-Obj-Report-Definition
pyDisplayWhenOptions,4874,127,Rule-HTML-Harness | Rule-HTML-Section
pyDisabledNew,4848,124,Rule-HTML-Harness | Rule-HTML-Section
pyTempValue,4788,124,Rule-HTML-Harness | Rule-HTML-Section
pyStepsActivityNameUC,4489,304,Rule-Obj-Activity
pyActivityClass,4426,104,Rule-HTML-Harness | Rule-HTML-Section | Rule-Navigation
pyActionConditions,4422,104,Rule-HTML-Harness | Rule-HTML-Section | Rule-Navigation
pyActivityClassOrig,4342,104,Rule-HTML-Harness | Rule-HTML-Section | Rule-Navigation
pySortType,4335,119,Rule-HTML-Harness | Rule-HTML-Section | Rule-Obj-Report-Definition
pyHorizontalAlignment,4307,202,Rule-HTML-Harness | Rule-HTML-Section | Rule-Obj-FlowAction
pyColumnImportance,4251,101,Rule-HTML-Harness | Rule-HTML-Section
pyGroupBy,4231,101,Rule-HTML-Harness | Rule-HTML-Section
pyImageTitle,4054,202,Rule-HTML-Harness | Rule-HTML-Section | Rule-Obj-FlowAction
pyIncludeTitleIcon,4045,202,Rule-HTML-Harness | Rule-HTML-Section | Rule-Obj-FlowAction
pyCheckboxCaption,3961,116,Rule-HTML-Harness | Rule-HTML-Section
pyMediaAutoplay,3904,116,Rule-HTML-Harness | Rule-HTML-Section
pyMediaControls,3904,116,Rule-HTML-Harness | Rule-HTML-Section
pyMediaLoop,3904,116,Rule-HTML-Harness | Rule-HTML-Section
pyMediaMuted,3904,116,Rule-HTML-Harness | Rule-HTML-Section
pyTitle,3898,203,Rule-HTML-Harness | Rule-HTML-Section | Rule-Navigation | Rule-Obj-FlowAction
pyStepsParamUIRemoved,3836,298,Rule-Obj-Activity
pyDisplayCaptionReadOnly,3826,120,Rule-HTML-Harness | Rule-HTML-Section
pyKeyCode,3697,103,Rule-HTML-Harness | Rule-HTML-Section
pyDisplayAdvancedOptions,3561,202,Rule-HTML-Harness | Rule-HTML-Section | Rule-Obj-FlowAction
pyPageContext,3561,204,Rule-Declare-DecisionTable | Rule-HTML-Harness | Rule-HTML-Section | Rule-Obj-FlowAction
pyObfuscated,3498,64,Rule-HTML-Harness | Rule-HTML-Section
pyPromptClass,3479,202,Rule-HTML-Harness | Rule-HTML-Section | Rule-Obj-FlowAction
pyAssociatedPrivileges,3473,202,Rule-HTML-Harness | Rule-HTML-Section | Rule-Obj-FlowAction
pyPreProcRunActivity,3473,202,Rule-HTML-Harness | Rule-HTML-Section | Rule-Obj-FlowAction
pyPreProcRunDataTrans,3473,202,Rule-HTML-Harness | Rule-HTML-Section | Rule-Obj-FlowAction
pyExpandable,3463,202,Rule-HTML-Harness | Rule-HTML-Section | Rule-Obj-FlowAction
pyContainerActiveWhen,3434,202,Rule-HTML-Harness | Rule-HTML-Section | Rule-Obj-FlowAction
pyDeferLoadRetrievalActivityParams,3434,202,Rule-HTML-Harness | Rule-HTML-Section | Rule-Obj-FlowAction
pyHeaderType,3434,202,Rule-HTML-Harness | Rule-HTML-Section | Rule-Obj-FlowAction
pyTabbedHeader,3434,202,Rule-HTML-Harness | Rule-HTML-Section | Rule-Obj-FlowAction
pyExpandedWhen,3432,202,Rule-HTML-Harness | Rule-HTML-Section | Rule-Obj-FlowAction
pyContainerOtherFormat,3425,202,Rule-HTML-Harness | Rule-HTML-Section | Rule-Obj-FlowAction
pyIsBodyVisibilityOption,3425,202,Rule-HTML-Harness | Rule-HTML-Section | Rule-Obj-FlowAction
pyTitleType,3425,202,Rule-HTML-Harness | Rule-HTML-Section | Rule-Obj-FlowAction
pyContainerStyle,3424,202,Rule-HTML-Harness | Rule-HTML-Section | Rule-Obj-FlowAction
pyContainerVisibleWhen,3424,202,Rule-HTML-Harness | Rule-HTML-Section | Rule-Obj-FlowAction
pyCustomHeader,3424,202,Rule-HTML-Harness | Rule-HTML-Section | Rule-Obj-FlowAction
pyHeaderTable,3424,202,Rule-HTML-Harness | Rule-HTML-Section | Rule-Obj-FlowAction
pyNewTabGroup,3424,202,Rule-HTML-Harness | Rule-HTML-Section | Rule-Obj-FlowAction
pyStandardHeaderElements,3424,202,Rule-HTML-Harness | Rule-HTML-Section | Rule-Obj-FlowAction
pyPrefix,3423,206,Rule-HTML-Harness | Rule-HTML-Section | Rule-Obj-FlowAction | Rule-Obj-Report-Definition
pyIsVisibilityOption,3421,202,Rule-HTML-Harness | Rule-HTML-Section | Rule-Obj-FlowAction
pyCustomClass,3419,202,Rule-HTML-Harness | Rule-HTML-Section | Rule-Obj-FlowAction
pyAllowChangesToColumns,3415,202,Rule-HTML-Harness | Rule-HTML-Section | Rule-Obj-FlowAction
pyCustomTabStyle,3415,202,Rule-HTML-Harness | Rule-HTML-Section | Rule-Obj-FlowAction
pyHideLeftColumn,3415,202,Rule-HTML-Harness | Rule-HTML-Section | Rule-Obj-FlowAction
pyHideRightColumn,3415,202,Rule-HTML-Harness | Rule-HTML-Section | Rule-Obj-FlowAction
pyLayoutGroupFormatOther,3415,202,Rule-HTML-Harness | Rule-HTML-Section | Rule-Obj-FlowAction
pyLayoutGroupTemplateType,3415,202,Rule-HTML-Harness | Rule-HTML-Section | Rule-Obj-FlowAction
pyPrefixOther,3415,202,Rule-HTML-Harness | Rule-HTML-Section | Rule-Obj-FlowAction
pyPrefixRowColRepeat,3415,202,Rule-HTML-Harness | Rule-HTML-Section | Rule-Obj-FlowAction
pyRemoveSpacingBottom,3415,202,Rule-HTML-Harness | Rule-HTML-Section | Rule-Obj-FlowAction
pyRemoveSpacingLeft,3415,202,Rule-HTML-Harness | Rule-HTML-Section | Rule-Obj-FlowAction
pyRemoveSpacingRight,3415,202,Rule-HTML-Harness | Rule-HTML-Section | Rule-Obj-FlowAction
pyRemoveSpacingTop,3415,202,Rule-HTML-Harness | Rule-HTML-Section | Rule-Obj-FlowAction
pySelfClear,3415,202,Rule-HTML-Harness | Rule-HTML-Section | Rule-Obj-FlowAction
pyStretchTab,3415,202,Rule-HTML-Harness | Rule-HTML-Section | Rule-Obj-FlowAction
pyTabAlignment,3415,202,Rule-HTML-Harness | Rule-HTML-Section | Rule-Obj-FlowAction
pyTabNavigationType,3415,202,Rule-HTML-Harness | Rule-HTML-Section | Rule-Obj-FlowAction
pyTabPosition,3415,202,Rule-HTML-Harness | Rule-HTML-Section | Rule-Obj-FlowAction
pyTemplateFormat,3415,202,Rule-HTML-Harness | Rule-HTML-Section | Rule-Obj-FlowAction
pyTemplateType,3415,202,Rule-HTML-Harness | Rule-HTML-Section | Rule-Obj-FlowAction
pyContainerRefreshWhen,3413,202,Rule-HTML-Harness | Rule-HTML-Section | Rule-Obj-FlowAction
pyRefreshPreActivity,3413,202,Rule-HTML-Harness | Rule-HTML-Section | Rule-Obj-FlowAction
pyRefreshPreActivityParams,3413,202,Rule-HTML-Harness | Rule-HTML-Section | Rule-Obj-FlowAction
pyRefreshPreDataTransform,3413,202,Rule-HTML-Harness | Rule-HTML-Section | Rule-Obj-FlowAction
pyRefreshRunActivity,3413,202,Rule-HTML-Harness | Rule-HTML-Section | Rule-Obj-FlowAction
pyRefreshRunDataTrans,3413,202,Rule-HTML-Harness | Rule-HTML-Section | Rule-Obj-FlowAction
pyHeadingLevel,3399,202,Rule-HTML-Harness | Rule-HTML-Section | Rule-Obj-FlowAction
pyRegionName,3392,202,Rule-HTML-Harness | Rule-HTML-Section | Rule-Obj-FlowAction
pyAriaLabel,3388,202,Rule-HTML-Harness | Rule-HTML-Section | Rule-Obj-FlowAction
pyAriaRole,3388,202,Rule-HTML-Harness | Rule-HTML-Section | Rule-Obj-FlowAction
pyAriaRoleType,3388,202,Rule-HTML-Harness | Rule-HTML-Section | Rule-Obj-FlowAction
pyFlexAlignment,3388,202,Rule-HTML-Harness | Rule-HTML-Section | Rule-Obj-FlowAction
pyIsClientActiveWhen,3388,202,Rule-HTML-Harness | Rule-HTML-Section | Rule-Obj-FlowAction
pyIsRegion,3388,202,Rule-HTML-Harness | Rule-HTML-Section | Rule-Obj-FlowAction
pyIsRepeatLayoutGroup,3388,202,Rule-HTML-Harness | Rule-HTML-Section | Rule-Obj-FlowAction
pyLayoutGroupItemsHeadingLevel,3388,202,Rule-HTML-Harness | Rule-HTML-Section | Rule-Obj-FlowAction
pyLayoutMode,3388,202,Rule-HTML-Harness | Rule-HTML-Section | Rule-Obj-FlowAction
pyReadOnlyWhen,3381,202,Rule-HTML-Harness | Rule-HTML-Section | Rule-Obj-FlowAction
pyContainerFormat,3373,202,Rule-HTML-Harness | Rule-HTML-Section | Rule-Obj-FlowAction
pyContainerTypeUpgrade,3373,202,Rule-HTML-Harness | Rule-HTML-Section | Rule-Obj-FlowAction
pyFieldValueParamsList,3362,116,Rule-HTML-Harness | Rule-HTML-Section
pyPreserveParamState,3352,202,Rule-HTML-Harness | Rule-HTML-Section | Rule-Obj-FlowAction
pySimpleLayoutProps,3342,127,Rule-HTML-Harness | Rule-HTML-Section
pyDCMode,3336,126,Rule-HTML-Harness | Rule-HTML-Section
pyIsDynamicLayout,3336,126,Rule-HTML-Harness | Rule-HTML-Section
pzInsKey,3331,708,Rule-Admin-System-Settings | Rule-Connect-REST | Rule-Connect-SQL | Rule-Declare-DecisionTable | Rule-HTML-Harness | Rule-HTML-Section | Rule-Navigation | Rule-Obj-Activity | Rule-Obj-FlowAction | Rule-Obj-Model | Rule-Obj-Report-Definition | Rule-Obj-When
pyElementName,3210,127,Rule-HTML-Harness | Rule-HTML-Section
pySourceName,3180,124,Rule-HTML-Harness | Rule-HTML-Section
pyGridKeyCode,3126,101,Rule-HTML-Harness | Rule-HTML-Section
pyTextAlign,3034,70,Rule-HTML-Harness | Rule-HTML-Section
pzRuleParameters,3013,130,Rule-HTML-Harness | Rule-HTML-Section | Rule-Obj-FlowAction
pyCBPage,3012,124,Rule-HTML-Harness | Rule-HTML-Section
pyGeneratedDefinition,3009,202,Rule-HTML-Harness | Rule-HTML-Section | Rule-Obj-FlowAction
pyDisplayCurrencyAs,3002,117,Rule-HTML-Harness | Rule-HTML-Section
pyRequiredNew,2971,119,Rule-HTML-Harness | Rule-HTML-Section
pyNextGenGrid,2937,109,Rule-HTML-Harness | Rule-HTML-Section
pyGridColumnProps,2926,101,Rule-HTML-Harness | Rule-HTML-Section
pyActivityPage,2856,124,Rule-HTML-Harness | Rule-HTML-Section
pyDataPage,2856,124,Rule-HTML-Harness | Rule-HTML-Section
pyNoSelectionText,2856,124,Rule-HTML-Harness | Rule-HTML-Section
pyReportDefinitionPage,2856,124,Rule-HTML-Harness | Rule-HTML-Section
pyRunPreActivity,2802,98,Rule-HTML-Harness | Rule-HTML-Section
pyActivity,2798,99,Rule-HTML-Harness | Rule-HTML-Section | Rule-Navigation
pyActivityParams,2785,98,Rule-HTML-Harness | Rule-HTML-Section | Rule-Navigation
pyActionsType,2763,98,Rule-HTML-Harness | Rule-HTML-Section
pyRunPreDataTransform,2763,98,Rule-HTML-Harness | Rule-HTML-Section
pyTarget,2725,98,Rule-HTML-Harness | Rule-HTML-Section | Rule-Navigation
pyDisableSubmit,2657,97,Rule-HTML-Harness | Rule-HTML-Section
pySection,2641,97,Rule-HTML-Harness | Rule-HTML-Section
pyBreakLongWord,2624,101,Rule-HTML-Harness | Rule-HTML-Section
pyUsage,2565,678,Rule-Admin-System-Settings | Rule-Connect-SQL | Rule-Declare-DecisionTable | Rule-HTML-Harness | Rule-HTML-Section | Rule-Obj-Activity | Rule-Obj-FlowAction | Rule-Obj-Model | Rule-Obj-Report-Definition | Rule-Obj-When
pyAlignOptions,2557,101,Rule-HTML-Harness | Rule-HTML-Section
pyItem,2552,101,Rule-HTML-Harness | Rule-HTML-Section
pyLayoutModeVariants,2507,202,Rule-HTML-Harness | Rule-HTML-Section | Rule-Obj-FlowAction
pyLegacyOptions,2507,202,Rule-HTML-Harness | Rule-HTML-Section | Rule-Obj-FlowAction
pyPropRef,2225,354,Rule-Obj-Activity | Rule-Obj-Model
pyMenuTooltip,2160,671,Rule-Admin-System-Settings | Rule-Connect-SQL | Rule-Declare-DecisionTable | Rule-HTML-Harness | Rule-HTML-Section | Rule-Obj-Activity | Rule-Obj-FlowAction | Rule-Obj-Model | Rule-Obj-When
pyAriaRoleOption,2136,123,Rule-HTML-Harness | Rule-HTML-Section
pyGridProps,2118,116,Rule-HTML-Harness | Rule-HTML-Section
pyParameterRequired,1999,93,Rule-HTML-Harness | Rule-HTML-Section | Rule-Navigation
pyPagesAndClasses,1913,708,Rule-Admin-System-Settings | Rule-Connect-REST | Rule-Connect-SQL | Rule-Declare-DecisionTable | Rule-HTML-Harness | Rule-HTML-Section | Rule-Navigation | Rule-Obj-Activity | Rule-Obj-FlowAction | Rule-Obj-Model | Rule-Obj-Report-Definition | Rule-Obj-When
pyPagesAndClassesClass,1904,703,Rule-Admin-System-Settings | Rule-Connect-SQL | Rule-Declare-DecisionTable | Rule-HTML-Harness | Rule-HTML-Section | Rule-Obj-Activity | Rule-Obj-FlowAction | Rule-Obj-Model | Rule-Obj-Report-Definition | Rule-Obj-When
pyPagesAndClassesPage,1842,678,Rule-Admin-System-Settings | Rule-Connect-SQL | Rule-Declare-DecisionTable | Rule-HTML-Harness | Rule-HTML-Section | Rule-Obj-Activity | Rule-Obj-FlowAction | Rule-Obj-Model | Rule-Obj-Report-Definition | Rule-Obj-When
pyCurrencyPosition,1820,77,Rule-HTML-Harness | Rule-HTML-Section
pyCurrencyType,1820,77,Rule-HTML-Harness | Rule-HTML-Section
pySectionIncludeProps,1818,77,Rule-HTML-Harness | Rule-HTML-Section | Rule-Obj-FlowAction
pyObfuscatedNew,1812,77,Rule-HTML-Harness | Rule-HTML-Section
pyShowReadonlyFormatting,1807,89,Rule-HTML-Harness | Rule-HTML-Section
pyDisabled,1805,141,Rule-HTML-Harness | Rule-HTML-Section | Rule-Obj-Model
pyButton,1756,88,Rule-HTML-Harness | Rule-HTML-Section
pyChart,1745,132,Rule-HTML-Harness | Rule-HTML-Section | Rule-Obj-Report-Definition
pyPagesAndClassesMode,1740,585,Rule-Declare-DecisionTable | Rule-HTML-Harness | Rule-HTML-Section | Rule-Obj-Activity | Rule-Obj-FlowAction | Rule-Obj-Model | Rule-Obj-When
pyListLoadMode,1715,119,Rule-HTML-Harness | Rule-HTML-Section
pyNextGenTreeGrid,1656,101,Rule-HTML-Harness | Rule-HTML-Section
pzGrid_General_ActionAreaCondition,1656,101,Rule-HTML-Harness | Rule-HTML-Section
pyLocalAction,1597,202,Rule-HTML-Harness | Rule-HTML-Section | Rule-Obj-FlowAction
pyFieldValueForNoRows,1581,202,Rule-HTML-Harness | Rule-HTML-Section | Rule-Obj-FlowAction
pyEvents,1512,131,Rule-HTML-Harness | Rule-HTML-Section | Rule-Navigation | Rule-Obj-Report-Definition
pyActionComplete,1495,202,Rule-HTML-Harness | Rule-HTML-Section | Rule-Obj-FlowAction
pyActionParams,1495,202,Rule-HTML-Harness | Rule-HTML-Section | Rule-Obj-FlowAction
pyButtonId,1495,202,Rule-HTML-Harness | Rule-HTML-Section | Rule-Obj-FlowAction
pyButtonPosition,1495,202,Rule-HTML-Harness | Rule-HTML-Section | Rule-Obj-FlowAction
pyButtonType,1495,202,Rule-HTML-Harness | Rule-HTML-Section | Rule-Obj-FlowAction
pyIsModalWindow,1495,202,Rule-HTML-Harness | Rule-HTML-Section | Rule-Obj-FlowAction
pyPrivilege,1495,202,Rule-HTML-Harness | Rule-HTML-Section | Rule-Obj-FlowAction
pyStyle,1495,202,Rule-HTML-Harness | Rule-HTML-Section | Rule-Obj-FlowAction
pyTargetName,1495,202,Rule-HTML-Harness | Rule-HTML-Section | Rule-Obj-FlowAction
pyVisibleWhen,1495,202,Rule-HTML-Harness | Rule-HTML-Section | Rule-Obj-FlowAction
pyWhenNotPrivilege,1495,202,Rule-HTML-Harness | Rule-HTML-Section | Rule-Obj-FlowAction
pyWindowHeight,1495,202,Rule-HTML-Harness | Rule-HTML-Section | Rule-Obj-FlowAction
pyWindowWidth,1495,202,Rule-HTML-Harness | Rule-HTML-Section | Rule-Obj-FlowAction
pyNoFormSubmit,1493,202,Rule-HTML-Harness | Rule-HTML-Section | Rule-Obj-FlowAction
pyUseExistingFrame,1493,202,Rule-HTML-Harness | Rule-HTML-Section | Rule-Obj-FlowAction
pyActions,1478,97,Rule-HTML-Harness | Rule-HTML-Section | Rule-Navigation
pyApplicability,1478,97,Rule-HTML-Harness | Rule-HTML-Section | Rule-Navigation
pyIsNavRule,1478,97,Rule-HTML-Harness | Rule-HTML-Section | Rule-Navigation
pyIsInherited,1454,96,Rule-HTML-Harness | Rule-HTML-Section
pyTabTooltip,1402,114,Rule-HTML-Harness | Rule-HTML-Section
pySymbolPosition,1397,71,Rule-HTML-Harness | Rule-HTML-Section
pyReadonlyValidation,1374,69,Rule-HTML-Harness | Rule-HTML-Section
pyReserveSpace,1334,85,Rule-HTML-Harness | Rule-HTML-Section
pyDescription,1301,672,Rule-Admin-System-Settings | Rule-Connect-SQL | Rule-Declare-DecisionTable | Rule-HTML-Harness | Rule-HTML-Section | Rule-Obj-Activity | Rule-Obj-FlowAction | Rule-Obj-Model | Rule-Obj-Report-Definition | Rule-Obj-When
pzBehaviorDisplay,1257,74,Rule-HTML-Harness | Rule-HTML-Section
pxWarningCreateOperator,1249,386,Rule-Declare-DecisionTable | Rule-HTML-Harness | Rule-HTML-Section | Rule-Obj-Activity | Rule-Obj-Model | Rule-Obj-Report-Definition | Rule-Obj-When
pxWarningCreatedTime,1249,386,Rule-Declare-DecisionTable | Rule-HTML-Harness | Rule-HTML-Section | Rule-Obj-Activity | Rule-Obj-Model | Rule-Obj-Report-Definition | Rule-Obj-When
pxWarningDetails,1249,386,Rule-Declare-DecisionTable | Rule-HTML-Harness | Rule-HTML-Section | Rule-Obj-Activity | Rule-Obj-Model | Rule-Obj-Report-Definition | Rule-Obj-When
pxWarningMessage,1249,386,Rule-Declare-DecisionTable | Rule-HTML-Harness | Rule-HTML-Section | Rule-Obj-Activity | Rule-Obj-Model | Rule-Obj-Report-Definition | Rule-Obj-When
pxWarningName,1249,386,Rule-Declare-DecisionTable | Rule-HTML-Harness | Rule-HTML-Section | Rule-Obj-Activity | Rule-Obj-Model | Rule-Obj-Report-Definition | Rule-Obj-When
pxWarningSeverity,1249,386,Rule-Declare-DecisionTable | Rule-HTML-Harness | Rule-HTML-Section | Rule-Obj-Activity | Rule-Obj-Model | Rule-Obj-Report-Definition | Rule-Obj-When
pxWarningType,1249,386,Rule-Declare-DecisionTable | Rule-HTML-Harness | Rule-HTML-Section | Rule-Obj-Activity | Rule-Obj-Model | Rule-Obj-Report-Definition | Rule-Obj-When
pxWarningRuleSetType,1225,386,Rule-Declare-DecisionTable | Rule-HTML-Harness | Rule-HTML-Section | Rule-Obj-Activity | Rule-Obj-Model | Rule-Obj-Report-Definition | Rule-Obj-When
pyAppliesTo,1205,103,Rule-HTML-Harness | Rule-HTML-Section
pxPageClass,1162,431,Rule-HTML-Harness | Rule-HTML-Section | Rule-Obj-Activity | Rule-Obj-Model | Rule-Obj-Report-Definition | Rule-Obj-When
pxPageName,1162,431,Rule-HTML-Harness | Rule-HTML-Section | Rule-Obj-Activity | Rule-Obj-Model | Rule-Obj-Report-Definition | Rule-Obj-When
pyClassName,1141,708,Rule-Admin-System-Settings | Rule-Connect-REST | Rule-Connect-SQL | Rule-Declare-DecisionTable | Rule-HTML-Harness | Rule-HTML-Section | Rule-Navigation | Rule-Obj-Activity | Rule-Obj-FlowAction | Rule-Obj-Model | Rule-Obj-Report-Definition | Rule-Obj-When
pyAutoElementName,1138,101,Rule-HTML-Harness | Rule-HTML-Section
pyShowAllActions,1108,92,Rule-HTML-Harness | Rule-HTML-Section | Rule-Navigation
pzSetShowAllActions,1108,92,Rule-HTML-Harness | Rule-HTML-Section | Rule-Navigation
pyLinkButtonCaptionType,1082,92,Rule-HTML-Harness | Rule-HTML-Section
pyIsNewMarkup,1048,92,Rule-HTML-Harness | Rule-HTML-Section
pySelected,1036,418,Rule-Declare-DecisionTable | Rule-HTML-Section | Rule-Obj-Activity | Rule-Obj-Model | Rule-Obj-Report-Definition | Rule-Obj-When
pyDisabledWhen,1010,50,Rule-HTML-Harness | Rule-HTML-Section
pzIndexCount,1007,622,Rule-Connect-REST | Rule-Declare-DecisionTable | Rule-HTML-Harness | Rule-HTML-Section | Rule-Navigation | Rule-Obj-Activity | Rule-Obj-FlowAction | Rule-Obj-Model | Rule-Obj-Report-Definition | Rule-Obj-When
pyHasNoSelection,1003,88,Rule-HTML-Harness | Rule-HTML-Section
pyFieldLabel,1000,34,Rule-Obj-Report-Definition
pyHeaderIconSource,995,202,Rule-HTML-Harness | Rule-HTML-Section | Rule-Obj-FlowAction
pyContent,957,116,Rule-HTML-Harness | Rule-HTML-Section | Rule-Obj-Report-Definition
pyPageMode,954,135,Rule-HTML-Harness | Rule-HTML-Section | Rule-Obj-Report-Definition
pyIncludedRuleXML,953,183,Rule-HTML-Harness | Rule-HTML-Section | Rule-Obj-FlowAction
pyCustomTemplateName,930,105,Rule-HTML-Harness | Rule-HTML-Section
pyOverrideTemplate,930,105,Rule-HTML-Harness | Rule-HTML-Section
pyPageSize,896,135,Rule-HTML-Harness | Rule-HTML-Section | Rule-Obj-Report-Definition
pyPaginationButtonsFormat,886,101,Rule-HTML-Harness | Rule-HTML-Section
pyParametersParamIntelliValidateAs,878,552,Rule-HTML-Harness | Rule-HTML-Section | Rule-Obj-Activity | Rule-Obj-FlowAction | Rule-Obj-Model | Rule-Obj-When
pyIsIFrameLess,866,110,Rule-HTML-Harness | Rule-HTML-Section
pyGridType,862,88,Rule-HTML-Harness | Rule-HTML-Section
pyRefreshLayout,852,102,Rule-HTML-Harness | Rule-HTML-Section | Rule-Navigation
pyHierarchyProps,848,101,Rule-HTML-Harness | Rule-HTML-Section
pzModalAction,846,112,Rule-HTML-Harness | Rule-HTML-Section | Rule-Obj-FlowAction
pzTitleFields_LayoutProps,842,110,Rule-HTML-Harness | Rule-HTML-Section
pyCategoryHeaderTemplate,828,101,Rule-HTML-Harness | Rule-HTML-Section
pyColumnInfo,828,101,Rule-HTML-Harness | Rule-HTML-Section
pyCustomCategoryHeader,828,101,Rule-HTML-Harness | Rule-HTML-Section
pyDisplayGridPropsPageName,828,101,Rule-HTML-Harness | Rule-HTML-Section
pyDisplaySelectedValuesFirst,828,101,Rule-HTML-Harness | Rule-HTML-Section
pyEditAction,828,101,Rule-HTML-Harness | Rule-HTML-Section
pyEditFormat,828,101,Rule-HTML-Harness | Rule-HTML-Section
pyEditFormatOther,828,101,Rule-HTML-Harness | Rule-HTML-Section
pyEditingDetailsType,828,101,Rule-HTML-Harness | Rule-HTML-Section
pyEditingEmbeddedPane,828,101,Rule-HTML-Harness | Rule-HTML-Section
pyEditingInlineType,828,101,Rule-HTML-Harness | Rule-HTML-Section
pyEditingMode,828,101,Rule-HTML-Harness | Rule-HTML-Section
pyExpandAll,828,101,Rule-HTML-Harness | Rule-HTML-Section
pyExpandMultipleRows,828,101,Rule-HTML-Harness | Rule-HTML-Section
pyFieldValueForNoRowsOnFilter,828,101,Rule-HTML-Harness | Rule-HTML-Section
pyFilterHandled,828,101,Rule-HTML-Harness | Rule-HTML-Section
pyFilteringOnUnExposedColumns,828,101,Rule-HTML-Harness | Rule-HTML-Section
pyFixSize,828,101,Rule-HTML-Harness | Rule-HTML-Section
pyFreezeColumn,828,101,Rule-HTML-Harness | Rule-HTML-Section
pyFreezeHeader,828,101,Rule-HTML-Harness | Rule-HTML-Section
pyFreezePane,828,101,Rule-HTML-Harness | Rule-HTML-Section
pyGridAutoHeight,828,101,Rule-HTML-Harness | Rule-HTML-Section
pyGridCategorization,828,101,Rule-HTML-Harness | Rule-HTML-Section
pyGridFiltering,828,101,Rule-HTML-Harness | Rule-HTML-Section
pyGridNumbering,828,101,Rule-HTML-Harness | Rule-HTML-Section
pyGridPostActivity,828,101,Rule-HTML-Harness | Rule-HTML-Section
pyGridPostActivityExists,828,101,Rule-HTML-Harness | Rule-HTML-Section
pyGridPreActivity,828,101,Rule-HTML-Harness | Rule-HTML-Section
pyGridPreActivityExists,828,101,Rule-HTML-Harness | Rule-HTML-Section
pyGridPromptClass,828,101,Rule-HTML-Harness | Rule-HTML-Section
pyGridPropsPageName,828,101,Rule-HTML-Harness | Rule-HTML-Section
pyGridRenderType,828,101,Rule-HTML-Harness | Rule-HTML-Section
pyGridSorting,828,101,Rule-HTML-Harness | Rule-HTML-Section
pyGridTemplateName,828,101,Rule-HTML-Harness | Rule-HTML-Section
pyHideGridHeaderWhenNoRows,828,101,Rule-HTML-Harness | Rule-HTML-Section
pyIsDynamicGrid,828,101,Rule-HTML-Harness | Rule-HTML-Section
pyIsResponsive,828,101,Rule-HTML-Harness | Rule-HTML-Section
pyKeyBoardA11y,828,101,Rule-HTML-Harness | Rule-HTML-Section
pyKeyBoardIntroduced,828,101,Rule-HTML-Harness | Rule-HTML-Section
pyMenuFormat,828,101,Rule-HTML-Harness | Rule-HTML-Section
pyMenuRuleNav,828,101,Rule-HTML-Harness | Rule-HTML-Section
pyNextGenRowEditing,828,101,Rule-HTML-Harness | Rule-HTML-Section
pyNoScrollContainer,828,101,Rule-HTML-Harness | Rule-HTML-Section
pyOpenOnDblClick,828,101,Rule-HTML-Harness | Rule-HTML-Section
pyOptimize,828,101,Rule-HTML-Harness | Rule-HTML-Section
pyPageSizeOther,828,101,Rule-HTML-Harness | Rule-HTML-Section
pyPaginateActivity,828,101,Rule-HTML-Harness | Rule-HTML-Section
pyPaginationButtonsFormatExists,828,101,Rule-HTML-Harness | Rule-HTML-Section
pyPartialRefresh,828,101,Rule-HTML-Harness | Rule-HTML-Section
pyRDResultsPage,828,101,Rule-HTML-Harness | Rule-HTML-Section
pyRDResultsPageExists,828,101,Rule-HTML-Harness | Rule-HTML-Section
pyRODetails,828,101,Rule-HTML-Harness | Rule-HTML-Section
pyRowEditing,828,101,Rule-HTML-Harness | Rule-HTML-Section
pyRowHovering,828,101,Rule-HTML-Harness | Rule-HTML-Section
pyRowRefresh,828,101,Rule-HTML-Harness | Rule-HTML-Section
pyRowVisible,828,101,Rule-HTML-Harness | Rule-HTML-Section
pyRowVisibleCondition,828,101,Rule-HTML-Harness | Rule-HTML-Section
pyRuleForCustomNoRowsMsg,828,101,Rule-HTML-Harness | Rule-HTML-Section
pyRuleForCustomNoRowsMsgOnFilter,828,101,Rule-HTML-Harness | Rule-HTML-Section
pySectionForNoRows,828,101,Rule-HTML-Harness | Rule-HTML-Section
pySectionForNoRowsOnFilter,828,101,Rule-HTML-Harness | Rule-HTML-Section
pySelectRowOnLoad,828,101,Rule-HTML-Harness | Rule-HTML-Section
pyShowCustomNoRowsMsg,828,101,Rule-HTML-Harness | Rule-HTML-Section
pyShowCustomNoRowsMsgOnFilter,828,101,Rule-HTML-Harness | Rule-HTML-Section
pyShowExpandCollapseColumn,828,101,Rule-HTML-Harness | Rule-HTML-Section
pyShowExpandDetails,828,101,Rule-HTML-Harness | Rule-HTML-Section
pyShowRowRefresh,828,101,Rule-HTML-Harness | Rule-HTML-Section
pySortHandled,828,101,Rule-HTML-Harness | Rule-HTML-Section
pyTargetSection,828,101,Rule-HTML-Harness | Rule-HTML-Section
pyVirtualRDExists,828,101,Rule-HTML-Harness | Rule-HTML-Section
pyVirtualRDPage,828,101,Rule-HTML-Harness | Rule-HTML-Section
pzGridNoRowsMsgWarpper,828,101,Rule-HTML-Harness | Rule-HTML-Section
pzGrid_General_ConditionsContent_GridVisible_Type,828,101,Rule-HTML-Harness | Rule-HTML-Section
pzGrid_General_ConditionsContent_RowRefresh_Type,828,101,Rule-HTML-Harness | Rule-HTML-Section
pzGrid_General_ConditionsContent_RowVisible_Type,828,101,Rule-HTML-Harness | Rule-HTML-Section
pzGrid_General_ListGroupLabel,828,101,Rule-HTML-Harness | Rule-HTML-Section
pzGrid_General_SummaryTypes,828,101,Rule-HTML-Harness | Rule-HTML-Section
pzGrid_General_VisibilityTypes,828,101,Rule-HTML-Harness | Rule-HTML-Section
pzGrid_Presentation_SizeSettings,828,101,Rule-HTML-Harness | Rule-HTML-Section
pyDisplayInitialSort,822,95,Rule-HTML-Harness | Rule-HTML-Section
pyDecimalPlaces,821,76,Rule-HTML-Harness | Rule-HTML-Section
pyLaunch,812,708,Rule-Admin-System-Settings | Rule-Connect-REST | Rule-Connect-SQL | Rule-Declare-DecisionTable | Rule-HTML-Harness | Rule-HTML-Section | Rule-Navigation | Rule-Obj-Activity | Rule-Obj-FlowAction | Rule-Obj-Model | Rule-Obj-Report-Definition | Rule-Obj-When
pyRuleParamsStreamName,810,671,Rule-Admin-System-Settings | Rule-Connect-SQL | Rule-Declare-DecisionTable | Rule-HTML-Harness | Rule-HTML-Section | Rule-Obj-Activity | Rule-Obj-FlowAction | Rule-Obj-Model | Rule-Obj-When
pyCheckboxCaptionPosition,787,77,Rule-HTML-Harness | Rule-HTML-Section
pxInsName,776,708,Rule-Admin-System-Settings | Rule-Connect-REST | Rule-Connect-SQL | Rule-Declare-DecisionTable | Rule-HTML-Harness | Rule-HTML-Section | Rule-Navigation | Rule-Obj-Activity | Rule-Obj-FlowAction | Rule-Obj-Model | Rule-Obj-Report-Definition | Rule-Obj-When
pyStreamName,767,705,Rule-Admin-System-Settings | Rule-Connect-SQL | Rule-Declare-DecisionTable | Rule-HTML-Harness | Rule-HTML-Section | Rule-Obj-Activity | Rule-Obj-FlowAction | Rule-Obj-Model | Rule-Obj-Report-Definition | Rule-Obj-When
pxIsWarningJustified,765,180,Rule-Declare-DecisionTable | Rule-HTML-Harness | Rule-HTML-Section | Rule-Obj-Activity | Rule-Obj-Model | Rule-Obj-Report-Definition | Rule-Obj-When
pyParametersParamDefaultValue,760,384,Rule-HTML-Harness | Rule-HTML-Section | Rule-Obj-Activity | Rule-Obj-FlowAction | Rule-Obj-Model | Rule-Obj-When
pyRuleSet,759,708,Rule-Admin-System-Settings | Rule-Connect-REST | Rule-Connect-SQL | Rule-Declare-DecisionTable | Rule-HTML-Harness | Rule-HTML-Section | Rule-Navigation | Rule-Obj-Activity | Rule-Obj-FlowAction | Rule-Obj-Model | Rule-Obj-Report-Definition | Rule-Obj-When
pyFormPost,757,671,Rule-Admin-System-Settings | Rule-Connect-SQL | Rule-Declare-DecisionTable | Rule-HTML-Harness | Rule-HTML-Section | Rule-Obj-Activity | Rule-Obj-FlowAction | Rule-Obj-Model | Rule-Obj-When
pyWindowTitle,757,671,Rule-Admin-System-Settings | Rule-Connect-SQL | Rule-Declare-DecisionTable | Rule-HTML-Harness | Rule-HTML-Section | Rule-Obj-Activity | Rule-Obj-FlowAction | Rule-Obj-Model | Rule-Obj-When
pyForceNonTemplate,753,202,Rule-HTML-Harness | Rule-HTML-Section | Rule-Obj-FlowAction
pyRuleForCustomNoRowsRdlMsg,753,202,Rule-HTML-Harness | Rule-HTML-Section | Rule-Obj-FlowAction
pySectionForNoRdlRows,753,202,Rule-HTML-Harness | Rule-HTML-Section | Rule-Obj-FlowAction
pyShowNoRowsRdLMsg,753,202,Rule-HTML-Harness | Rule-HTML-Section | Rule-Obj-FlowAction
pyDragDropEnableGrouping,752,202,Rule-HTML-Harness | Rule-HTML-Section | Rule-Obj-FlowAction
pyDragDropGroupName,752,202,Rule-HTML-Harness | Rule-HTML-Section | Rule-Obj-FlowAction
pyEnableSwipe,752,202,Rule-HTML-Harness | Rule-HTML-Section | Rule-Obj-FlowAction
pyFieldValueForNoLoadMoreRowsMsg,752,202,Rule-HTML-Harness | Rule-HTML-Section | Rule-Obj-FlowAction
pyRDLPostActivity,752,202,Rule-HTML-Harness | Rule-HTML-Section | Rule-Obj-FlowAction
pyRDLPostActivityExists,752,202,Rule-HTML-Harness | Rule-HTML-Section | Rule-Obj-FlowAction
pyRDLPreActivity,752,202,Rule-HTML-Harness | Rule-HTML-Section | Rule-Obj-FlowAction
pyRDLPreActivityExists,752,202,Rule-HTML-Harness | Rule-HTML-Section | Rule-Obj-FlowAction
pySectionForNoLoadMoreRowsMsg,752,202,Rule-HTML-Harness | Rule-HTML-Section | Rule-Obj-FlowAction
pyShowCustomMessageForNoLoadMoreMessages,752,202,Rule-HTML-Harness | Rule-HTML-Section | Rule-Obj-FlowAction
pxWarningJustifiedOperator,749,180,Rule-Declare-DecisionTable | Rule-HTML-Harness | Rule-HTML-Section | Rule-Obj-Activity | Rule-Obj-Model | Rule-Obj-Report-Definition | Rule-Obj-When
pxWarningJustifiedTime,749,180,Rule-Declare-DecisionTable | Rule-HTML-Harness | Rule-HTML-Section | Rule-Obj-Activity | Rule-Obj-Model | Rule-Obj-Report-Definition | Rule-Obj-When
pyWarningJustifiedMessage,749,180,Rule-Declare-DecisionTable | Rule-HTML-Harness | Rule-HTML-Section | Rule-Obj-Activity | Rule-Obj-Model | Rule-Obj-Report-Definition | Rule-Obj-When
pyAvailability,746,708,Rule-Admin-System-Settings | Rule-Connect-REST | Rule-Connect-SQL | Rule-Declare-DecisionTable | Rule-HTML-Harness | Rule-HTML-Section | Rule-Navigation | Rule-Obj-Activity | Rule-Obj-FlowAction | Rule-Obj-Model | Rule-Obj-Report-Definition | Rule-Obj-When
pyBack,746,708,Rule-Admin-System-Settings | Rule-Connect-REST | Rule-Connect-SQL | Rule-Declare-DecisionTable | Rule-HTML-Harness | Rule-HTML-Section | Rule-Navigation | Rule-Obj-Activity | Rule-Obj-FlowAction | Rule-Obj-Model | Rule-Obj-Report-Definition | Rule-Obj-When
pyBaseRule,746,708,Rule-Admin-System-Settings | Rule-Connect-REST | Rule-Connect-SQL | Rule-Declare-DecisionTable | Rule-HTML-Harness | Rule-HTML-Section | Rule-Navigation | Rule-Obj-Activity | Rule-Obj-FlowAction | Rule-Obj-Model | Rule-Obj-Report-Definition | Rule-Obj-When
pyBranchOut,746,708,Rule-Admin-System-Settings | Rule-Connect-REST | Rule-Connect-SQL | Rule-Declare-DecisionTable | Rule-HTML-Harness | Rule-HTML-Section | Rule-Navigation | Rule-Obj-Activity | Rule-Obj-FlowAction | Rule-Obj-Model | Rule-Obj-Report-Definition | Rule-Obj-When
pyCheckIn,746,708,Rule-Admin-System-Settings | Rule-Connect-REST | Rule-Connect-SQL | Rule-Declare-DecisionTable | Rule-HTML-Harness | Rule-HTML-Section | Rule-Navigation | Rule-Obj-Activity | Rule-Obj-FlowAction | Rule-Obj-Model | Rule-Obj-Report-Definition | Rule-Obj-When
pyCheckOut,746,708,Rule-Admin-System-Settings | Rule-Connect-REST | Rule-Connect-SQL | Rule-Declare-DecisionTable | Rule-HTML-Harness | Rule-HTML-Section | Rule-Navigation | Rule-Obj-Activity | Rule-Obj-FlowAction | Rule-Obj-Model | Rule-Obj-Report-Definition | Rule-Obj-When
pyCurrentlyOpen,746,708,Rule-Admin-System-Settings | Rule-Connect-REST | Rule-Connect-SQL | Rule-Declare-DecisionTable | Rule-HTML-Harness | Rule-HTML-Section | Rule-Navigation | Rule-Obj-Activity | Rule-Obj-FlowAction | Rule-Obj-Model | Rule-Obj-Report-Definition | Rule-Obj-When
pyCustomFields,746,708,Rule-Admin-System-Settings | Rule-Connect-REST | Rule-Connect-SQL | Rule-Declare-DecisionTable | Rule-HTML-Harness | Rule-HTML-Section | Rule-Navigation | Rule-Obj-Activity | Rule-Obj-FlowAction | Rule-Obj-Model | Rule-Obj-Report-Definition | Rule-Obj-When
pyDelete,746,708,Rule-Admin-System-Settings | Rule-Connect-REST | Rule-Connect-SQL | Rule-Declare-DecisionTable | Rule-HTML-Harness | Rule-HTML-Section | Rule-Navigation | Rule-Obj-Activity | Rule-Obj-FlowAction | Rule-Obj-Model | Rule-Obj-Report-Definition | Rule-Obj-When
pyFavorites,746,708,Rule-Admin-System-Settings | Rule-Connect-REST | Rule-Connect-SQL | Rule-Declare-DecisionTable | Rule-HTML-Harness | Rule-HTML-Section | Rule-Navigation | Rule-Obj-Activity | Rule-Obj-FlowAction | Rule-Obj-Model | Rule-Obj-Report-Definition | Rule-Obj-When
pyForward,746,708,Rule-Admin-System-Settings | Rule-Connect-REST | Rule-Connect-SQL | Rule-Declare-DecisionTable | Rule-HTML-Harness | Rule-HTML-Section | Rule-Navigation | Rule-Obj-Activity | Rule-Obj-FlowAction | Rule-Obj-Model | Rule-Obj-Report-Definition | Rule-Obj-When
pyHasQualifiers,746,708,Rule-Admin-System-Settings | Rule-Connect-REST | Rule-Connect-SQL | Rule-Declare-DecisionTable | Rule-HTML-Harness | Rule-HTML-Section | Rule-Navigation | Rule-Obj-Activity | Rule-Obj-FlowAction | Rule-Obj-Model | Rule-Obj-Report-Definition | Rule-Obj-When
pyHelpURI,746,708,Rule-Admin-System-Settings | Rule-Connect-REST | Rule-Connect-SQL | Rule-Declare-DecisionTable | Rule-HTML-Harness | Rule-HTML-Section | Rule-Navigation | Rule-Obj-Activity | Rule-Obj-FlowAction | Rule-Obj-Model | Rule-Obj-Report-Definition | Rule-Obj-When
pyNew,746,708,Rule-Admin-System-Settings | Rule-Connect-REST | Rule-Connect-SQL | Rule-Declare-DecisionTable | Rule-HTML-Harness | Rule-HTML-Section | Rule-Navigation | Rule-Obj-Activity | Rule-Obj-FlowAction | Rule-Obj-Model | Rule-Obj-Report-Definition | Rule-Obj-When
pyPreview,746,708,Rule-Admin-System-Settings | Rule-Connect-REST | Rule-Connect-SQL | Rule-Declare-DecisionTable | Rule-HTML-Harness | Rule-HTML-Section | Rule-Navigation | Rule-Obj-Activity | Rule-Obj-FlowAction | Rule-Obj-Model | Rule-Obj-Report-Definition | Rule-Obj-When
pyPropertyPane,746,708,Rule-Admin-System-Settings | Rule-Connect-REST | Rule-Connect-SQL | Rule-Declare-DecisionTable | Rule-HTML-Harness | Rule-HTML-Section | Rule-Navigation | Rule-Obj-Activity | Rule-Obj-FlowAction | Rule-Obj-Model | Rule-Obj-Report-Definition | Rule-Obj-When
pyRecover,746,708,Rule-Admin-System-Settings | Rule-Connect-REST | Rule-Connect-SQL | Rule-Declare-DecisionTable | Rule-HTML-Harness | Rule-HTML-Section | Rule-Navigation | Rule-Obj-Activity | Rule-Obj-FlowAction | Rule-Obj-Model | Rule-Obj-Report-Definition | Rule-Obj-When
pyRefresh,746,708,Rule-Admin-System-Settings | Rule-Connect-REST | Rule-Connect-SQL | Rule-Declare-DecisionTable | Rule-HTML-Harness | Rule-HTML-Section | Rule-Navigation | Rule-Obj-Activity | Rule-Obj-FlowAction | Rule-Obj-Model | Rule-Obj-Report-Definition | Rule-Obj-When
pyRestore,746,708,Rule-Admin-System-Settings | Rule-Connect-REST | Rule-Connect-SQL | Rule-Declare-DecisionTable | Rule-HTML-Harness | Rule-HTML-Section | Rule-Navigation | Rule-Obj-Activity | Rule-Obj-FlowAction | Rule-Obj-Model | Rule-Obj-Report-Definition | Rule-Obj-When
pyRuleAvailable,746,708,Rule-Admin-System-Settings | Rule-Connect-REST | Rule-Connect-SQL | Rule-Declare-DecisionTable | Rule-HTML-Harness | Rule-HTML-Section | Rule-Navigation | Rule-Obj-Activity | Rule-Obj-FlowAction | Rule-Obj-Model | Rule-Obj-Report-Definition | Rule-Obj-When
pyRuleData,746,708,Rule-Admin-System-Settings | Rule-Connect-REST | Rule-Connect-SQL | Rule-Declare-DecisionTable | Rule-HTML-Harness | Rule-HTML-Section | Rule-Navigation | Rule-Obj-Activity | Rule-Obj-FlowAction | Rule-Obj-Model | Rule-Obj-Report-Definition | Rule-Obj-When
pyRuleResolution,746,708,Rule-Admin-System-Settings | Rule-Connect-REST | Rule-Connect-SQL | Rule-Declare-DecisionTable | Rule-HTML-Harness | Rule-HTML-Section | Rule-Navigation | Rule-Obj-Activity | Rule-Obj-FlowAction | Rule-Obj-Model | Rule-Obj-Report-Definition | Rule-Obj-When
pyRuleSetVersion,746,708,Rule-Admin-System-Settings | Rule-Connect-REST | Rule-Connect-SQL | Rule-Declare-DecisionTable | Rule-HTML-Harness | Rule-HTML-Section | Rule-Navigation | Rule-Obj-Activity | Rule-Obj-FlowAction | Rule-Obj-Model | Rule-Obj-Report-Definition | Rule-Obj-When
pyRun,746,708,Rule-Admin-System-Settings | Rule-Connect-REST | Rule-Connect-SQL | Rule-Declare-DecisionTable | Rule-HTML-Harness | Rule-HTML-Section | Rule-Navigation | Rule-Obj-Activity | Rule-Obj-FlowAction | Rule-Obj-Model | Rule-Obj-Report-Definition | Rule-Obj-When
pySave,746,708,Rule-Admin-System-Settings | Rule-Connect-REST | Rule-Connect-SQL | Rule-Declare-DecisionTable | Rule-HTML-Harness | Rule-HTML-Section | Rule-Navigation | Rule-Obj-Activity | Rule-Obj-FlowAction | Rule-Obj-Model | Rule-Obj-Report-Definition | Rule-Obj-When
pySaveAs,746,708,Rule-Admin-System-Settings | Rule-Connect-REST | Rule-Connect-SQL | Rule-Declare-DecisionTable | Rule-HTML-Harness | Rule-HTML-Section | Rule-Navigation | Rule-Obj-Activity | Rule-Obj-FlowAction | Rule-Obj-Model | Rule-Obj-Report-Definition | Rule-Obj-When
pyShowJava,746,708,Rule-Admin-System-Settings | Rule-Connect-REST | Rule-Connect-SQL | Rule-Declare-DecisionTable | Rule-HTML-Harness | Rule-HTML-Section | Rule-Navigation | Rule-Obj-Activity | Rule-Obj-FlowAction | Rule-Obj-Model | Rule-Obj-Report-Definition | Rule-Obj-When
pySiblings,746,708,Rule-Admin-System-Settings | Rule-Connect-REST | Rule-Connect-SQL | Rule-Declare-DecisionTable | Rule-HTML-Harness | Rule-HTML-Section | Rule-Navigation | Rule-Obj-Activity | Rule-Obj-FlowAction | Rule-Obj-Model | Rule-Obj-Report-Definition | Rule-Obj-When
pySortDateCircumWithinRSMajor,746,708,Rule-Admin-System-Settings | Rule-Connect-REST | Rule-Connect-SQL | Rule-Declare-DecisionTable | Rule-HTML-Harness | Rule-HTML-Section | Rule-Navigation | Rule-Obj-Activity | Rule-Obj-FlowAction | Rule-Obj-Model | Rule-Obj-Report-Definition | Rule-Obj-When
pyToolBarSettings,746,708,Rule-Admin-System-Settings | Rule-Connect-REST | Rule-Connect-SQL | Rule-Declare-DecisionTable | Rule-HTML-Harness | Rule-HTML-Section | Rule-Navigation | Rule-Obj-Activity | Rule-Obj-FlowAction | Rule-Obj-Model | Rule-Obj-Report-Definition | Rule-Obj-When
pyUsesInheritance,746,708,Rule-Admin-System-Settings | Rule-Connect-REST | Rule-Connect-SQL | Rule-Declare-DecisionTable | Rule-HTML-Harness | Rule-HTML-Section | Rule-Navigation | Rule-Obj-Activity | Rule-Obj-FlowAction | Rule-Obj-Model | Rule-Obj-Report-Definition | Rule-Obj-When
pxCommitDateTime,744,708,Rule-Admin-System-Settings | Rule-Connect-REST | Rule-Connect-SQL | Rule-Declare-DecisionTable | Rule-HTML-Harness | Rule-HTML-Section | Rule-Navigation | Rule-Obj-Activity | Rule-Obj-FlowAction | Rule-Obj-Model | Rule-Obj-Report-Definition | Rule-Obj-When
pxHostId,744,708,Rule-Admin-System-Settings | Rule-Connect-REST | Rule-Connect-SQL | Rule-Declare-DecisionTable | Rule-HTML-Harness | Rule-HTML-Section | Rule-Navigation | Rule-Obj-Activity | Rule-Obj-FlowAction | Rule-Obj-Model | Rule-Obj-Report-Definition | Rule-Obj-When
pxInsId,744,708,Rule-Admin-System-Settings | Rule-Connect-REST | Rule-Connect-SQL | Rule-Declare-DecisionTable | Rule-HTML-Harness | Rule-HTML-Section | Rule-Navigation | Rule-Obj-Activity | Rule-Obj-FlowAction | Rule-Obj-Model | Rule-Obj-Report-Definition | Rule-Obj-When
pxLimitedAccess,744,708,Rule-Admin-System-Settings | Rule-Connect-REST | Rule-Connect-SQL | Rule-Declare-DecisionTable | Rule-HTML-Harness | Rule-HTML-Section | Rule-Navigation | Rule-Obj-Activity | Rule-Obj-FlowAction | Rule-Obj-Model | Rule-Obj-Report-Definition | Rule-Obj-When
pxSaveDateTime,744,708,Rule-Admin-System-Settings | Rule-Connect-REST | Rule-Connect-SQL | Rule-Declare-DecisionTable | Rule-HTML-Harness | Rule-HTML-Section | Rule-Navigation | Rule-Obj-Activity | Rule-Obj-FlowAction | Rule-Obj-Model | Rule-Obj-Report-Definition | Rule-Obj-When
pxUpdateDateTime,744,708,Rule-Admin-System-Settings | Rule-Connect-REST | Rule-Connect-SQL | Rule-Declare-DecisionTable | Rule-HTML-Harness | Rule-HTML-Section | Rule-Navigation | Rule-Obj-Activity | Rule-Obj-FlowAction | Rule-Obj-Model | Rule-Obj-Report-Definition | Rule-Obj-When
pxUpdateOpName,744,708,Rule-Admin-System-Settings | Rule-Connect-REST | Rule-Connect-SQL | Rule-Declare-DecisionTable | Rule-HTML-Harness | Rule-HTML-Section | Rule-Navigation | Rule-Obj-Activity | Rule-Obj-FlowAction | Rule-Obj-Model | Rule-Obj-Report-Definition | Rule-Obj-When
pxUpdateOperator,744,708,Rule-Admin-System-Settings | Rule-Connect-REST | Rule-Connect-SQL | Rule-Declare-DecisionTable | Rule-HTML-Harness | Rule-HTML-Section | Rule-Navigation | Rule-Obj-Activity | Rule-Obj-FlowAction | Rule-Obj-Model | Rule-Obj-Report-Definition | Rule-Obj-When
pxUpdateSystemID,744,708,Rule-Admin-System-Settings | Rule-Connect-REST | Rule-Connect-SQL | Rule-Declare-DecisionTable | Rule-HTML-Harness | Rule-HTML-Section | Rule-Navigation | Rule-Obj-Activity | Rule-Obj-FlowAction | Rule-Obj-Model | Rule-Obj-Report-Definition | Rule-Obj-When
pxWarnings,744,708,Rule-Admin-System-Settings | Rule-Connect-REST | Rule-Connect-SQL | Rule-Declare-DecisionTable | Rule-HTML-Harness | Rule-HTML-Section | Rule-Navigation | Rule-Obj-Activity | Rule-Obj-FlowAction | Rule-Obj-Model | Rule-Obj-Report-Definition | Rule-Obj-When
pyDelegates,744,708,Rule-Admin-System-Settings | Rule-Connect-REST | Rule-Connect-SQL | Rule-Declare-DecisionTable | Rule-HTML-Harness | Rule-HTML-Section | Rule-Navigation | Rule-Obj-Activity | Rule-Obj-FlowAction | Rule-Obj-Model | Rule-Obj-Report-Definition | Rule-Obj-When
pyHelpRef,744,708,Rule-Admin-System-Settings | Rule-Connect-REST | Rule-Connect-SQL | Rule-Declare-DecisionTable | Rule-HTML-Harness | Rule-HTML-Section | Rule-Navigation | Rule-Obj-Activity | Rule-Obj-FlowAction | Rule-Obj-Model | Rule-Obj-Report-Definition | Rule-Obj-When
pyRuleFormStatus,744,708,Rule-Admin-System-Settings | Rule-Connect-REST | Rule-Connect-SQL | Rule-Declare-DecisionTable | Rule-HTML-Harness | Rule-HTML-Section | Rule-Navigation | Rule-Obj-Activity | Rule-Obj-FlowAction | Rule-Obj-Model | Rule-Obj-Report-Definition | Rule-Obj-When
pyRuleFormStatusTime,744,708,Rule-Admin-System-Settings | Rule-Connect-REST | Rule-Connect-SQL | Rule-Declare-DecisionTable | Rule-HTML-Harness | Rule-HTML-Section | Rule-Navigation | Rule-Obj-Activity | Rule-Obj-FlowAction | Rule-Obj-Model | Rule-Obj-Report-Definition | Rule-Obj-When
pyRuleVersionsList,744,708,Rule-Admin-System-Settings | Rule-Connect-REST | Rule-Connect-SQL | Rule-Declare-DecisionTable | Rule-HTML-Harness | Rule-HTML-Section | Rule-Navigation | Rule-Obj-Activity | Rule-Obj-FlowAction | Rule-Obj-Model | Rule-Obj-Report-Definition | Rule-Obj-When
pyShowJavaWindowName,744,708,Rule-Admin-System-Settings | Rule-Connect-REST | Rule-Connect-SQL | Rule-Declare-DecisionTable | Rule-HTML-Harness | Rule-HTML-Section | Rule-Navigation | Rule-Obj-Activity | Rule-Obj-FlowAction | Rule-Obj-Model | Rule-Obj-Report-Definition | Rule-Obj-When
pyValueChanged,744,708,Rule-Admin-System-Settings | Rule-Connect-REST | Rule-Connect-SQL | Rule-Declare-DecisionTable | Rule-HTML-Harness | Rule-HTML-Section | Rule-Navigation | Rule-Obj-Activity | Rule-Obj-FlowAction | Rule-Obj-Model | Rule-Obj-Report-Definition | Rule-Obj-When
pzChecksum,744,708,Rule-Admin-System-Settings | Rule-Connect-REST | Rule-Connect-SQL | Rule-Declare-DecisionTable | Rule-HTML-Harness | Rule-HTML-Section | Rule-Navigation | Rule-Obj-Activity | Rule-Obj-FlowAction | Rule-Obj-Model | Rule-Obj-Report-Definition | Rule-Obj-When
pzIsPrivateCheckOut,744,708,Rule-Admin-System-Settings | Rule-Connect-REST | Rule-Connect-SQL | Rule-Declare-DecisionTable | Rule-HTML-Harness | Rule-HTML-Section | Rule-Navigation | Rule-Obj-Activity | Rule-Obj-FlowAction | Rule-Obj-Model | Rule-Obj-Report-Definition | Rule-Obj-When
pzOriginalInstanceKey,744,708,Rule-Admin-System-Settings | Rule-Connect-REST | Rule-Connect-SQL | Rule-Declare-DecisionTable | Rule-HTML-Harness | Rule-HTML-Section | Rule-Navigation | Rule-Obj-Activity | Rule-Obj-FlowAction | Rule-Obj-Model | Rule-Obj-Report-Definition | Rule-Obj-When
pzRuleSetVersionMajor,744,708,Rule-Admin-System-Settings | Rule-Connect-REST | Rule-Connect-SQL | Rule-Declare-DecisionTable | Rule-HTML-Harness | Rule-HTML-Section | Rule-Navigation | Rule-Obj-Activity | Rule-Obj-FlowAction | Rule-Obj-Model | Rule-Obj-Report-Definition | Rule-Obj-When
pzRuleSetVersionMinor,744,708,Rule-Admin-System-Settings | Rule-Connect-REST | Rule-Connect-SQL | Rule-Declare-DecisionTable | Rule-HTML-Harness | Rule-HTML-Section | Rule-Navigation | Rule-Obj-Activity | Rule-Obj-FlowAction | Rule-Obj-Model | Rule-Obj-Report-Definition | Rule-Obj-When
pzRuleSetVersionPatch,744,708,Rule-Admin-System-Settings | Rule-Connect-REST | Rule-Connect-SQL | Rule-Declare-DecisionTable | Rule-HTML-Harness | Rule-HTML-Section | Rule-Navigation | Rule-Obj-Activity | Rule-Obj-FlowAction | Rule-Obj-Model | Rule-Obj-Report-Definition | Rule-Obj-When
pyTemplateDisplayText,743,707,Rule-Admin-System-Settings | Rule-Connect-REST | Rule-Connect-SQL | Rule-Declare-DecisionTable | Rule-HTML-Harness | Rule-HTML-Section | Rule-Navigation | Rule-Obj-Activity | Rule-Obj-FlowAction | Rule-Obj-Model | Rule-Obj-Report-Definition | Rule-Obj-When
pxMoveImportDateTime,742,706,Rule-Admin-System-Settings | Rule-Connect-SQL | Rule-Declare-DecisionTable | Rule-HTML-Harness | Rule-HTML-Section | Rule-Navigation | Rule-Obj-Activity | Rule-Obj-FlowAction | Rule-Obj-Model | Rule-Obj-Report-Definition | Rule-Obj-When
pxMoveImportOperId,742,706,Rule-Admin-System-Settings | Rule-Connect-SQL | Rule-Declare-DecisionTable | Rule-HTML-Harness | Rule-HTML-Section | Rule-Navigation | Rule-Obj-Activity | Rule-Obj-FlowAction | Rule-Obj-Model | Rule-Obj-Report-Definition | Rule-Obj-When
pxMoveImportOperName,742,706,Rule-Admin-System-Settings | Rule-Connect-SQL | Rule-Declare-DecisionTable | Rule-HTML-Harness | Rule-HTML-Section | Rule-Navigation | Rule-Obj-Activity | Rule-Obj-FlowAction | Rule-Obj-Model | Rule-Obj-Report-Definition | Rule-Obj-When
pyDisplayMode,741,706,Rule-Admin-System-Settings | Rule-Connect-REST | Rule-Connect-SQL | Rule-Declare-DecisionTable | Rule-HTML-Harness | Rule-HTML-Section | Rule-Navigation | Rule-Obj-Activity | Rule-Obj-FlowAction | Rule-Obj-Model | Rule-Obj-Report-Definition | Rule-Obj-When
pyRequiresCheckOut,740,708,Rule-Admin-System-Settings | Rule-Connect-REST | Rule-Connect-SQL | Rule-Declare-DecisionTable | Rule-HTML-Harness | Rule-HTML-Section | Rule-Navigation | Rule-Obj-Activity | Rule-Obj-FlowAction | Rule-Obj-Model | Rule-Obj-Report-Definition | Rule-Obj-When
pyVersionSecure,740,708,Rule-Admin-System-Settings | Rule-Connect-REST | Rule-Connect-SQL | Rule-Declare-DecisionTable | Rule-HTML-Harness | Rule-HTML-Section | Rule-Navigation | Rule-Obj-Activity | Rule-Obj-FlowAction | Rule-Obj-Model | Rule-Obj-Report-Definition | Rule-Obj-When
pySPRuleSetName,739,707,Rule-Admin-System-Settings | Rule-Connect-REST | Rule-Connect-SQL | Rule-Declare-DecisionTable | Rule-HTML-Harness | Rule-HTML-Section | Rule-Navigation | Rule-Obj-Activity | Rule-Obj-FlowAction | Rule-Obj-Model | Rule-Obj-Report-Definition | Rule-Obj-When
pxInstanceLockedBy,709,671,Rule-Admin-System-Settings | Rule-Connect-SQL | Rule-Declare-DecisionTable | Rule-HTML-Harness | Rule-HTML-Section | Rule-Obj-Activity | Rule-Obj-FlowAction | Rule-Obj-Model | Rule-Obj-When
pxInstanceLockedCreateDateTime,709,671,Rule-Admin-System-Settings | Rule-Connect-SQL | Rule-Declare-DecisionTable | Rule-HTML-Harness | Rule-HTML-Section | Rule-Obj-Activity | Rule-Obj-FlowAction | Rule-Obj-Model | Rule-Obj-When
pxInstanceLockedDateTime,709,671,Rule-Admin-System-Settings | Rule-Connect-SQL | Rule-Declare-DecisionTable | Rule-HTML-Harness | Rule-HTML-Section | Rule-Obj-Activity | Rule-Obj-FlowAction | Rule-Obj-Model | Rule-Obj-When
pxInstanceLockedKey,709,671,Rule-Admin-System-Settings | Rule-Connect-SQL | Rule-Declare-DecisionTable | Rule-HTML-Harness | Rule-HTML-Section | Rule-Obj-Activity | Rule-Obj-FlowAction | Rule-Obj-Model | Rule-Obj-When
pxInstanceLockedRuleSet,709,671,Rule-Admin-System-Settings | Rule-Connect-SQL | Rule-Declare-DecisionTable | Rule-HTML-Harness | Rule-HTML-Section | Rule-Obj-Activity | Rule-Obj-FlowAction | Rule-Obj-Model | Rule-Obj-When
pxInstanceLockedRuleSetVersion,709,671,Rule-Admin-System-Settings | Rule-Connect-SQL | Rule-Declare-DecisionTable | Rule-HTML-Harness | Rule-HTML-Section | Rule-Obj-Activity | Rule-Obj-FlowAction | Rule-Obj-Model | Rule-Obj-When
pyCFieldName,709,671,Rule-Admin-System-Settings | Rule-Connect-SQL | Rule-Declare-DecisionTable | Rule-HTML-Harness | Rule-HTML-Section | Rule-Obj-Activity | Rule-Obj-FlowAction | Rule-Obj-Model | Rule-Obj-When
pyCFieldType,709,671,Rule-Admin-System-Settings | Rule-Connect-SQL | Rule-Declare-DecisionTable | Rule-HTML-Harness | Rule-HTML-Section | Rule-Obj-Activity | Rule-Obj-FlowAction | Rule-Obj-Model | Rule-Obj-When
pyCFieldValue,709,671,Rule-Admin-System-Settings | Rule-Connect-SQL | Rule-Declare-DecisionTable | Rule-HTML-Harness | Rule-HTML-Section | Rule-Obj-Activity | Rule-Obj-FlowAction | Rule-Obj-Model | Rule-Obj-When
pyCFileKey,709,671,Rule-Admin-System-Settings | Rule-Connect-SQL | Rule-Declare-DecisionTable | Rule-HTML-Harness | Rule-HTML-Section | Rule-Obj-Activity | Rule-Obj-FlowAction | Rule-Obj-Model | Rule-Obj-When
pyCFileRelativePath,709,671,Rule-Admin-System-Settings | Rule-Connect-SQL | Rule-Declare-DecisionTable | Rule-HTML-Harness | Rule-HTML-Section | Rule-Obj-Activity | Rule-Obj-FlowAction | Rule-Obj-Model | Rule-Obj-When
pyCircumstanceDate,709,671,Rule-Admin-System-Settings | Rule-Connect-SQL | Rule-Declare-DecisionTable | Rule-HTML-Harness | Rule-HTML-Section | Rule-Obj-Activity | Rule-Obj-FlowAction | Rule-Obj-Model | Rule-Obj-When
pyCircumstanceDateProp,709,671,Rule-Admin-System-Settings | Rule-Connect-SQL | Rule-Declare-DecisionTable | Rule-HTML-Harness | Rule-HTML-Section | Rule-Obj-Activity | Rule-Obj-FlowAction | Rule-Obj-Model | Rule-Obj-When
pyCircumstanceProp,709,671,Rule-Admin-System-Settings | Rule-Connect-SQL | Rule-Declare-DecisionTable | Rule-HTML-Harness | Rule-HTML-Section | Rule-Obj-Activity | Rule-Obj-FlowAction | Rule-Obj-Model | Rule-Obj-When
pyCircumstanceType,709,671,Rule-Admin-System-Settings | Rule-Connect-SQL | Rule-Declare-DecisionTable | Rule-HTML-Harness | Rule-HTML-Section | Rule-Obj-Activity | Rule-Obj-FlowAction | Rule-Obj-Model | Rule-Obj-When
pyCircumstanceVal,709,671,Rule-Admin-System-Settings | Rule-Connect-SQL | Rule-Declare-DecisionTable | Rule-HTML-Harness | Rule-HTML-Section | Rule-Obj-Activity | Rule-Obj-FlowAction | Rule-Obj-Model | Rule-Obj-When
pyInterface,709,671,Rule-Admin-System-Settings | Rule-Connect-SQL | Rule-Declare-DecisionTable | Rule-HTML-Harness | Rule-HTML-Section | Rule-Obj-Activity | Rule-Obj-FlowAction | Rule-Obj-Model | Rule-Obj-When
pyJavaStream,709,671,Rule-Admin-System-Settings | Rule-Connect-SQL | Rule-Declare-DecisionTable | Rule-HTML-Harness | Rule-HTML-Section | Rule-Obj-Activity | Rule-Obj-FlowAction | Rule-Obj-Model | Rule-Obj-When
pyRMAction,709,708,Rule-Admin-System-Settings | Rule-Connect-REST | Rule-Connect-SQL | Rule-Declare-DecisionTable | Rule-HTML-Harness | Rule-HTML-Section | Rule-Navigation | Rule-Obj-Activity | Rule-Obj-FlowAction | Rule-Obj-Model | Rule-Obj-Report-Definition | Rule-Obj-When
pyRuleEnds,709,671,Rule-Admin-System-Settings | Rule-Connect-SQL | Rule-Declare-DecisionTable | Rule-HTML-Harness | Rule-HTML-Section | Rule-Obj-Activity | Rule-Obj-FlowAction | Rule-Obj-Model | Rule-Obj-When
pyRuleStarts,709,671,Rule-Admin-System-Settings | Rule-Connect-SQL | Rule-Declare-DecisionTable | Rule-HTML-Harness | Rule-HTML-Section | Rule-Obj-Activity | Rule-Obj-FlowAction | Rule-Obj-Model | Rule-Obj-When
pyWorkKey,709,671,Rule-Admin-System-Settings | Rule-Connect-SQL | Rule-Declare-DecisionTable | Rule-HTML-Harness | Rule-HTML-Section | Rule-Obj-Activity | Rule-Obj-FlowAction | Rule-Obj-Model | Rule-Obj-When
pagedata,708,708,Rule-Admin-System-Settings | Rule-Connect-REST | Rule-Connect-SQL | Rule-Declare-DecisionTable | Rule-HTML-Harness | Rule-HTML-Section | Rule-Navigation | Rule-Obj-Activity | Rule-Obj-FlowAction | Rule-Obj-Model | Rule-Obj-Report-Definition | Rule-Obj-When
pxCanJustifyWarnings,708,708,Rule-Admin-System-Settings | Rule-Connect-REST | Rule-Connect-SQL | Rule-Declare-DecisionTable | Rule-HTML-Harness | Rule-HTML-Section | Rule-Navigation | Rule-Obj-Activity | Rule-Obj-FlowAction | Rule-Obj-Model | Rule-Obj-Report-Definition | Rule-Obj-When
pxTabLabel,708,708,Rule-Admin-System-Settings | Rule-Connect-REST | Rule-Connect-SQL | Rule-Declare-DecisionTable | Rule-HTML-Harness | Rule-HTML-Section | Rule-Navigation | Rule-Obj-Activity | Rule-Obj-FlowAction | Rule-Obj-Model | Rule-Obj-Report-Definition | Rule-Obj-When
pyIsStaleRuleCheckEnabled,708,708,Rule-Admin-System-Settings | Rule-Connect-REST | Rule-Connect-SQL | Rule-Declare-DecisionTable | Rule-HTML-Harness | Rule-HTML-Section | Rule-Navigation | Rule-Obj-Activity | Rule-Obj-FlowAction | Rule-Obj-Model | Rule-Obj-Report-Definition | Rule-Obj-When
pyObjClassLabel,708,708,Rule-Admin-System-Settings | Rule-Connect-REST | Rule-Connect-SQL | Rule-Declare-DecisionTable | Rule-HTML-Harness | Rule-HTML-Section | Rule-Navigation | Rule-Obj-Activity | Rule-Obj-FlowAction | Rule-Obj-Model | Rule-Obj-Report-Definition | Rule-Obj-When
pyRuleFormType,708,708,Rule-Admin-System-Settings | Rule-Connect-REST | Rule-Connect-SQL | Rule-Declare-DecisionTable | Rule-HTML-Harness | Rule-HTML-Section | Rule-Navigation | Rule-Obj-Activity | Rule-Obj-FlowAction | Rule-Obj-Model | Rule-Obj-Report-Definition | Rule-Obj-When
pyRuleHarness,708,708,Rule-Admin-System-Settings | Rule-Connect-REST | Rule-Connect-SQL | Rule-Declare-DecisionTable | Rule-HTML-Harness | Rule-HTML-Section | Rule-Navigation | Rule-Obj-Activity | Rule-Obj-FlowAction | Rule-Obj-Model | Rule-Obj-Report-Definition | Rule-Obj-When
pzDocumentKey,708,708,Rule-Admin-System-Settings | Rule-Connect-REST | Rule-Connect-SQL | Rule-Declare-DecisionTable | Rule-HTML-Harness | Rule-HTML-Section | Rule-Navigation | Rule-Obj-Activity | Rule-Obj-FlowAction | Rule-Obj-Model | Rule-Obj-Report-Definition | Rule-Obj-When
pzStatus,708,708,Rule-Admin-System-Settings | Rule-Connect-REST | Rule-Connect-SQL | Rule-Declare-DecisionTable | Rule-HTML-Harness | Rule-HTML-Section | Rule-Navigation | Rule-Obj-Activity | Rule-Obj-FlowAction | Rule-Obj-Model | Rule-Obj-Report-Definition | Rule-Obj-When
pxMoveFromSystem,707,671,Rule-Admin-System-Settings | Rule-Connect-SQL | Rule-Declare-DecisionTable | Rule-HTML-Harness | Rule-HTML-Section | Rule-Obj-Activity | Rule-Obj-FlowAction | Rule-Obj-Model | Rule-Obj-When
pyDataType,707,54,Rule-Connect-REST | Rule-Obj-Activity | Rule-Obj-Report-Definition
pyFieldName,702,34,Rule-Obj-Report-Definition
pyTemplate,699,669,Rule-Admin-System-Settings | Rule-Connect-SQL | Rule-Declare-DecisionTable | Rule-HTML-Harness | Rule-HTML-Section | Rule-Obj-Activity | Rule-Obj-FlowAction | Rule-Obj-Model | Rule-Obj-When
pyParameters,697,621,Rule-Connect-REST | Rule-Declare-DecisionTable | Rule-HTML-Harness | Rule-HTML-Section | Rule-Obj-Activity | Rule-Obj-FlowAction | Rule-Obj-Model | Rule-Obj-Report-Definition | Rule-Obj-When
pyContainerCustomClass,691,202,Rule-HTML-Harness | Rule-HTML-Section | Rule-Obj-FlowAction
pyHeaderCustomClass,691,202,Rule-HTML-Harness | Rule-HTML-Section | Rule-Obj-FlowAction
pyContainerDisableWhen,690,202,Rule-HTML-Harness | Rule-HTML-Section | Rule-Obj-FlowAction
pyIconProperty,690,202,Rule-HTML-Harness | Rule-HTML-Section | Rule-Obj-FlowAction
pyIncludedText,690,202,Rule-HTML-Harness | Rule-HTML-Section | Rule-Obj-FlowAction
pyIncludedTextProperty,690,202,Rule-HTML-Harness | Rule-HTML-Section | Rule-Obj-FlowAction
pyIsClientDisableWhen,690,202,Rule-HTML-Harness | Rule-HTML-Section | Rule-Obj-FlowAction
pyFormatType,689,64,Rule-HTML-Harness | Rule-HTML-Section
pyCompareVersion,671,671,Rule-Admin-System-Settings | Rule-Connect-SQL | Rule-Declare-DecisionTable | Rule-HTML-Harness | Rule-HTML-Section | Rule-Obj-Activity | Rule-Obj-FlowAction | Rule-Obj-Model | Rule-Obj-When
pyDocumentTitle,671,671,Rule-Admin-System-Settings | Rule-Connect-SQL | Rule-Declare-DecisionTable | Rule-HTML-Harness | Rule-HTML-Section | Rule-Obj-Activity | Rule-Obj-FlowAction | Rule-Obj-Model | Rule-Obj-When
pyIsFromManageChangeLP,671,671,Rule-Admin-System-Settings | Rule-Connect-SQL | Rule-Declare-DecisionTable | Rule-HTML-Harness | Rule-HTML-Section | Rule-Obj-Activity | Rule-Obj-FlowAction | Rule-Obj-Model | Rule-Obj-When
pySpecialtyComponentData,671,671,Rule-Admin-System-Settings | Rule-Connect-SQL | Rule-Declare-DecisionTable | Rule-HTML-Harness | Rule-HTML-Section | Rule-Obj-Activity | Rule-Obj-FlowAction | Rule-Obj-Model | Rule-Obj-When
pxNamedPageReferences,666,622,Rule-Connect-REST | Rule-Declare-DecisionTable | Rule-HTML-Harness | Rule-HTML-Section | Rule-Navigation | Rule-Obj-Activity | Rule-Obj-FlowAction | Rule-Obj-Model | Rule-Obj-Report-Definition | Rule-Obj-When
pxAPIMethodReferences,658,622,Rule-Connect-REST | Rule-Declare-DecisionTable | Rule-HTML-Harness | Rule-HTML-Section | Rule-Navigation | Rule-Obj-Activity | Rule-Obj-FlowAction | Rule-Obj-Model | Rule-Obj-Report-Definition | Rule-Obj-When
pxRuleReferences,658,622,Rule-Connect-REST | Rule-Declare-DecisionTable | Rule-HTML-Harness | Rule-HTML-Section | Rule-Navigation | Rule-Obj-Activity | Rule-Obj-FlowAction | Rule-Obj-Model | Rule-Obj-Report-Definition | Rule-Obj-When
pyJavaGenerateAPIVersion,657,619,Rule-Declare-DecisionTable | Rule-HTML-Harness | Rule-HTML-Section | Rule-Obj-Activity | Rule-Obj-FlowAction | Rule-Obj-Model | Rule-Obj-Report-Definition | Rule-Obj-When
pyJavaClassName,652,616,Rule-HTML-Harness | Rule-HTML-Section | Rule-Navigation | Rule-Obj-Activity | Rule-Obj-FlowAction | Rule-Obj-Model | Rule-Obj-Report-Definition | Rule-Obj-When
pyXMLSignature,652,616,Rule-HTML-Harness | Rule-HTML-Section | Rule-Navigation | Rule-Obj-Activity | Rule-Obj-FlowAction | Rule-Obj-Model | Rule-Obj-Report-Definition | Rule-Obj-When
pyMemo,651,617,Rule-Connect-REST | Rule-Connect-SQL | Rule-Declare-DecisionTable | Rule-HTML-Harness | Rule-HTML-Section | Rule-Navigation | Rule-Obj-Activity | Rule-Obj-FlowAction | Rule-Obj-Model | Rule-Obj-Report-Definition | Rule-Obj-When
pyCircumstanceDefinition,629,596,Rule-Admin-System-Settings | Rule-Connect-SQL | Rule-Declare-DecisionTable | Rule-HTML-Harness | Rule-HTML-Section | Rule-Obj-Activity | Rule-Obj-FlowAction | Rule-Obj-Model | Rule-Obj-When
pyCircumstanceTemplate,629,596,Rule-Admin-System-Settings | Rule-Connect-SQL | Rule-Declare-DecisionTable | Rule-HTML-Harness | Rule-HTML-Section | Rule-Obj-Activity | Rule-Obj-FlowAction | Rule-Obj-Model | Rule-Obj-When
pyStatus,627,593,Rule-Connect-SQL | Rule-Declare-DecisionTable | Rule-HTML-Harness | Rule-HTML-Section | Rule-Obj-Activity | Rule-Obj-FlowAction | Rule-Obj-Model | Rule-Obj-When
pyRelativePath,614,580,Rule-Connect-SQL | Rule-Declare-DecisionTable | Rule-HTML-Harness | Rule-HTML-Section | Rule-Obj-Activity | Rule-Obj-FlowAction | Rule-Obj-Model | Rule-Obj-When
pyHasDPParam,594,70,Rule-HTML-Harness | Rule-HTML-Section
pySortOrder,573,59,Rule-HTML-Harness | Rule-HTML-Section | Rule-Obj-Report-Definition
pyUseForSearchParam,527,64,Rule-HTML-Harness | Rule-HTML-Section
pyLabelOld,510,477,Rule-Connect-REST | Rule-Connect-SQL | Rule-Declare-DecisionTable | Rule-HTML-Harness | Rule-HTML-Section | Rule-Navigation | Rule-Obj-Activity | Rule-Obj-FlowAction | Rule-Obj-Model | Rule-Obj-Report-Definition | Rule-Obj-When
pyActionName,507,148,Rule-Obj-FlowAction | Rule-Obj-Model
pyProperties,499,73,Rule-Obj-Model
pySymbol,489,58,Rule-HTML-Harness | Rule-HTML-Section
pyDXAPIAttributes,486,50,Rule-HTML-Harness | Rule-HTML-Section
pyACIsAssoc,483,34,Rule-Obj-Report-Definition
pyShow,474,62,Rule-HTML-Harness | Rule-HTML-Section | Rule-Navigation
pyPlaceholder,472,60,Rule-HTML-Harness | Rule-HTML-Section
pyPlaceholderType,472,60,Rule-HTML-Harness | Rule-HTML-Section
pyThirdPartyParams,462,202,Rule-HTML-Harness | Rule-HTML-Section | Rule-Obj-FlowAction
pyNegativeFormat,451,58,Rule-HTML-Harness | Rule-HTML-Section
pyScale,451,58,Rule-HTML-Harness | Rule-HTML-Section
pyDisplayProperty,450,61,Rule-HTML-Harness | Rule-HTML-Section
pyIsPrimaryRow,450,61,Rule-HTML-Harness | Rule-HTML-Section
pyPropertyTarget,450,61,Rule-HTML-Harness | Rule-HTML-Section
pySetValueOnSelect,450,61,Rule-HTML-Harness | Rule-HTML-Section
pyUseForSearch,450,61,Rule-HTML-Harness | Rule-HTML-Section
pyHistoryObject,438,405,Rule-Connect-REST | Rule-Connect-SQL | Rule-HTML-Harness | Rule-HTML-Section | Rule-Obj-Activity | Rule-Obj-FlowAction | Rule-Obj-Model | Rule-Obj-Report-Definition | Rule-Obj-When
pyPropertiesName,438,75,Rule-Declare-DecisionTable | Rule-Obj-Model
pyPropertiesValue,438,75,Rule-Declare-DecisionTable | Rule-Obj-Model
pxOriginalRuleSet,435,403,Rule-Connect-REST | Rule-Connect-SQL | Rule-HTML-Harness | Rule-HTML-Section | Rule-Navigation | Rule-Obj-Activity | Rule-Obj-FlowAction | Rule-Obj-Model | Rule-Obj-Report-Definition | Rule-Obj-When
pyPropertyStepId,432,73,Rule-Obj-Model
pxHasPromptPagesDefined,422,422,Rule-HTML-Section | Rule-Obj-Activity
pxOriginalCreateDateTime,418,385,Rule-Connect-SQL | Rule-HTML-Harness | Rule-HTML-Section | Rule-Navigation | Rule-Obj-Activity | Rule-Obj-FlowAction | Rule-Obj-Model | Rule-Obj-Report-Definition | Rule-Obj-When
pxOriginalCreateOpName,418,385,Rule-Connect-SQL | Rule-HTML-Harness | Rule-HTML-Section | Rule-Navigation | Rule-Obj-Activity | Rule-Obj-FlowAction | Rule-Obj-Model | Rule-Obj-Report-Definition | Rule-Obj-When
pxOriginalCreateOperator,418,385,Rule-Connect-SQL | Rule-HTML-Harness | Rule-HTML-Section | Rule-Navigation | Rule-Obj-Activity | Rule-Obj-FlowAction | Rule-Obj-Model | Rule-Obj-Report-Definition | Rule-Obj-When
pxOriginalCreateSystemID,418,385,Rule-Connect-SQL | Rule-HTML-Harness | Rule-HTML-Section | Rule-Navigation | Rule-Obj-Activity | Rule-Obj-FlowAction | Rule-Obj-Model | Rule-Obj-Report-Definition | Rule-Obj-When
Property,409,117,Rule-Obj-Activity
pyAnimEffect,408,16,Rule-HTML-Harness | Rule-HTML-Section
pyAnimSpeed,408,16,Rule-HTML-Harness | Rule-HTML-Section
pyEaseOptions,408,16,Rule-HTML-Harness | Rule-HTML-Section
pyDeleteMemo,401,374,Rule-Connect-REST | Rule-Connect-SQL | Rule-HTML-Harness | Rule-HTML-Section | Rule-Navigation | Rule-Obj-Activity | Rule-Obj-FlowAction | Rule-Obj-Model | Rule-Obj-Report-Definition
delay,392,22,Rule-HTML-Harness | Rule-HTML-Section | Rule-Navigation
duration,392,22,Rule-HTML-Harness | Rule-HTML-Section | Rule-Navigation
id,392,22,Rule-HTML-Harness | Rule-HTML-Section | Rule-Navigation
name,392,22,Rule-HTML-Harness | Rule-HTML-Section | Rule-Navigation
transition,392,22,Rule-HTML-Harness | Rule-HTML-Section | Rule-Navigation
pxSiblingCount,390,390,Rule-Admin-System-Settings | Rule-Connect-SQL | Rule-Obj-Activity
pyReloadForm,384,354,Rule-Connect-REST | Rule-Declare-DecisionTable | Rule-HTML-Harness | Rule-HTML-Section | Rule-Navigation | Rule-Obj-Activity | Rule-Obj-FlowAction | Rule-Obj-Model | Rule-Obj-Report-Definition
pyJavaFUAVersion,381,381,Rule-Obj-Activity | Rule-Obj-Model | Rule-Obj-When
pyPrivilegeName,381,381,Rule-Declare-DecisionTable | Rule-Obj-Activity | Rule-Obj-FlowAction
pxMessageSummary,380,380,Rule-Declare-DecisionTable | Rule-HTML-Section | Rule-Obj-Activity | Rule-Obj-Model | Rule-Obj-Report-Definition | Rule-Obj-When
pyPrivilegeClass,379,379,Rule-Obj-Activity | Rule-Obj-FlowAction
pyRuleCompareList,377,377,Rule-Obj-Activity | Rule-Obj-Model
pyRuleSearchQuery,377,377,Rule-Obj-Activity | Rule-Obj-Model
pyToolbarSaveLabel,377,377,Rule-Obj-Activity | Rule-Obj-Model
pxControlCellPath,375,39,Rule-HTML-Harness | Rule-HTML-Section
pxControlSectionInsKey,375,39,Rule-HTML-Harness | Rule-HTML-Section
pxUniqueStreamHash,375,39,Rule-HTML-Harness | Rule-HTML-Section
pyRelationNameWhen,374,50,Rule-Obj-Model
pyRelationNameAppend,360,50,Rule-Obj-Model
pyRelationNameUpdatepage,360,50,Rule-Obj-Model
pyDisplayValues,351,34,Rule-Obj-Report-Definition
pyEchoFieldName,351,34,Rule-Obj-Report-Definition
pyFieldFormat,351,34,Rule-Obj-Report-Definition
pySQLFunction,351,34,Rule-Obj-Report-Definition
pyStringType,351,34,Rule-Obj-Report-Definition
pyTargetProperty,351,34,Rule-Obj-Report-Definition
pxCreatedInPRPCVersion,347,346,Rule-HTML-Harness | Rule-HTML-Section | Rule-Obj-Activity | Rule-Obj-FlowAction
pyGroupOrder,342,70,Rule-HTML-Harness | Rule-HTML-Section
pyButtonCaption,340,34,Rule-Obj-Report-Definition
pyButtonToolTip,340,34,Rule-Obj-Report-Definition
pxHighSeverityWarningCount,329,329,Rule-HTML-Section | Rule-Obj-Activity | Rule-Obj-Model | Rule-Obj-Report-Definition
pxLowSeverityWarningCount,329,329,Rule-HTML-Section | Rule-Obj-Activity | Rule-Obj-Model | Rule-Obj-Report-Definition
pxUnjustifiedHSWarningCount,329,329,Rule-HTML-Section | Rule-Obj-Activity | Rule-Obj-Model | Rule-Obj-Report-Definition
pyReportDefParams,315,74,Rule-HTML-Harness | Rule-HTML-Section
pyNextGenGridDeleteConfirm,314,31,Rule-HTML-Harness | Rule-HTML-Section
pyHasActivityParam,311,77,Rule-HTML-Harness | Rule-HTML-Section
pyAutoTabGroupName,310,31,Rule-HTML-Harness | Rule-HTML-Section
pyEnableGrouping,310,70,Rule-HTML-Harness | Rule-HTML-Section
pyTabGroupName,310,31,Rule-HTML-Harness | Rule-HTML-Section
pzIsAutoGenerated,308,281,Rule-Connect-REST | Rule-HTML-Harness | Rule-HTML-Section | Rule-Obj-FlowAction | Rule-Obj-Model | Rule-Obj-Report-Definition | Rule-Obj-When
pyFunction,306,34,Rule-Obj-Report-Definition
pyTaskStatusXml,306,306,Rule-Declare-DecisionTable | Rule-Obj-Activity
pyActivityName,304,304,Rule-Obj-Activity
pyActivityPrivilegeList,304,304,Rule-Obj-Activity
pyActivityRole,304,304,Rule-Obj-Activity
pyActivityRolesList,304,304,Rule-Obj-Activity
pyActivityType,304,304,Rule-Obj-Activity
pyAssociatedImage,304,304,Rule-Obj-Activity
pyAuthenticatedOnly,304,304,Rule-Obj-Activity
pyInputMayStart,304,304,Rule-Obj-Activity
pyJavaGenerateTime,304,304,Rule-Obj-Activity
pyJavaGenerateVersion,304,304,Rule-Obj-Activity
pyLocalParameters,304,304,Rule-Obj-Activity
pyOldActivityType,304,304,Rule-Obj-Activity
pySystemParameters,304,304,Rule-Obj-Activity
pyFilterName,302,34,Rule-Obj-Report-Definition
pyFilterOperation,302,34,Rule-Obj-Report-Definition
pyIsLeftOperandAFunction,302,34,Rule-Obj-Report-Definition
pyIsRightOperandAFunction,302,34,Rule-Obj-Report-Definition
pyLogicLabel,302,34,Rule-Obj-Report-Definition
pySkipValidation,302,34,Rule-Obj-Report-Definition
pyIsRDValid,297,70,Rule-HTML-Harness | Rule-HTML-Section
pyPropertySourceType,297,70,Rule-HTML-Harness | Rule-HTML-Section
pyValuesProperty,297,70,Rule-HTML-Harness | Rule-HTML-Section
direction,296,22,Rule-HTML-Harness | Rule-HTML-Section | Rule-Navigation
pyPromptType,294,34,Rule-Obj-Report-Definition
pyCheckInRuleSet,288,261,Rule-Connect-SQL | Rule-Declare-DecisionTable | Rule-HTML-Harness | Rule-HTML-Section | Rule-Obj-Activity | Rule-Obj-FlowAction | Rule-Obj-Model | Rule-Obj-When
pyCustomBestBetsProp,287,65,Rule-HTML-Harness | Rule-HTML-Section
pyFilterValue,286,34,Rule-Obj-Report-Definition
pyDisableRefresh,285,64,Rule-HTML-Harness | Rule-HTML-Section
pyAccessibilityCount,274,236,Rule-HTML-Harness | Rule-HTML-Section | Rule-Obj-FlowAction | Rule-Obj-Report-Definition
pyAccessibilityLevel,274,236,Rule-HTML-Harness | Rule-HTML-Section | Rule-Obj-FlowAction | Rule-Obj-Report-Definition
pyBrowserSupportLevel,274,236,Rule-HTML-Harness | Rule-HTML-Section | Rule-Obj-FlowAction | Rule-Obj-Report-Definition
pyCategory,274,236,Rule-HTML-Harness | Rule-HTML-Section | Rule-Obj-FlowAction | Rule-Obj-Report-Definition
pyCompact,274,236,Rule-HTML-Harness | Rule-HTML-Section | Rule-Obj-FlowAction | Rule-Obj-Report-Definition
pyIndirectIncludes,274,236,Rule-HTML-Harness | Rule-HTML-Section | Rule-Obj-FlowAction | Rule-Obj-Report-Definition
pzInvalidateCss,272,236,Rule-HTML-Harness | Rule-HTML-Section | Rule-Obj-FlowAction | Rule-Obj-Report-Definition
pzRuleParametersShowSkills,271,79,Rule-HTML-Harness | Rule-HTML-Section | Rule-Obj-FlowAction
pxMergeSynchronized,264,240,Rule-Connect-REST | Rule-Connect-SQL | Rule-Declare-DecisionTable | Rule-HTML-Harness | Rule-HTML-Section | Rule-Navigation | Rule-Obj-Activity | Rule-Obj-FlowAction | Rule-Obj-Model | Rule-Obj-Report-Definition | Rule-Obj-When
pyIsSelected,259,34,Rule-HTML-Harness | Rule-HTML-Section
pyAllowFreeFormInput,245,65,Rule-HTML-Harness | Rule-HTML-Section
pyAllowScrolling,245,65,Rule-HTML-Harness | Rule-HTML-Section
pyLightWeightAutoComplete,245,65,Rule-HTML-Harness | Rule-HTML-Section
pySpecialityControl,243,202,Rule-HTML-Harness | Rule-HTML-Section | Rule-Obj-FlowAction
pyExpression,242,98,Rule-Obj-Activity | Rule-Obj-Model
pyExpressionBulderFields,242,98,Rule-Obj-Activity | Rule-Obj-Model
pyResult,242,98,Rule-Obj-Activity | Rule-Obj-Model
pyResultError,242,98,Rule-Obj-Activity | Rule-Obj-Model
pyResultOfSelection,242,98,Rule-Obj-Activity | Rule-Obj-Model
pyLocalized,241,203,Rule-HTML-Harness | Rule-HTML-Section | Rule-Navigation | Rule-Obj-FlowAction
pyCorrType,240,202,Rule-HTML-Harness | Rule-HTML-Section | Rule-Obj-FlowAction
pyDefaultButton,240,202,Rule-HTML-Harness | Rule-HTML-Section | Rule-Obj-FlowAction
pyDefaultUserData,240,202,Rule-HTML-Harness | Rule-HTML-Section | Rule-Obj-FlowAction
pyJSRCompliant,240,202,Rule-HTML-Harness | Rule-HTML-Section | Rule-Obj-FlowAction
pyTempNewVersion,240,202,Rule-HTML-Harness | Rule-HTML-Section | Rule-Obj-FlowAction
pyHTMLVersion,238,202,Rule-HTML-Harness | Rule-HTML-Section | Rule-Obj-FlowAction
pxCSSSelectors,231,199,Rule-HTML-Harness | Rule-HTML-Section | Rule-Obj-FlowAction | Rule-Obj-Report-Definition
pyAdvParamPageClass,231,202,Rule-HTML-Harness | Rule-HTML-Section | Rule-Obj-FlowAction
pyAdvParamPageSection,231,202,Rule-HTML-Harness | Rule-HTML-Section | Rule-Obj-FlowAction
pyCategoryDisplayName,231,202,Rule-HTML-Harness | Rule-HTML-Section | Rule-Obj-FlowAction
pyParameterSetFlag,231,202,Rule-HTML-Harness | Rule-HTML-Section | Rule-Obj-FlowAction
pySectionXML,231,202,Rule-HTML-Harness | Rule-HTML-Section | Rule-Obj-FlowAction
pySourceStreamDispBackUp,231,202,Rule-HTML-Harness | Rule-HTML-Section | Rule-Obj-FlowAction
pzSectionParamPageClass,231,202,Rule-HTML-Harness | Rule-HTML-Section | Rule-Obj-FlowAction
pzSectionParamPageDefaults,231,202,Rule-HTML-Harness | Rule-HTML-Section | Rule-Obj-FlowAction
pzSectionParamPageSection,231,202,Rule-HTML-Harness | Rule-HTML-Section | Rule-Obj-FlowAction
pyParametersParamLabel,229,202,Rule-HTML-Harness | Rule-HTML-Section | Rule-Obj-FlowAction
Page,228,102,Rule-Obj-Activity
pyAdditionalFields,225,61,Rule-HTML-Harness | Rule-HTML-Section
pyColumnWidth,225,61,Rule-HTML-Harness | Rule-HTML-Section
pyDisplyBestBets,225,61,Rule-HTML-Harness | Rule-HTML-Section
pyGroupLabel,225,61,Rule-HTML-Harness | Rule-HTML-Section
pyUseCustomBestBets,225,61,Rule-HTML-Harness | Rule-HTML-Section
pyUseParameterForSearch,225,61,Rule-HTML-Harness | Rule-HTML-Section
pyAnimEffectsDirection,210,16,Rule-HTML-Harness | Rule-HTML-Section
pyIsCustomDismiss,204,16,Rule-HTML-Harness | Rule-HTML-Section
pyPageTable,202,202,Rule-HTML-Harness | Rule-HTML-Section | Rule-Obj-FlowAction
pySourceStream,202,202,Rule-HTML-Harness | Rule-HTML-Section | Rule-Obj-FlowAction
pyFromDateValue,200,35,Rule-HTML-Harness | Rule-HTML-Section
pyToDateValue,200,35,Rule-HTML-Harness | Rule-HTML-Section
pyPageValid,192,35,Rule-HTML-Harness | Rule-HTML-Section | Rule-Navigation
MaxRecords,184,87,Rule-Obj-Activity
RunInParallel,178,75,Rule-Obj-Activity
pyGenerateUniqueIdForLabel,177,32,Rule-HTML-Harness | Rule-HTML-Section
pyTargetSmartPromptClass,177,32,Rule-HTML-Harness | Rule-HTML-Section
Access,172,75,Rule-Obj-Activity
ApplyDeclaratives,172,75,Rule-Obj-Activity
BrowsePage,172,75,Rule-Obj-Activity
ClassName,172,75,Rule-Obj-Activity
RequestType,172,75,Rule-Obj-Activity
pyLogic,171,23,Rule-HTML-Harness | Rule-HTML-Section | Rule-Obj-When
pyWhen,168,20,Rule-HTML-Harness | Rule-HTML-Section | Rule-Navigation
pyAssociatedOperandLogic,164,19,Rule-HTML-Harness | Rule-HTML-Section
pyAssociatedOperandRightText,164,19,Rule-HTML-Harness | Rule-HTML-Section
pyOtherOperandLeft,164,19,Rule-HTML-Harness | Rule-HTML-Section
pyOtherOperandLogic,164,19,Rule-HTML-Harness | Rule-HTML-Section
pyOtherOperandRightText,164,19,Rule-HTML-Harness | Rule-HTML-Section
pyOtherPropertyOperator,164,19,Rule-HTML-Harness | Rule-HTML-Section
pyIsScoreCard,161,137,Rule-HTML-Harness | Rule-HTML-Section | Rule-Obj-FlowAction
pyAddNativeSupport,160,23,Rule-HTML-Harness | Rule-HTML-Section
pyCalendarViewFuture,160,23,Rule-HTML-Harness | Rule-HTML-Section
pyCalendarViewPast,160,23,Rule-HTML-Harness | Rule-HTML-Section
pyCheckFuture,160,23,Rule-HTML-Harness | Rule-HTML-Section
pyCheckPast,160,23,Rule-HTML-Harness | Rule-HTML-Section
pyDateTimeHourFormat,160,23,Rule-HTML-Harness | Rule-HTML-Section
pyFutureNumber,160,23,Rule-HTML-Harness | Rule-HTML-Section
pyIgnoreLocaleSettings,160,23,Rule-HTML-Harness | Rule-HTML-Section
pyIsFAB,160,30,Rule-HTML-Harness | Rule-HTML-Section
pyPastNumber,160,23,Rule-HTML-Harness | Rule-HTML-Section
pySetAMDefault,160,23,Rule-HTML-Harness | Rule-HTML-Section
pyRequiredWhen,159,17,Rule-HTML-Harness | Rule-HTML-Section
pyIsUsingDesignTemplate,158,131,Rule-HTML-Harness | Rule-HTML-Section | Rule-Obj-FlowAction
pyPosition,157,58,Rule-HTML-Harness | Rule-HTML-Section | Rule-Obj-Report-Definition
pyImageSource,155,30,Rule-HTML-Harness | Rule-HTML-Section | Rule-Navigation
pySectionType,154,127,Rule-HTML-Harness | Rule-HTML-Section
pyStyleName,151,41,Rule-HTML-Harness | Rule-HTML-Section
pyUseAsFooter,151,124,Rule-HTML-Harness | Rule-HTML-Section
pyUseAsHeader,151,124,Rule-HTML-Harness | Rule-HTML-Section
pyUseAsLeft,151,124,Rule-HTML-Harness | Rule-HTML-Section
pyUseAsPageView,151,124,Rule-HTML-Harness | Rule-HTML-Section
pyUseAsRight,151,124,Rule-HTML-Harness | Rule-HTML-Section
Primary,150,124,Rule-HTML-Harness | Rule-HTML-Section
pyRoboticAutomationId,150,75,Rule-Obj-FlowAction
pyUsedAs,150,75,Rule-Obj-FlowAction
pyErrorCode,149,124,Rule-HTML-Harness | Rule-HTML-Section
D_pzAnimEffects,144,10,Rule-HTML-Harness | Rule-HTML-Section
D_pzAnimEffectsDirection,144,10,Rule-HTML-Harness | Rule-HTML-Section
D_pzAnimationSpeed,144,10,Rule-HTML-Harness | Rule-HTML-Section
D_pzEaseOptions,144,10,Rule-HTML-Harness | Rule-HTML-Section
pyAnimCustomSpeed,144,10,Rule-HTML-Harness | Rule-HTML-Section
pyDisplayText,144,10,Rule-HTML-Harness | Rule-HTML-Section
pyEaseVariations,144,10,Rule-HTML-Harness | Rule-HTML-Section
pyAllowRuntimeEdit,142,68,Rule-HTML-Harness | Rule-HTML-Section | Rule-Obj-FlowAction
pyInstructions,142,42,Rule-HTML-Harness | Rule-HTML-Section
pyPageProp,142,42,Rule-HTML-Harness | Rule-HTML-Section
pyUsingPageClass,137,25,Rule-HTML-Harness | Rule-HTML-Section
pyShowLabels,136,34,Rule-Obj-Report-Definition
pyNoOfYears,132,21,Rule-HTML-Harness | Rule-HTML-Section
pyStyleNameOther,130,29,Rule-HTML-Harness | Rule-HTML-Section
DecParams,127,21,Rule-HTML-Harness | Rule-HTML-Section
pyTemplateRichTextEditor,123,36,Rule-Obj-Model
pzCollaborationHandle,118,118,Rule-HTML-Section
pzIsEditEnabled,117,117,Rule-HTML-Section
Model,115,72,Rule-Obj-Activity
PageList,115,72,Rule-Obj-Activity
pyParametersParamDropdownValues,114,22,Rule-Obj-Activity | Rule-Obj-When
pyDateTime,113,18,Rule-HTML-Harness | Rule-HTML-Section
pyPreviousApplicationName,113,104,Rule-Connect-SQL | Rule-HTML-Harness | Rule-HTML-Section | Rule-Navigation | Rule-Obj-Activity | Rule-Obj-FlowAction | Rule-Obj-Model | Rule-Obj-Report-Definition | Rule-Obj-When
pySpecifySize,112,50,Rule-HTML-Harness | Rule-HTML-Section
pyFilter,110,34,Rule-Obj-Report-Definition
pyDisableDivBasedRTE,106,29,Rule-HTML-Harness | Rule-HTML-Section
pyHideFontAndSize,106,29,Rule-HTML-Harness | Rule-HTML-Section
pyShowFontAndSize,106,29,Rule-HTML-Harness | Rule-HTML-Section
pySource,106,34,Rule-Obj-Report-Definition
pyColumnVisibility,104,26,Rule-HTML-Harness | Rule-HTML-Section
pxResults,102,34,Rule-Obj-Report-Definition
pyAnimations,102,16,Rule-HTML-Harness | Rule-HTML-Section
pyAppContextInfo,102,34,Rule-Obj-Report-Definition
pyClass,102,16,Rule-HTML-Harness | Rule-HTML-Section
pyFormatOther,102,16,Rule-HTML-Harness | Rule-HTML-Section
pyGetDistinctRows,102,34,Rule-Obj-Report-Definition
pyIsAnimateTarget,102,16,Rule-HTML-Harness | Rule-HTML-Section
pyLATarget,102,16,Rule-HTML-Harness | Rule-HTML-Section
pyModalFullScreen,102,16,Rule-HTML-Harness | Rule-HTML-Section
pyShowModalDialog,102,16,Rule-HTML-Harness | Rule-HTML-Section
pyUseOtherInMobile,102,16,Rule-HTML-Harness | Rule-HTML-Section
pyWidthUnits,96,43,Rule-HTML-Harness | Rule-HTML-Section
pyParametersParamValue,95,14,Rule-Obj-Activity | Rule-Obj-When
pyFileName,93,84,Rule-HTML-Harness | Rule-Obj-FlowAction
pyParamDisplayType,91,65,Rule-HTML-Harness | Rule-HTML-Section
CalculatedValue,90,37,Rule-HTML-Harness | Rule-HTML-Section
NegativeNumberFormat,90,37,Rule-HTML-Harness | Rule-HTML-Section
Precision,90,37,Rule-HTML-Harness | Rule-HTML-Section
ReadOnlySmartInfo,90,37,Rule-HTML-Harness | Rule-HTML-Section
ReadWriteSmartInfo,90,37,Rule-HTML-Harness | Rule-HTML-Section
Size,90,37,Rule-HTML-Harness | Rule-HTML-Section
SmartInfoHeader,90,37,Rule-HTML-Harness | Rule-HTML-Section
ThousandsSeparator,90,37,Rule-HTML-Harness | Rule-HTML-Section
pyHandlerFlow,86,86,Rule-Connect-REST | Rule-Connect-SQL
pyAlwaysRenderFromServer,84,22,Rule-HTML-Harness | Rule-HTML-Section | Rule-Navigation
pyAuditActivity,84,84,Rule-HTML-Harness | Rule-Obj-FlowAction
pyAuditActivityParams,84,84,Rule-HTML-Harness | Rule-Obj-FlowAction
pyAuditUse,84,84,Rule-HTML-Harness | Rule-Obj-FlowAction
pyAuditWhenName,84,84,Rule-HTML-Harness | Rule-Obj-FlowAction
pyBrowseSQL,84,84,Rule-Connect-SQL
pyClientRuntimeVersion,84,84,Rule-HTML-Harness | Rule-Obj-FlowAction
pyClientValidation,84,84,Rule-HTML-Harness | Rule-Obj-FlowAction
pyCoverClass,84,22,Rule-HTML-Harness | Rule-HTML-Section | Rule-Navigation
pyDeleteSQL,84,84,Rule-Connect-SQL
pyExpressionCalculation,84,84,Rule-HTML-Harness | Rule-Obj-FlowAction
pyFileType,84,84,Rule-HTML-Harness | Rule-Obj-FlowAction
pyHarnessName,84,22,Rule-HTML-Harness | Rule-HTML-Section | Rule-Navigation
pyMobileTransitionTypes,84,22,Rule-HTML-Harness | Rule-HTML-Section | Rule-Navigation
pyOpenSQL,84,84,Rule-Connect-SQL
pyRWAccess,84,84,Rule-Connect-SQL
pyRequestType,84,84,Rule-Connect-SQL
pySaveSQL,84,84,Rule-Connect-SQL
pySelectedMobileTransitionType,84,22,Rule-HTML-Harness | Rule-HTML-Section | Rule-Navigation
pySpecifyHeight,84,22,Rule-HTML-Harness | Rule-HTML-Section
pySpecifyPage,84,26,Rule-HTML-Harness | Rule-HTML-Section
pySubmitData,84,22,Rule-HTML-Harness | Rule-HTML-Section | Rule-Navigation
Field,81,45,Rule-Obj-Activity
pyIsOptional,78,4,Rule-Obj-When
pyParametersDataType,78,4,Rule-Obj-When
pyFilterLogic,76,34,Rule-Obj-Report-Definition
pyActionInstructions,75,75,Rule-Obj-FlowAction
pyActionInstructionsCaption,75,75,Rule-Obj-FlowAction
pyActionPrivilegeList,75,75,Rule-Obj-FlowAction
pyActionTransformRule,75,75,Rule-Obj-FlowAction
pyActionWhensList,75,75,Rule-Obj-FlowAction
pyAutoHelp,75,75,Rule-Obj-FlowAction
pyBulkOnlyAction,75,75,Rule-Obj-FlowAction
pyCachingData,75,75,Rule-Obj-FlowAction
pyCancelLabel,75,75,Rule-Obj-FlowAction
pyConfirmHarness,75,75,Rule-Obj-FlowAction
pyCost,75,75,Rule-Obj-FlowAction
pyCustomizeFALabels,75,75,Rule-Obj-FlowAction
pyDisqualifyAction,75,75,Rule-Obj-FlowAction
pyHTMLReference,75,75,Rule-Obj-FlowAction
pyHelpStream,75,75,Rule-Obj-FlowAction
pyHelpText,75,75,Rule-Obj-FlowAction
pyHelpType,75,75,Rule-Obj-FlowAction
pyLocalActionActivity,75,75,Rule-Obj-FlowAction
pyLocalActionActivityParams,75,75,Rule-Obj-FlowAction
pyLocalActionTransformRuleParams,75,75,Rule-Obj-FlowAction
pyNextAssignment,75,75,Rule-Obj-FlowAction
pyNextAssignmentCover,75,75,Rule-Obj-FlowAction
pyNextAssignmentFlow,75,75,Rule-Obj-FlowAction
pyNextAssignmentWorkBasket,75,75,Rule-Obj-FlowAction
pyNextLabel,75,75,Rule-Obj-FlowAction
pyOldStreamType,75,75,Rule-Obj-FlowAction
pyPostAutomationList,75,75,Rule-Obj-FlowAction
pyPreAutomationList,75,75,Rule-Obj-FlowAction
pyPreProcessingActivity,75,75,Rule-Obj-FlowAction
pyPreProcessingActivityParams,75,75,Rule-Obj-FlowAction
pyPreProcessingTransformRule,75,75,Rule-Obj-FlowAction
pyPreProcessingTransformRuleParams,75,75,Rule-Obj-FlowAction
pyPreviousLabel,75,75,Rule-Obj-FlowAction
pyProposedStatus,75,75,Rule-Obj-FlowAction
pySavableDataPageList,75,75,Rule-Obj-FlowAction
pySaveButtonVisibility,75,75,Rule-Obj-FlowAction
pySaveLabel,75,75,Rule-Obj-FlowAction
pySectionReference,75,75,Rule-Obj-FlowAction
pySectionReferenceDisplayWhen,75,75,Rule-Obj-FlowAction
pySectionReferencePage,75,75,Rule-Obj-FlowAction
pySectionReferenceParams,75,75,Rule-Obj-FlowAction
pySectionReferencePassParamPage,75,75,Rule-Obj-FlowAction
pySectionReferencePrivilegeUpdate,75,75,Rule-Obj-FlowAction
pySectionReferencePrivilegeView,75,75,Rule-Obj-FlowAction
pySectionReferenceRefreshWhen,75,75,Rule-Obj-FlowAction
pyShowFAButtons,75,75,Rule-Obj-FlowAction
pyStreamType,75,75,Rule-Obj-FlowAction
pySubmitLabel,75,75,Rule-Obj-FlowAction
pyUpdateStatus,75,75,Rule-Obj-FlowAction
pyValidateActivity,75,75,Rule-Obj-FlowAction
pyWhenName,75,75,Rule-Obj-FlowAction
pyWhenToSkipSaveButton,75,75,Rule-Obj-FlowAction
pyconfirmchoice,75,75,Rule-Obj-FlowAction
pyCallSuperClassModel,73,73,Rule-Obj-Model
pyDataModelFormat,73,73,Rule-Obj-Model
pyModelName,73,73,Rule-Obj-Model
pyOfflineValidationMessage,73,73,Rule-Obj-Model
pzImplVersion,73,73,Rule-Obj-Model
pzQuickConfigure,73,73,Rule-Obj-Model
pyTempText,71,65,Rule-HTML-Section | Rule-Navigation | Rule-Obj-Activity | Rule-Obj-FlowAction | Rule-Obj-Model | Rule-Obj-Report-Definition | Rule-Obj-When
pxIsSummary,68,34,Rule-Obj-Report-Definition
pxMorePages,68,34,Rule-Obj-Report-Definition
pyAxisHTMLParams,68,34,Rule-Obj-Report-Definition
pyAxisScale,68,34,Rule-Obj-Report-Definition
pyDateTimeInput,68,34,Rule-Obj-Report-Definition
pyFieldHTMLParams,68,34,Rule-Obj-Report-Definition
pyFieldIndex,68,34,Rule-Obj-Report-Definition
pyGetRowKey,68,34,Rule-Obj-Report-Definition
pyIsStandardized,68,19,Rule-Obj-Report-Definition
pyNameValuePairs,68,18,Rule-HTML-Harness | Rule-HTML-Section
pyNumberCurrencySymbol,68,34,Rule-Obj-Report-Definition
pyNumberFormat,68,34,Rule-Obj-Report-Definition
pyNumberNegativeSign,68,34,Rule-Obj-Report-Definition
pyNumberPrecision,68,34,Rule-Obj-Report-Definition
pyNumberThouSeperator,68,34,Rule-Obj-Report-Definition
pyPagingEnabled,68,34,Rule-Obj-Report-Definition
pyPrivilegeList,68,34,Rule-Obj-Report-Definition
pyReportContentPageName,68,34,Rule-Obj-Report-Definition
pyRowKeyInfo,68,34,Rule-Obj-Report-Definition
pyRowKeys,68,34,Rule-Obj-Report-Definition
pySecurity,68,34,Rule-Obj-Report-Definition
pyShowGridLines,68,34,Rule-Obj-Report-Definition
pySortMode,68,34,Rule-Obj-Report-Definition
pyTitleFontSize,68,34,Rule-Obj-Report-Definition
pyTitleFontStyle,68,34,Rule-Obj-Report-Definition
pyUseImplementationClass,68,34,Rule-Obj-Report-Definition
pyWindowSize,68,34,Rule-Obj-Report-Definition
pyDismiss,66,12,Rule-HTML-Harness | Rule-HTML-Section
pyIncludeAllDescendantclasses,66,33,Rule-Obj-Report-Definition
pyLATargetAnimation,66,12,Rule-HTML-Harness | Rule-HTML-Section
CopyFrom,64,53,Rule-Obj-Activity
CopyInto,64,53,Rule-Obj-Activity
pyPaginateActivityExists,64,39,Rule-HTML-Harness | Rule-HTML-Section
pyDataAxis,62,34,Rule-Obj-Report-Definition
pyHide,62,30,Rule-Obj-Report-Definition
pySymbolValue,61,25,Rule-HTML-Harness | Rule-HTML-Section
pyDisableDrillDown,60,34,Rule-Obj-Report-Definition
pyIsDirty,59,34,Rule-HTML-Harness | Rule-HTML-Section | Rule-Obj-FlowAction
pyListSource2,59,24,Rule-HTML-Harness | Rule-HTML-Section
pyCollapsable,58,17,Rule-HTML-Harness | Rule-HTML-Section
pyEnabled,58,35,Rule-Navigation | Rule-Obj-Report-Definition
pyACName,56,5,Rule-HTML-Section | Rule-Navigation
pyCaseInsensitive,56,11,Rule-Obj-Report-Definition
pyUseNullIfEmpty,56,11,Rule-Obj-Report-Definition
pyWindowName,56,21,Rule-HTML-Harness | Rule-HTML-Section
pyIncludeHeaderOrLabel,54,27,Rule-HTML-Harness | Rule-HTML-Section
pyReference,54,5,Rule-Obj-Activity | Rule-Obj-When
pySectionInCellParamType,52,23,Rule-HTML-Harness | Rule-HTML-Section
NewClass,51,30,Rule-Obj-Activity
pxUnjustifiedWarningCount,51,51,Rule-Declare-DecisionTable | Rule-HTML-Section | Rule-Obj-Activity | Rule-Obj-Model | Rule-Obj-Report-Definition | Rule-Obj-When
pxWarningCount,51,51,Rule-Declare-DecisionTable | Rule-HTML-Section | Rule-Obj-Activity | Rule-Obj-Model | Rule-Obj-Report-Definition | Rule-Obj-When
Category,49,37,Rule-Obj-Activity
Message,49,37,Rule-Obj-Activity
pyCustomToolbarSec,49,36,Rule-HTML-Harness | Rule-HTML-Section
pyGridPersonalization,49,36,Rule-HTML-Harness | Rule-HTML-Section
pyShowCustomPersonalization,49,36,Rule-HTML-Harness | Rule-HTML-Section
pyShowCustomToolbar,49,36,Rule-HTML-Harness | Rule-HTML-Section
pyShowOtherActions,49,36,Rule-HTML-Harness | Rule-HTML-Section
pzCustomToolbarClassName,49,36,Rule-HTML-Harness | Rule-HTML-Section
pyWarning,48,20,Rule-Obj-Activity | Rule-Obj-Model
ContainingClassOfProperty,47,35,Rule-Obj-Activity
ParentReinsTypeID,44,21,Rule-HTML-Section | Rule-Obj-Activity
pyJoinInfo,44,34,Rule-Obj-Report-Definition
pyButtons,43,43,Rule-HTML-Harness | Rule-Obj-Report-Definition
pyFilters,42,34,Rule-Obj-Report-Definition
pySpecifyWidth,42,21,Rule-HTML-Harness | Rule-HTML-Section
pxMoveOriginalKey,41,37,Rule-Connect-SQL | Rule-HTML-Harness | Rule-HTML-Section | Rule-Navigation | Rule-Obj-Activity | Rule-Obj-Report-Definition | Rule-Obj-When
pxMoveOriginalRuleSet,41,37,Rule-Connect-SQL | Rule-HTML-Harness | Rule-HTML-Section | Rule-Navigation | Rule-Obj-Activity | Rule-Obj-Report-Definition | Rule-Obj-When
pxMoveOriginalRuleSetVersion,41,37,Rule-Connect-SQL | Rule-HTML-Harness | Rule-HTML-Section | Rule-Navigation | Rule-Obj-Activity | Rule-Obj-Report-Definition | Rule-Obj-When
pySelectionButtonLabel,41,19,Rule-HTML-Harness | Rule-HTML-Section
pyIsFunction,39,4,Rule-Obj-When
pyNodeCaption,39,4,Rule-Obj-When
pyRunPreDT,39,33,Rule-HTML-Harness | Rule-HTML-Section
pyMin,38,38,Rule-HTML-Section | Rule-Obj-Report-Definition
pySubReportInfo,38,34,Rule-Obj-Report-Definition
pyUI,38,34,Rule-Obj-Report-Definition
Condition,36,12,Rule-Obj-Activity
Label,36,12,Rule-Obj-Activity
Select,36,12,Rule-Obj-Activity
Sort,36,12,Rule-Obj-Activity
Value,36,12,Rule-Obj-Activity
pxReportVersion,36,36,Rule-HTML-Section | Rule-Obj-Report-Definition
pyChangedJSON,36,18,Rule-Obj-Activity
pyCountry,36,18,Rule-Obj-Activity
pyEditFlowAction,36,14,Rule-HTML-Harness | Rule-HTML-Section
pyGridRepeatSourceType,36,14,Rule-HTML-Harness | Rule-HTML-Section
pyMaxRecords,36,34,Rule-Obj-Report-Definition
pyRepeatCustomTemplateName,36,14,Rule-HTML-Harness | Rule-HTML-Section
pyRepeatDPName,36,14,Rule-HTML-Harness | Rule-HTML-Section
pyRepeatLayoutType,36,14,Rule-HTML-Harness | Rule-HTML-Section
pyRepeatOverrideTemplate,36,14,Rule-HTML-Harness | Rule-HTML-Section
pyRepeatSourceType,36,14,Rule-HTML-Harness | Rule-HTML-Section
pyRowSelected,36,18,Rule-Obj-Activity
pyUseAlternateDB,36,36,Rule-Obj-Activity | Rule-Obj-Report-Definition
pyFormatTypeActionable,35,18,Rule-HTML-Harness | Rule-HTML-Section
pyArea,34,34,Rule-Obj-Report-Definition
pyAssociations,34,34,Rule-Obj-Report-Definition
pyAxisCurrencySymbol,34,34,Rule-Obj-Report-Definition
pyAxisDateTimeFormat,34,34,Rule-Obj-Report-Definition
pyAxisDateTimeInput,34,34,Rule-Obj-Report-Definition
pyAxisDecimalSeperator,34,34,Rule-Obj-Report-Definition
pyAxisNegativeSign,34,34,Rule-Obj-Report-Definition
pyAxisPrecision,34,34,Rule-Obj-Report-Definition
pyAxisThouSeperator,34,34,Rule-Obj-Report-Definition
pyBackgroundColor,34,34,Rule-Obj-Report-Definition
pyBar,34,34,Rule-Obj-Report-Definition
pyBody,34,34,Rule-Obj-Report-Definition
pyBorderAlpha,34,34,Rule-Obj-Report-Definition
pyBorderThickness,34,34,Rule-Obj-Report-Definition
pyBubble,34,34,Rule-Obj-Report-Definition
pyButtonList,34,34,Rule-Obj-Report-Definition
pyCategoryAxis,34,34,Rule-Obj-Report-Definition
pyChartOutputType,34,34,Rule-Obj-Report-Definition
pyColumn,34,34,Rule-Obj-Report-Definition
pyContentPageName,34,34,Rule-Obj-Report-Definition
pyContentSource,34,34,Rule-Obj-Report-Definition
pyCoverAlpha,34,34,Rule-Obj-Report-Definition
pyCoverRadius,34,34,Rule-Obj-Report-Definition
pyCustomFiltering,34,34,Rule-Obj-Report-Definition
pyCustomGroupingEnabled,34,34,Rule-Obj-Report-Definition
pyCustomRowEnabled,34,34,Rule-Obj-Report-Definition
pyDataAxisList,34,34,Rule-Obj-Report-Definition
pyDesignModeActualResults,34,34,Rule-Obj-Report-Definition
pyDisplayCommandMenu,34,34,Rule-Obj-Report-Definition
pyDisplayCommandRibbon,34,34,Rule-Obj-Report-Definition
pyDisplayReportHeader,34,34,Rule-Obj-Report-Definition
pyDoNotUseSortOrderForGrouping,34,34,Rule-Obj-Report-Definition
pyDrillDown,34,34,Rule-Obj-Report-Definition
pyDrillDownReportName,34,34,Rule-Obj-Report-Definition
pyDropShadow,34,34,Rule-Obj-Report-Definition
pyEnable2D3D,34,34,Rule-Obj-Report-Definition
pyEnableAddFilters,34,34,Rule-Obj-Report-Definition
pyEnableAdvancedFiltering,34,34,Rule-Obj-Report-Definition
pyEnableAppendColumn,34,34,Rule-Obj-Report-Definition
pyEnableChart,34,34,Rule-Obj-Report-Definition
pyEnableConvertToList,34,34,Rule-Obj-Report-Definition
pyEnableCustomFiltering,34,34,Rule-Obj-Report-Definition
pyEnableEditChart,34,34,Rule-Obj-Report-Definition
pyEnableEditColumns,34,34,Rule-Obj-Report-Definition
pyEnableEditReportTitle,34,34,Rule-Obj-Report-Definition
pyEnableEditing,34,34,Rule-Obj-Report-Definition
pyEnableExportToExcel,34,34,Rule-Obj-Report-Definition
pyEnableExportToPDF,34,34,Rule-Obj-Report-Definition
pyEnableFilters,34,34,Rule-Obj-Report-Definition
pyEnablePrint,34,34,Rule-Obj-Report-Definition
pyEnableSave,34,34,Rule-Obj-Report-Definition
pyEnableSaveAs,34,34,Rule-Obj-Report-Definition
pyEnableSummarize,34,34,Rule-Obj-Report-Definition
pyEventList,34,34,Rule-Obj-Report-Definition
pyExpandAllGroupBy,34,34,Rule-Obj-Report-Definition
pyExplodeRadius,34,34,Rule-Obj-Report-Definition
pyExportGroupingToExcel,34,34,Rule-Obj-Report-Definition
pyFields,34,34,Rule-Obj-Report-Definition
pyFixedHeader,34,34,Rule-Obj-Report-Definition
pyGauge,34,34,Rule-Obj-Report-Definition
pyGetCachedDistinctValues,34,34,Rule-Obj-Report-Definition
pyGraphType,34,34,Rule-Obj-Report-Definition
pyGroupAxis,34,34,Rule-Obj-Report-Definition
pyGroupAxisList,34,34,Rule-Obj-Report-Definition
pyGroupingEnabled,34,34,Rule-Obj-Report-Definition
pyGroupingSortNumber,34,34,Rule-Obj-Report-Definition
pyHavingFilters,34,34,Rule-Obj-Report-Definition
pyHeader,34,34,Rule-Obj-Report-Definition
pyHeaderDisplay,34,34,Rule-Obj-Report-Definition
pyIgnoreFormattingExcelExport,34,34,Rule-Obj-Report-Definition
pyIgnoreFormattingPDFExport,34,34,Rule-Obj-Report-Definition
pyIgnoreSkinPDFExport,34,34,Rule-Obj-Report-Definition
pyIndexInfo,34,34,Rule-Obj-Report-Definition
pyInnerRadius,34,34,Rule-Obj-Report-Definition
pyInterpolateValues,34,34,Rule-Obj-Report-Definition
pyIs3D,34,34,Rule-Obj-Report-Definition
pyIsCertified,34,34,Rule-Obj-Report-Definition
pyLabelEnabled,34,34,Rule-Obj-Report-Definition
pyLabelField,34,34,Rule-Obj-Report-Definition
pyLabelNameField,34,34,Rule-Obj-Report-Definition
pyLabelPercent,34,34,Rule-Obj-Report-Definition
pyLegendDirection,34,34,Rule-Obj-Report-Definition
pyLegendEnable,34,34,Rule-Obj-Report-Definition
pyLegendPlacement,34,34,Rule-Obj-Report-Definition
pyLine,34,34,Rule-Obj-Report-Definition
pyLineWeight,34,34,Rule-Obj-Report-Definition
pyListFields,34,34,Rule-Obj-Report-Definition
pyMajorTickLength,34,34,Rule-Obj-Report-Definition
pyMajorTickThickness,34,34,Rule-Obj-Report-Definition
pyMajorTicks,34,34,Rule-Obj-Report-Definition
pyMax,34,34,Rule-Obj-Report-Definition
pyMaxBarWidth,34,34,Rule-Obj-Report-Definition
pyMaxColWidth,34,34,Rule-Obj-Report-Definition
pyMaxSubTypeIcons,34,34,Rule-Obj-Report-Definition
pyMinorTickLength,34,34,Rule-Obj-Report-Definition
pyMinorTickThickness,34,34,Rule-Obj-Report-Definition
pyMinorTicks,34,34,Rule-Obj-Report-Definition
pyMissingsAsZero,34,34,Rule-Obj-Report-Definition
pyNameFieldHTMLParams,34,34,Rule-Obj-Report-Definition
pyNeedleAlpha,34,34,Rule-Obj-Report-Definition
pyNeedleBaseWidth,34,34,Rule-Obj-Report-Definition
pyNeedleThickness,34,34,Rule-Obj-Report-Definition
pyNeedleTopWidth,34,34,Rule-Obj-Report-Definition
pyOptionsToEdit,34,34,Rule-Obj-Report-Definition
pyPaging,34,34,Rule-Obj-Report-Definition
pyPagingParams,34,34,Rule-Obj-Report-Definition
pyParamType,34,21,Rule-HTML-Harness | Rule-HTML-Section | Rule-Obj-FlowAction
pyPartitionType,34,34,Rule-Obj-Report-Definition
pyPie,34,34,Rule-Obj-Report-Definition
pyPromptForFilters,34,34,Rule-Obj-Report-Definition
pyPromptPageName,34,34,Rule-Obj-Report-Definition
pyPromptSectionParams,34,34,Rule-Obj-Report-Definition
pyQueryTimeoutValue,34,34,Rule-Obj-Report-Definition
pyRankUIField,34,34,Rule-Obj-Report-Definition
pyReportMetaData,34,34,Rule-Obj-Report-Definition
pyReportRank,34,34,Rule-Obj-Report-Definition
pyReportTitle,34,34,Rule-Obj-Report-Definition
pyReportToolbarOptions,34,34,Rule-Obj-Report-Definition
pyReportingDbDropdown,34,34,Rule-Obj-Report-Definition
pyShowAllGridLines,34,34,Rule-Obj-Report-Definition
pyShowAllLabelsMS,34,34,Rule-Obj-Report-Definition
pyShowAllLabelsSS,34,34,Rule-Obj-Report-Definition
pyShowDataOnly,34,34,Rule-Obj-Report-Definition
pyShowDataTips,34,34,Rule-Obj-Report-Definition
pyShowMaxButton,34,34,Rule-Obj-Report-Definition
pyShowNewWindow,34,34,Rule-Obj-Report-Definition
pyShowSVButton,34,34,Rule-Obj-Report-Definition
pyShowUnExposedProperties,34,34,Rule-Obj-Report-Definition
pyShowValue,34,34,Rule-Obj-Report-Definition
pySingleClickSInfo,34,34,Rule-Obj-Report-Definition
pySize,34,34,Rule-Obj-Report-Definition
pySliderEnabled,34,34,Rule-Obj-Report-Definition
pySliderGroupCount,34,34,Rule-Obj-Report-Definition
pySliderWidth,34,34,Rule-Obj-Report-Definition
pySmartInfo,34,34,Rule-Obj-Report-Definition
pySmartInfoHeader,34,34,Rule-Obj-Report-Definition
pySpreadSheetStyle,34,34,Rule-Obj-Report-Definition
pySubChartIndex,34,34,Rule-Obj-Report-Definition
pySubGrpAxisHTMLParams,34,34,Rule-Obj-Report-Definition
pySubType,34,34,Rule-Obj-Report-Definition
pySwapSeries,34,34,Rule-Obj-Report-Definition
pyTickLocation,34,34,Rule-Obj-Report-Definition
pyTimeOut,34,34,Rule-Obj-Report-Definition
pyTitleEnabled,34,34,Rule-Obj-Report-Definition
pyUIFields,34,34,Rule-Obj-Report-Definition
pyUIFilters,34,34,Rule-Obj-Report-Definition
pyUniformMinor,34,34,Rule-Obj-Report-Definition
pyUseAlternateDb,34,34,Rule-Obj-Report-Definition
pyUseColorRanges,34,34,Rule-Obj-Report-Definition
pyUseFusionChart,34,34,Rule-Obj-Report-Definition
pyUseSolidColorsFor2D,34,34,Rule-Obj-Report-Definition
pyUseV6Chart,34,34,Rule-Obj-Report-Definition
pyUserInteractions,34,34,Rule-Obj-Report-Definition
pyValueIndex,34,34,Rule-Obj-Report-Definition
pyValueOfChart,34,34,Rule-Obj-Report-Definition
pyXY,34,34,Rule-Obj-Report-Definition
pzDisplayFilterPrompt,34,34,Rule-Obj-Report-Definition
pzDrillDownFilters,34,34,Rule-Obj-Report-Definition
pzIsSummary,34,34,Rule-Obj-Report-Definition
pzReportExpressHideEditButton,34,34,Rule-Obj-Report-Definition
TreatyDescID,32,11,Rule-HTML-Section
TreatyGroupID,32,11,Rule-HTML-Section
TreatyYear,32,11,Rule-HTML-Section
pyBoolFlag,30,16,Rule-Obj-Activity
pyCompany,30,16,Rule-Obj-Activity
pyCustomLoadActivityClass,30,25,Rule-HTML-Harness | Rule-HTML-Section
pyLoadActivity,30,25,Rule-HTML-Harness | Rule-HTML-Section
pyMaxSortOrder,30,25,Rule-HTML-Harness | Rule-HTML-Section
pyPageIndex,28,28,Rule-Obj-Report-Definition
pyReturnTotalResultCount,28,28,Rule-Obj-Report-Definition
pyUseJavaScript,28,28,Rule-Obj-Report-Definition
pzChartAllowed,28,28,Rule-Obj-Report-Definition
pyFooterType,27,9,Rule-HTML-Harness
pyReportClass,27,19,Rule-Obj-Activity
pyReportName,27,19,Rule-Obj-Activity
pyMaxDocs,26,13,Rule-HTML-Harness | Rule-HTML-Section
pyThreadName,26,13,Rule-HTML-Harness | Rule-HTML-Section
pyUsingThread,26,13,Rule-HTML-Harness | Rule-HTML-Section
pyApplicationContextMode,25,17,Rule-Obj-Activity
pyApplicationName,25,17,Rule-Obj-Activity
pyApplicationVersion,25,17,Rule-Obj-Activity
pyElements,25,1,Rule-Navigation
pyReportDisplay,25,17,Rule-Obj-Activity
ID,24,15,Rule-HTML-Harness | Rule-HTML-Section | Rule-Obj-Activity | Rule-Obj-FlowAction
convertedNav,24,1,Rule-Navigation
pyAdditional,24,1,Rule-Navigation
pyBadgeFormat,24,1,Rule-Navigation
pyBadgeType,24,1,Rule-Navigation
pyCaptionPrompt,24,1,Rule-Navigation
pyCaptionPrompt2Type,24,1,Rule-Navigation
pyCaptionPrompt3Type,24,1,Rule-Navigation
pyCaptionPromptType,24,1,Rule-Navigation
pyContextAPI,24,1,Rule-Navigation
pyDeferLoad,24,1,Rule-Navigation
pyDescriptionType,24,1,Rule-Navigation
pyElementRef,24,1,Rule-Navigation
pyEnable,24,1,Rule-Navigation
pyExecute,24,1,Rule-Navigation
pyImageLabelType,24,1,Rule-Navigation
pyImageType,24,1,Rule-Navigation
pyLabelType,24,1,Rule-Navigation
pyOpenRulePropertyBaseclass,24,1,Rule-Navigation
pyPromptCommandDisplay,24,1,Rule-Navigation
pyRadioCheckType,24,1,Rule-Navigation
pyToolTipType,24,1,Rule-Navigation
pyVisibleForPrivilege,24,1,Rule-Navigation
DataTransform,23,22,Rule-Obj-Activity
PassParameterPage,23,22,Rule-Obj-Activity
pyIsStretchTabsEnabled,23,16,Rule-HTML-Harness | Rule-HTML-Section
pyRegionType,22,16,Rule-HTML-Harness | Rule-HTML-Section | Rule-Obj-FlowAction
type,22,12,Rule-Obj-Activity
SkipVisibility,21,21,Rule-Obj-Activity
pyActionListValid,21,1,Rule-Navigation
pyAdvancedConditionsBaseclass,21,1,Rule-Navigation
pyTabGroupMeta,21,15,Rule-HTML-Harness | Rule-HTML-Section
index,20,12,Rule-Obj-Activity
pyEnableAddNewField,20,20,Rule-Obj-Activity | Rule-Obj-Model
pyFilterUICaption,20,4,Rule-Obj-Report-Definition
pyLeft,20,6,Rule-HTML-Harness | Rule-HTML-Section
pyLocationBar,20,6,Rule-HTML-Harness | Rule-HTML-Section
pyMenubar,20,6,Rule-HTML-Harness | Rule-HTML-Section
pyNoEncodingUrl,20,6,Rule-HTML-Harness | Rule-HTML-Section
pyOptions,20,6,Rule-HTML-Harness | Rule-HTML-Section
pyParameterName,20,2,Rule-Connect-REST
pyProperty,20,10,Rule-Declare-DecisionTable | Rule-HTML-Harness | Rule-HTML-Section
pyQueryString,20,6,Rule-HTML-Harness | Rule-HTML-Section
pyReplace,20,6,Rule-HTML-Harness | Rule-HTML-Section
pyResizable,20,6,Rule-HTML-Harness | Rule-HTML-Section
pyScrollbars,20,6,Rule-HTML-Harness | Rule-HTML-Section
pyStatusbar,20,6,Rule-HTML-Harness | Rule-HTML-Section
pyToolbar,20,6,Rule-HTML-Harness | Rule-HTML-Section
pyTop,20,6,Rule-HTML-Harness | Rule-HTML-Section
pyUseAlternateUrlBase,20,6,Rule-HTML-Harness | Rule-HTML-Section
pyUsePrimaryPage,20,6,Rule-HTML-Harness | Rule-HTML-Section
sts,20,12,Rule-Obj-Activity
pyV2,19,19,Rule-Connect-SQL | Rule-HTML-Harness | Rule-HTML-Section | Rule-Obj-Activity | Rule-Obj-Model
pyMinHeight,18,11,Rule-HTML-Harness | Rule-HTML-Section
pyUseFastJSONProcessing,18,2,Rule-Connect-REST
pyWhenChange,18,18,Rule-Declare-DecisionTable | Rule-Obj-Model | Rule-Obj-When
pyDTParams,17,17,Rule-HTML-Harness | Rule-HTML-Section
pyParams,17,17,Rule-HTML-Harness | Rule-HTML-Section
pyScriptsAndBundles,17,9,Rule-HTML-Harness
Ceding,16,8,Rule-HTML-Harness | Rule-HTML-Section
CedingID,16,8,Rule-HTML-Harness | Rule-HTML-Section
Commencement,16,8,Rule-HTML-Harness | Rule-HTML-Section
LeadingReinsSource,16,8,Rule-HTML-Harness | Rule-HTML-Section
LeadingReinsSourceID,16,8,Rule-HTML-Harness | Rule-HTML-Section
PositionUsername,16,8,Rule-HTML-Harness | Rule-HTML-Section
ProportionType,16,8,Rule-HTML-Harness | Rule-HTML-Section
StatusAkseptasi,16,8,Rule-HTML-Harness | Rule-HTML-Section
Termination,16,8,Rule-HTML-Harness | Rule-HTML-Section
TreatyContractName,16,8,Rule-HTML-Harness | Rule-HTML-Section
pyIndexOption,16,8,Rule-HTML-Harness | Rule-HTML-Section
pyNewMessage,16,4,Rule-Obj-When
pyRegions,16,16,Rule-HTML-Harness | Rule-HTML-Section | Rule-Obj-FlowAction
pyRowRefreshIndex,16,8,Rule-HTML-Harness | Rule-HTML-Section
pyUrlBase,16,4,Rule-HTML-Harness | Rule-HTML-Section
Add,15,15,Rule-Obj-Activity
bypasscondition,15,15,Rule-Obj-Activity
pyDataPageParams,15,15,Rule-HTML-Harness | Rule-HTML-Section
pyResize,15,9,Rule-HTML-Harness
pzRuleCallParams,15,15,Rule-HTML-Harness | Rule-HTML-Section | Rule-Obj-FlowAction
PageName,14,14,Rule-Obj-Activity
pyCallParams,14,6,Rule-Obj-FlowAction | Rule-Obj-When
pyViewModelActivity,14,14,Rule-Obj-FlowAction
pyViewReference,14,14,Rule-Obj-FlowAction
pyWrapBefore,14,13,Rule-HTML-Harness | Rule-HTML-Section
pzLayout_BodyVisibility_Fields,14,13,Rule-HTML-Harness | Rule-HTML-Section
pyBaseClass,13,4,Rule-Obj-When
pyCity,13,4,Rule-Obj-When
pyConditionFieldName,13,4,Rule-Obj-When
pyConditionLabel,13,4,Rule-Obj-When
pyConditionOperation,13,4,Rule-Obj-When
pyConditionValue1,13,4,Rule-Obj-When
pyConditionValue1Purpose,13,4,Rule-Obj-When
pyConditionValue1String,13,4,Rule-Obj-When
pyConditionValue1StringLabel,13,4,Rule-Obj-When
pyEcho,13,4,Rule-Obj-When
pyFunctionData,13,4,Rule-Obj-When
pyIsFramed,13,13,Rule-HTML-Harness | Rule-HTML-Section
pyReturnType,13,4,Rule-Obj-When
pySignature,13,4,Rule-Obj-When
pyUIParameters,13,4,Rule-Obj-When
pzLayout_DataPageParams,13,13,Rule-HTML-Harness | Rule-HTML-Section
pzLayout_VisibleWhen_Fields,13,13,Rule-HTML-Harness | Rule-HTML-Section
ChildCount,12,6,Rule-HTML-Section
ClientName,12,6,Rule-HTML-Section
Comment,12,12,Rule-Obj-Activity
GetRowKey,12,12,Rule-Obj-Activity
Info,12,12,Rule-Obj-Activity
IsUpdate,12,10,Rule-Obj-Activity
Logic,12,12,Rule-Obj-Activity
ObjClass,12,12,Rule-Obj-Activity
Revision,12,12,Rule-Obj-Activity
RowKey,12,12,Rule-Obj-Activity
UseLightWeightList,12,12,Rule-Obj-Activity
pyCondValueCategory,12,3,Rule-Obj-When
pyCount,12,8,Rule-Obj-Activity
pyDTName,12,8,Rule-HTML-Harness | Rule-HTML-Section
pyListPreActivity,12,8,Rule-HTML-Harness | Rule-HTML-Section
pyOrientation,12,12,Rule-HTML-Harness | Rule-HTML-Section
pyScore,12,8,Rule-Obj-Activity
pyTaskID,12,12,Rule-HTML-Section | Rule-Obj-Activity | Rule-Obj-When
pyToggleTraditionalAuthoring,12,12,Rule-HTML-Harness | Rule-HTML-Section
pyUpdateSourceContext,12,10,Rule-Obj-Model
pyShowUpdating,11,11,Rule-HTML-Section
ImageID,10,9,Rule-Obj-Activity
indexShare,10,8,Rule-Obj-Activity
pxServerReqURI,10,10,Rule-Declare-DecisionTable | Rule-HTML-Section | Rule-Obj-Activity | Rule-Obj-When
pySetting,10,2,Rule-Admin-System-Settings
pyShowValueAs,10,10,Rule-HTML-Harness | Rule-HTML-Section
pyTempDate,10,6,Rule-Obj-Activity
pyTempDouble,10,6,Rule-Obj-Activity
comment,9,9,Rule-Obj-Activity
info,9,9,Rule-Obj-Activity
pyAlwaysShowPageLevelErrors,9,9,Rule-HTML-Harness
pyCheckAccessibility,9,9,Rule-HTML-Harness
pyCreateSkeleton,9,9,Rule-HTML-Harness
pyCustomErrorSection,9,9,Rule-HTML-Harness
pyDocMode,9,9,Rule-HTML-Harness
pyEnableTemplate,9,9,Rule-HTML-Harness
pyFieldError,9,9,Rule-HTML-Harness
pyFooterActions,9,9,Rule-HTML-Harness
pyFormError,9,9,Rule-HTML-Harness
pyFrameStream,9,9,Rule-HTML-Harness
pyGenerateUsedCSS,9,9,Rule-HTML-Harness
pyHarnessId,9,9,Rule-HTML-Harness
pyHarnessVisibilityOption,9,9,Rule-HTML-Harness
pyHeaderActions,9,9,Rule-HTML-Harness
pyIgnoreDirty,9,9,Rule-HTML-Harness
pyIsCategoryWorkarea,9,9,Rule-HTML-Harness
pyKeepFixedVisible,9,9,Rule-HTML-Harness
pyLayoutType,9,9,Rule-HTML-Harness
pyMeta,9,9,Rule-HTML-Harness
pyMetaOther,9,9,Rule-HTML-Harness
pyMobileNavName,9,9,Rule-HTML-Harness
pyOldStyleSheets,9,9,Rule-HTML-Harness
pyPageFooterType,9,9,Rule-HTML-Harness
pyPageHeaderType,9,9,Rule-HTML-Harness
pyPortalAlign,9,9,Rule-HTML-Harness
pyPortalInlineClass,9,9,Rule-HTML-Harness
pyPortalInlineStyle,9,9,Rule-HTML-Harness
pyPortalLayoutMode,9,9,Rule-HTML-Harness
pyPortalUnit,9,9,Rule-HTML-Harness
pyPortalWidth,9,9,Rule-HTML-Harness
pyScreenLayoutTemplate,9,9,Rule-HTML-Harness
pyScreenLayoutType,9,9,Rule-HTML-Harness
pyScroll,9,9,Rule-HTML-Harness
pySectionIncludeHeight,9,9,Rule-HTML-Harness
pyShowContainerIcons,9,9,Rule-HTML-Harness
pyShowHasPrivilegeMessage,9,9,Rule-HTML-Harness
pySkeletonSectionName,9,9,Rule-HTML-Harness
pyStandardButtons,9,9,Rule-HTML-Harness
pyStyleSheetName,9,9,Rule-HTML-Harness
pyStyleSheets,9,9,Rule-HTML-Harness
pyUseMinWidth,9,9,Rule-HTML-Harness
pyUsedocType,9,9,Rule-HTML-Harness
pyshowContainerIcons,9,9,Rule-HTML-Harness
pzHasModeLiteral,9,9,Rule-HTML-Harness
CaseID,8,8,Rule-HTML-Harness | Rule-HTML-Section
Durasi,8,7,Rule-Obj-Activity
LinkRefFrom,8,8,Rule-HTML-Harness | Rule-HTML-Section
StatusActive,8,4,Rule-HTML-Section
Type1,8,4,Rule-HTML-Section
Type2,8,4,Rule-HTML-Section
add,8,4,Rule-Obj-Activity
autocalculate,8,4,Rule-Obj-Activity
kindoftreaty,8,4,Rule-Obj-Activity
pyAllowApproximation,8,4,Rule-Obj-Report-Definition
pyJoinClassName,8,4,Rule-Obj-Report-Definition
pyJoinType,8,4,Rule-Obj-Report-Definition
pySubReportFrom,8,8,Rule-Obj-Report-Definition
pyTaskGroup,8,6,Rule-HTML-Section | Rule-Obj-FlowAction | Rule-Obj-When
pyDesignatedClass,7,5,Rule-Declare-DecisionTable | Rule-Obj-When
pyDesignatedClassPath,7,5,Rule-Declare-DecisionTable | Rule-Obj-When
pyDesignatedProperty,7,5,Rule-Declare-DecisionTable | Rule-Obj-When
pyNestedConditions,7,4,Rule-Obj-When
pyTempPromptClass,7,7,Rule-HTML-Harness | Rule-HTML-Section
pyUnmodifiedPath,7,5,Rule-Declare-DecisionTable | Rule-Obj-When
pzAvailabilityNotSet,7,6,Rule-HTML-Section | Rule-Obj-FlowAction | Rule-Obj-Report-Definition
pzReindex,7,7,Rule-Obj-Activity | Rule-Obj-Model
EndPointURL,6,6,Rule-Obj-Activity
ExecutionMode,6,6,Rule-Obj-Activity
ExecutionPriority,6,6,Rule-Obj-Activity
Kategori_1,6,6,Rule-Obj-Activity
Kategori_2,6,6,Rule-Obj-Activity
MethodName,6,6,Rule-Obj-Activity
Operation,6,6,Rule-Obj-Activity
Parameter,6,6,Rule-Obj-Activity
ServiceName,6,6,Rule-Obj-Activity
TreatyType,6,6,Rule-Obj-Activity
Type,6,6,Rule-Obj-Activity
pyAccessGroup,6,6,Rule-HTML-Harness | Rule-HTML-Section
pyAddAsFavoriteTo,6,6,Rule-HTML-Harness | Rule-HTML-Section
pyAllowedToEditValues,6,2,Rule-Declare-DecisionTable
pyAssignedOperator,6,6,Rule-HTML-Harness | Rule-HTML-Section
pyBaseRuleHolder,6,5,Rule-HTML-Section | Rule-Obj-Activity | Rule-Obj-FlowAction
pyCustomFieldFileKey,6,6,Rule-Obj-Activity | Rule-Obj-FlowAction
pyCustomFieldName,6,6,Rule-Obj-Activity | Rule-Obj-FlowAction
pyCustomFieldRuleSet,6,6,Rule-Obj-Activity | Rule-Obj-FlowAction
pyCustomFieldRuleSetVersion,6,6,Rule-Obj-Activity | Rule-Obj-FlowAction
pyCustomFieldValue,6,6,Rule-Obj-Activity | Rule-Obj-FlowAction
pyEchoParametersParamValue,6,2,Rule-Obj-When
pyIsCustomFieldExists,6,6,Rule-Obj-Activity | Rule-Obj-FlowAction
pyIsExistingFile,6,6,Rule-Obj-Activity | Rule-Obj-FlowAction
pyNoOpenRuleSetForCustomFields,6,6,Rule-Obj-Activity | Rule-Obj-FlowAction
pyPropertyToHoldTheFilename,6,6,Rule-Obj-Activity | Rule-Obj-FlowAction
pyRuleVersionSelected,6,6,Rule-HTML-Harness | Rule-HTML-Section
pyTypesOfCustomFields,6,6,Rule-Obj-Activity | Rule-Obj-FlowAction
pyUILabel,6,6,Rule-HTML-Harness | Rule-HTML-Section
viewstate,6,5,Rule-Obj-Activity
Url,5,5,Rule-Obj-Activity
pxInstanceLockedSaveDateTime,5,2,Rule-HTML-Harness | Rule-HTML-Section
pyAddPageContext,5,3,Rule-Declare-DecisionTable | Rule-Obj-When
pyFromClasses,5,5,Rule-Obj-Report-Definition
pyProjectID,5,4,Rule-HTML-Section | Rule-Obj-When
pyPurpose,5,5,Rule-Admin-System-Settings | Rule-Declare-DecisionTable | Rule-Navigation
pzPropertyType,5,1,Rule-Obj-Report-Definition
ClassOfPage,4,4,Rule-Obj-Activity
IdxShare,4,4,Rule-Obj-Activity
RMHeaderAction,4,3,Rule-HTML-Section | Rule-Obj-FlowAction
RuleFormHistory_CustomFields,4,3,Rule-HTML-Section | Rule-Obj-FlowAction
RuleFormHistory_Description,4,3,Rule-HTML-Section | Rule-Obj-FlowAction
RuleFormSettings,4,3,Rule-HTML-Section | Rule-Obj-FlowAction
SplitRNMShare,4,4,Rule-Obj-Activity
expression,4,4,Rule-Obj-When
filename,4,4,Rule-HTML-Harness | Rule-HTML-Section
mimetype,4,4,Rule-HTML-Harness | Rule-HTML-Section
pxCurrentTab,4,4,Rule-Obj-When
pxJustifiedWarningCount,4,3,Rule-HTML-Section | Rule-Obj-FlowAction
pxRuleOpenedInPopUp,4,3,Rule-HTML-Section
pyAllowedFunctions,4,4,Rule-Obj-When
pyApprovalClass,4,2,Rule-HTML-Harness | Rule-HTML-Section
pyBlockName,4,4,Rule-Obj-When
pyColumnRestrictions,4,2,Rule-Declare-DecisionTable
pyConditionClass,4,4,Rule-Obj-When
pyConditionCtnrClass,4,4,Rule-Obj-When
pyConditionString,4,4,Rule-Obj-When
pyConditionViewer,4,4,Rule-Obj-When
pyDesignTemplateIcon,4,4,Rule-Obj-FlowAction
pyDesignTemplateInsName,4,4,Rule-Obj-FlowAction
pyDesignTemplateLabel,4,4,Rule-Obj-FlowAction
pyDesignTemplateName,4,4,Rule-Obj-FlowAction
pyDirtyModalCon,4,3,Rule-HTML-Section | Rule-Obj-FlowAction
pyDisplayPropertyLabels,4,4,Rule-Obj-When
pyForceUseStandardDB,4,4,Rule-Obj-Report-Definition
pyHasAccess,4,2,Rule-Declare-DecisionTable
pyHideRegionWhenEmpty,4,4,Rule-Obj-FlowAction
pyIconStyle,4,4,Rule-HTML-Harness | Rule-HTML-Section
pyIsLegacyMode,4,4,Rule-Obj-When
pyKey,4,2,Rule-HTML-Section
pyLocatePageActivity,4,4,Rule-Obj-When
pyLogicalOperator,4,4,Rule-Obj-When
pyMapFrom,4,2,Rule-Connect-REST
pyMapFromKey,4,2,Rule-Connect-REST
pyPageName,4,3,Rule-HTML-Section | Rule-Obj-Activity
pyProjectIDLabel,4,3,Rule-HTML-Section
pyPropertyLabel,4,2,Rule-Declare-DecisionTable
pyRegionPath,4,4,Rule-Obj-FlowAction
pyRuleDirty,4,4,Rule-Obj-When
pyRuleView,4,4,Rule-Obj-When
pySimpleCondition,4,4,Rule-Obj-When
pySkipBackwardChaining,4,4,Rule-Obj-When
pySplitPDFExport,4,4,Rule-Obj-Report-Definition
pySplitTableWithPageBreak,4,4,Rule-Obj-Report-Definition
pyVersion,4,4,Rule-Obj-When
pyVersionRequiresApproval,4,2,Rule-HTML-Harness | Rule-HTML-Section
pzAddRuleFormHistoryCustomFields,4,3,Rule-HTML-Section | Rule-Obj-FlowAction
pzApplyToPromptPegaDeveloper,4,3,Rule-HTML-Section | Rule-Obj-FlowAction
pzChangeRuleset,4,3,Rule-HTML-Section | Rule-Obj-FlowAction
pzRAApplication,4,3,Rule-HTML-Section | Rule-Obj-FlowAction
pzRAAppliesTo,4,3,Rule-HTML-Section | Rule-Obj-FlowAction
pzRABranchSelection,4,3,Rule-HTML-Section | Rule-Obj-FlowAction
pzRARecordConfiguration,4,3,Rule-HTML-Section | Rule-Obj-FlowAction
pzRARecordContext,4,3,Rule-HTML-Section | Rule-Obj-FlowAction
pzRARulePrefix,4,3,Rule-HTML-Section | Rule-Obj-FlowAction
pzRuleFormErrorHeader,4,3,Rule-HTML-Section | Rule-Obj-FlowAction
pzRuleFormKeysAndDescription,4,3,Rule-HTML-Section | Rule-Obj-FlowAction
pzRuleFormRuleset,4,3,Rule-HTML-Section | Rule-Obj-FlowAction
pzRuleFormStatus,4,3,Rule-HTML-Section | Rule-Obj-FlowAction
pzRuleFormToolbar,4,3,Rule-HTML-Section | Rule-Obj-FlowAction
pzRuleFormToolbarCheckin,4,3,Rule-HTML-Section | Rule-Obj-FlowAction
pzRuleFormToolbarCheckout,4,3,Rule-HTML-Section | Rule-Obj-FlowAction
pzRuleFormToolbarDelete,4,3,Rule-HTML-Section | Rule-Obj-FlowAction
pzRuleFormToolbarHotKeys,4,3,Rule-HTML-Section | Rule-Obj-FlowAction
pzRuleFormToolbarLockedIcon,4,3,Rule-HTML-Section | Rule-Obj-FlowAction
pzRuleFormToolbarSave,4,3,Rule-HTML-Section | Rule-Obj-FlowAction
pzRuleFormToolbarSaveAs,4,3,Rule-HTML-Section | Rule-Obj-FlowAction
pzRuleFormWarningsHeader,4,3,Rule-HTML-Section | Rule-Obj-FlowAction
stream,4,4,Rule-HTML-Harness | Rule-HTML-Section
Ext,3,3,Rule-Obj-Activity
Folder,3,3,Rule-Obj-Activity
Image,3,3,Rule-Obj-Activity
Namafile,3,3,Rule-Obj-Activity
pxErrors,3,3,Rule-Obj-Activity | Rule-Obj-Report-Definition
pxPrimaryPageName,3,3,Rule-Obj-Activity | Rule-Obj-Report-Definition
pyEmbeddedListView,3,3,Rule-HTML-Harness
pyInterfaceHolder,3,3,Rule-HTML-Section | Rule-Obj-FlowAction
pyPageListPos,3,3,Rule-Obj-When
pyPreActivityMapperResult,3,3,Rule-HTML-Section
pyUserAction,3,3,Rule-Obj-When
AllowMissingProperties,2,2,Rule-Obj-Activity
DecisionTableName,2,2,Rule-Obj-Activity
DownloadFile,2,2,Rule-Obj-Activity
FSFileName,2,2,Rule-Obj-Activity
Installment,2,2,Rule-Obj-Activity
LocaleCode,2,2,Rule-Obj-Activity
PZ__ERROR,2,1,Rule-Obj-Activity
PageListProperty,2,2,Rule-Obj-Activity
PageNewName,2,2,Rule-Obj-Activity
PropertyName,2,2,Rule-Obj-Activity
ResultsClass,2,2,Rule-Obj-Activity
Sementara,2,2,Rule-Obj-FlowAction
TemplateRFB,2,2,Rule-Obj-Activity
category,2,2,Rule-Obj-Activity
idxLimit,2,2,Rule-Obj-Activity
pyACAssocName,2,2,Rule-Obj-Report-Definition
pyActionData,2,2,Rule-Connect-REST
pyActionDataPageGroup,2,2,Rule-Connect-REST
pyAdditionalDependencies,2,2,Rule-Declare-DecisionTable
pyAllowedResultsProperty,2,2,Rule-Declare-DecisionTable
pyAllowedToBuildExpressions,2,2,Rule-Declare-DecisionTable
pyAllowedToBuildExpressionsStr,2,2,Rule-Declare-DecisionTable
pyAllowedToChangeColumns,2,2,Rule-Declare-DecisionTable
pyAllowedToChangeColumnsStr,2,2,Rule-Declare-DecisionTable
pyAllowedToChangePropSets,2,2,Rule-Declare-DecisionTable
pyAllowedToChangePropSetsStr,2,2,Rule-Declare-DecisionTable
pyAllowedToChangeRows,2,2,Rule-Declare-DecisionTable
pyAllowedToChangeRowsStr,2,2,Rule-Declare-DecisionTable
pyAllowedToEditValuesPrivileges,2,2,Rule-Declare-DecisionTable
pyAllowedToLoadResults,2,2,Rule-Declare-DecisionTable
pyAllowedToReturnValues,2,2,Rule-Declare-DecisionTable
pyAllowedToReturnValuesStr,2,2,Rule-Declare-DecisionTable
pyAllowedValue,2,2,Rule-Declare-DecisionTable
pyAllowedValues,2,2,Rule-Declare-DecisionTable
pyAuthProfile,2,2,Rule-Connect-REST
pyAuthProfileSelectionType,2,2,Rule-Connect-REST
pyBaseURLSelectionType,2,2,Rule-Connect-REST
pyBaseURLSetting,2,2,Rule-Connect-REST
pyCategoryName,2,2,Rule-Admin-System-Settings
pyColumnDataType,2,2,Rule-Declare-DecisionTable
pyColumnPreferences,2,2,Rule-Declare-DecisionTable
pyColumns,2,2,Rule-Declare-DecisionTable
pyDELETERequestDataList,2,2,Rule-Connect-REST
pyDELETERequestHeaders,2,2,Rule-Connect-REST
pyDELETERequestParameters,2,2,Rule-Connect-REST
pyDELETEResponseDataList,2,2,Rule-Connect-REST
pyDELETEResponseHeaders,2,2,Rule-Connect-REST
pyDefaultAction,2,2,Rule-Declare-DecisionTable
pyDefaultOperator,2,2,Rule-Declare-DecisionTable
pyDefaultPropertySetOperator,2,2,Rule-Declare-DecisionTable
pyDefaultResult,2,2,Rule-Declare-DecisionTable
pyDefaultResultPropSet,2,2,Rule-Declare-DecisionTable
pyDelegatedRestrictions,2,2,Rule-Declare-DecisionTable
pyDeletedObject,2,1,Rule-HTML-Section
pyDoHarvesting,2,2,Rule-Declare-DecisionTable
pyEditValidate,2,1,Rule-HTML-Section
pyEmbeddedURL,2,2,Rule-Connect-REST
pyEnableLaxRedirect,2,2,Rule-Connect-REST
pyEnvironmentsSettings,2,2,Rule-Connect-REST
pyEvaluateAllRows,2,2,Rule-Declare-DecisionTable
pyEvaluateAllRowsStr,2,2,Rule-Declare-DecisionTable
pyExecutionMode,2,2,Rule-Connect-REST
pyExpandWhen,2,2,Rule-HTML-Harness
pyExpressionBuilder,2,2,Rule-Declare-DecisionTable
pyFalseImage,2,2,Rule-HTML-Section
pyFilePath,2,2,Rule-Declare-DecisionTable
pyFollowRedirects,2,2,Rule-Connect-REST
pyGETRequestHeaders,2,2,Rule-Connect-REST
pyGETRequestParameters,2,2,Rule-Connect-REST
pyGETResponseDataList,2,2,Rule-Connect-REST
pyGETResponseHeaders,2,2,Rule-Connect-REST
pyHasEmbedUrl,2,2,Rule-Connect-REST
pyInitialPropSet,2,2,Rule-Declare-DecisionTable
pyIsAdvancedQueryable,2,2,Rule-Connect-REST
pyIsExpandOption,2,2,Rule-HTML-Harness
pyIsODataQueryable,2,2,Rule-Connect-REST
pyIsSwipeEnabled,2,2,Rule-HTML-Section
pyLogicErrors,2,2,Rule-Declare-DecisionTable
pyMaintainSession,2,2,Rule-Connect-REST
pyMapTo,2,2,Rule-Connect-REST
pyMapToKey,2,2,Rule-Connect-REST
pyMapToKeyPartLeft,2,2,Rule-Connect-REST
pyNote,2,2,Rule-Obj-FlowAction
pyOrCondition,2,2,Rule-Declare-DecisionTable
pyOrConditions,2,2,Rule-Declare-DecisionTable
pyOwner,2,2,Rule-Admin-System-Settings
pyPATCHRequestDataList,2,2,Rule-Connect-REST
pyPATCHRequestHeaders,2,2,Rule-Connect-REST
pyPATCHRequestParameters,2,2,Rule-Connect-REST
pyPATCHResponseDataList,2,2,Rule-Connect-REST
pyPATCHResponseHeaders,2,2,Rule-Connect-REST
pyPOSTRequestData,2,2,Rule-Connect-REST
pyPOSTRequestDataList,2,2,Rule-Connect-REST
pyPOSTRequestHeaders,2,2,Rule-Connect-REST
pyPOSTRequestParameters,2,2,Rule-Connect-REST
pyPOSTResponseDataList,2,2,Rule-Connect-REST
pyPOSTResponseHeaders,2,2,Rule-Connect-REST
pyPUTRequestDataList,2,2,Rule-Connect-REST
pyPUTRequestHeaders,2,2,Rule-Connect-REST
pyPUTRequestParameters,2,2,Rule-Connect-REST
pyPUTResponseDataList,2,2,Rule-Connect-REST
pyPUTResponseHeaders,2,2,Rule-Connect-REST
pyPageContextClass,2,2,Rule-Declare-DecisionTable
pyPagesAndClassesDescription,2,2,Rule-Declare-DecisionTable
pyPagesAndClassesKey,2,2,Rule-Declare-DecisionTable
pyPresent,2,1,Rule-HTML-Harness
pyProductionLevel,2,2,Rule-Admin-System-Settings
pyPropSetDefaultValue,2,2,Rule-Declare-DecisionTable
pyPropertyColumns,2,2,Rule-Declare-DecisionTable
pyPropertySet,2,2,Rule-Declare-DecisionTable
pyPropertyValues,2,2,Rule-Declare-DecisionTable
pyProxyAuthTypeSelection,2,2,Rule-Connect-REST
pyQueryStringParameters,2,2,Rule-Connect-REST
pyQueryTimeoutValueForExport,2,2,Rule-Obj-Report-Definition
pyRESTProxyConfig,2,2,Rule-Connect-REST
pyReadsOrRoutesToExternalSystem,2,2,Rule-Connect-REST
pyRedirectRule,2,2,Rule-Declare-DecisionTable
pyReportPageName,2,2,Rule-Obj-Activity
pyReportParamPageName,2,2,Rule-Obj-Activity
pyResourceNameResolution,2,2,Rule-Connect-REST
pyResourceParameters,2,2,Rule-Connect-REST
pyResourcePathParameters,2,2,Rule-Connect-REST
pyResponseTimeout,2,2,Rule-Connect-REST
pyResults,2,2,Rule-Declare-DecisionTable
pyReturnColumnHasAccess,2,2,Rule-Declare-DecisionTable
pyReturnColumnRestrictions,2,2,Rule-Declare-DecisionTable
pyRowNum,2,2,Rule-Declare-DecisionTable
pyRuleForm,2,1,Rule-HTML-Section
pySSLProtocolVersion,2,2,Rule-Connect-REST
pyServiceName,2,2,Rule-Connect-REST
pySettingMetaData,2,2,Rule-Admin-System-Settings
pySettingViewInLP,2,2,Rule-Admin-System-Settings
pySimulationDetails,2,2,Rule-Connect-REST
pySkipInLP,2,2,Rule-Admin-System-Settings
pySkipSummaryProcessing,2,2,Rule-Obj-Activity
pyStatusMsgProperty,2,2,Rule-Connect-REST
pyStatusValProperty,2,2,Rule-Connect-REST
pySubstituteCircumstanceVal,2,2,Rule-Declare-DecisionTable
pySystemName,2,2,Rule-Declare-DecisionTable
pyTableSizeThreshold,2,2,Rule-Declare-DecisionTable
pyTableSizeThreshold2,2,2,Rule-Declare-DecisionTable
pyToolTip,2,1,Rule-Navigation
pyTrueImage,2,2,Rule-HTML-Section
pyURLEntered,2,2,Rule-Connect-REST
pyUseAuthentication,2,2,Rule-Connect-REST
pyUseProxy,2,2,Rule-Connect-REST
pyUseRange,2,2,Rule-Declare-DecisionTable
pyUseRangeMax,2,2,Rule-Declare-DecisionTable
pyValueType,2,2,Rule-Admin-System-Settings
pyVersionNS,2,2,Rule-Connect-REST
pyWillChange,2,2,Rule-Declare-DecisionTable
pzFALayoutAdvSettings,2,2,Rule-Obj-FlowAction
pzFALayoutBasicAdvSettings,2,2,Rule-Obj-FlowAction
pzIsAllowedResultsPropSetExist,2,2,Rule-Declare-DecisionTable
pzLayout_RefreshPreActivity,2,2,Rule-Obj-FlowAction
pzRuleCallParamsWrapper,2,2,Rule-Obj-FlowAction
pzRuleLockedInfoCheckedOut,2,2,Rule-Obj-FlowAction
pzSimCount,2,2,Rule-Connect-REST
status,2,2,Rule-Obj-Activity
DefaultedCategory,1,1,Rule-HTML-Section
GCNMCategory,1,1,Rule-Obj-Activity
GCNMType,1,1,Rule-Obj-Activity
TopLevelPageErrors,1,1,Rule-HTML-Section
comparator,1,1,Rule-Obj-When
lValue,1,1,Rule-Obj-When
pyAuthInclude,1,1,Rule-HTML-Section
pyAuthenticationProfile,1,1,Rule-HTML-Section
pyAuthorizationClass,1,1,Rule-HTML-Section
pyConditionValue1Html,1,1,Rule-Obj-When
pyConditionValue2,1,1,Rule-Obj-When
pyDisableAdvParamButton,1,1,Rule-HTML-Section
pyIconSource,1,1,Rule-HTML-Section
pyImagePosition,1,1,Rule-HTML-Section
pyImageSize,1,1,Rule-HTML-Section
pyInnerSection,1,1,Rule-HTML-Section
pyLimitValue,1,1,Rule-Obj-Report-Definition
pyLocatePageActivityParameters,1,1,Rule-Obj-When
pyLocatePageExpression,1,1,Rule-Obj-When
pyMaximum,1,1,Rule-Obj-Report-Definition
pyMinimum,1,1,Rule-Obj-Report-Definition
pyNameFormat,1,1,Rule-Obj-Report-Definition
pyNamespace,1,1,Rule-HTML-Harness
pyNavigationType,1,1,Rule-Navigation
pySectionName_TEMP,1,1,Rule-HTML-Section
pySupportsNativeRendering,1,1,Rule-Navigation
pzCell_VisibilityFields,1,1,Rule-HTML-Section
pzEditOptions_Labels,1,1,Rule-HTML-Section
pzEditOptions_ROFields,1,1,Rule-HTML-Section
pzSavedElementPage,1,1,Rule-Navigation
pzSectionPropPanel_Params,1,1,Rule-HTML-Section
pzUnjustifiedWarningList,1,1,Rule-HTML-Section
rValue,1,1,Rule-Obj-When
